Field 'System.Numerics.Vector4 SixLabors.ImageSharp.Formats.Jpeg.Components.Decoder.ColorConverters.JpegColorConverter/Vector4Octet::V3' from '/Users/dawsonblock/unity/My project (7)/Library/PackageCache/com.unity.testtools.codecoverage@19a841221620/lib/ReportGenerator/ReportGeneratorMerged.dll', exception Failed to resolve System.Numerics.Vector4
Field 'System.Numerics.Vector4 SixLabors.ImageSharp.Formats.Jpeg.Components.Decoder.ColorConverters.JpegColorConverter/Vector4Octet::V4' from '/Users/dawsonblock/unity/My project (7)/Library/PackageCache/com.unity.testtools.codecoverage@19a841221620/lib/ReportGenerator/ReportGeneratorMerged.dll', exception Failed to resolve System.Numerics.Vector4
Field 'System.Numerics.Vector4 SixLabors.ImageSharp.Formats.Jpeg.Components.Decoder.ColorConverters.JpegColorConverter/Vector4Octet::V5' from '/Users/dawsonblock/unity/My project (7)/Library/PackageCache/com.unity.testtools.codecoverage@19a841221620/lib/ReportGenerator/ReportGeneratorMerged.dll', exception Failed to resolve System.Numerics.Vector4
Field 'System.Numerics.Vector4 SixLabors.ImageSharp.Formats.Jpeg.Components.Decoder.ColorConverters.JpegColorConverter/Vector4Octet::V6' from '/Users/dawsonblock/unity/My project (7)/Library/PackageCache/com.unity.testtools.codecoverage@19a841221620/lib/ReportGenerator/ReportGeneratorMerged.dll', exception Failed to resolve System.Numerics.Vector4
Field 'System.Numerics.Vector4 SixLabors.ImageSharp.Formats.Jpeg.Components.Decoder.ColorConverters.JpegColorConverter/Vector4Octet::V7' from '/Users/dawsonblock/unity/My project (7)/Library/PackageCache/com.unity.testtools.codecoverage@19a841221620/lib/ReportGenerator/ReportGeneratorMerged.dll', exception Failed to resolve System.Numerics.Vector4
Field 'System.Numerics.Vector4 SixLabors.ImageSharp.Tuples.Vector4Pair::A' from '/Users/dawsonblock/unity/My project (7)/Library/PackageCache/com.unity.testtools.codecoverage@19a841221620/lib/ReportGenerator/ReportGeneratorMerged.dll', exception Failed to resolve System.Numerics.Vector4
Field 'System.Numerics.Vector4 SixLabors.ImageSharp.Tuples.Vector4Pair::B' from '/Users/dawsonblock/unity/My project (7)/Library/PackageCache/com.unity.testtools.codecoverage@19a841221620/lib/ReportGenerator/ReportGeneratorMerged.dll', exception Failed to resolve System.Numerics.Vector4
*** Tundra build success (8.06 seconds), 1 items updated, 3 evaluated
Total cache size 268375992
Total cache size after purge 268375992, took 00:00:00.3590165
Importing 'GUID: 2e9960838ccf64abaaa09a322aee4fda - Path: Assets/Resources/PerformanceTestRunSettings.json' with importer (TextScriptImporter)
Imported 'GUID: 2e9960838ccf64abaaa09a322aee4fda' -> (Import Result ID: 'eee78f6829fe7e9ee6792343c1187e88') in 0.011 seconds [static dependencies only]. Details - ImportResultOutputID=2fd1b51e12f08decafcb70b93d9058fd DependenciesID=00b87bfe2e93a4e758f7ae22739d0358 StaticDependenciesID=ec2e84fa4996c449d2024904f905fab8 
Importing 'GUID: dea8e4192c73e4a1a8cc00cb345fbf2b - Path: Assets/Resources/PerformanceTestRunInfo.json' with importer (TextScriptImporter)
Imported 'GUID: dea8e4192c73e4a1a8cc00cb345fbf2b' -> (Import Result ID: 'c55ae9ae5135cb7b7b18842bb974f98d') in 0.001 seconds [static dependencies only]. Details - ImportResultOutputID=eb5dbb52f0a2d79cb637ef18f3f88b90 DependenciesID=30df1a6b61cfac365c6f0b44cb8b488b StaticDependenciesID=bb31ef3651785e98793ae082d8b7dda1 
Refreshing native plugins compatible for Editor in 4.92 ms, found 5 plugins.

Asset Pipeline Refresh (id=bfd0d94067bee47ba8ab31aa8b798c2f): Total: 0.495 seconds - Initiated by RefreshV2(NoUpdateAssetOptions)
	(Values over 0.05ms)
	Summary:
		Imports: total=2 (actual=2, local cache=0, cache server=0)
		Asset DB Process Time: managed=0 ms, native=472 ms
		Asset DB Callback time: managed=14 ms, native=8 ms
		Scripting: domain reloads=0, domain reload time=0 ms, compile time=0 ms, other=0 ms
		Project Asset Count: scripts=3634, non-scripts=7905
		Asset File Changes: new=2, changed=2, moved=0, deleted=0
		Scan Filter Count: 1
	ApplyChangesToAssetFolders: 0.503ms
	Scan: 388.772ms
	Collect global state as custom dependencies: 1.250ms
	OnSourceAssetsModified: 0.088ms
	ProcessAssetsWithTransientArtifactChanges: 0.493ms
	CategorizeAssets: 33.669ms
	ImportOutOfDateAssets: 20.228ms (0.389ms without children)
		ImportManagerImport: 16.902ms (1.505ms without children)
		ReloadNativeAssets: 0.095ms
		UnloadImportedAssets: 0.114ms
		EnsureUptoDateAssetsAreRegisteredWithGuidPM: 1.284ms
		InitializingProgressBar: 0.599ms
		ImportSchedulerStart: 0.845ms
	PostProcessAllAssets: 10.036ms
		XRBuildSystem.XRAssetImported 0.296ms
		MonoPostProcessAllAssets: 9.320ms
			ConfigAssetsTracker.OnPostprocessAllAssets 3.002ms
			SpriteEditorTexturePostprocessor.OnPostprocessAllAssets 1.052ms
			SyncVS.PostprocessSyncProject 0.750ms
			AssetChangedListener.OnPostprocessAllAssets 0.521ms
			AssetPostprocessorProxy.OnPostprocessAllAssets 0.513ms
			SceneAssetPostProcessor.OnPostprocessAllAssets 0.435ms
			RenderPipelineGlobalSettingsPostprocessor.OnPostprocessAllAssets 0.276ms
			AssetPostprocessor.OnPostprocessAllAssets 0.157ms
			ShaderGraphAssetPostProcessor.OnPostprocessAllAssets 0.092ms
			BehaviorAssetPostProcessor.OnPostprocessAllAssets 0.068ms
	PostAssetChangesProfiler: 12.294ms
	GatherAllCurrentPrimaryImportResultRevisions: 1.377ms
	PersistCurrentRevisions: 0.751ms
	Untracked: 25.547ms

[ScriptCompilation] Requested script compilation because: Recompiling scripts for player build.
BuildPlayer: start building target 2
Unity(10931) MallocStackLogging: can't turn off malloc stack logging because it was not enabled.
Starting: /Applications/Unity/Hub/Editor/6000.6.0f1/Unity.app/Contents/Resources/BuildPipeline/bee_backend --ipc --defer-dag-verification --dagfile="Library/Bee/200b0aP.dag" --continue-on-failure --profile="Library/Bee/backend1.traceevents" ScriptAssembliesAndTypeDB
WorkingDir: /Users/dawsonblock/unity/My project (7)
warn: Unity.ILPP.Runner.PostProcessingAssemblyLoadContext[0]
      Assembly system.runtime.interopservices.windowsruntime has duplicate hint path. Ignoring "/Applications/Unity/Hub/Editor/6000.6.0f1/Unity.app/Contents/Resources/Scripting/NetStandard/Extensions/2.0.0/System.Runtime.InteropServices.WindowsRuntime.dll" in favor of "/Applications/Unity/Hub/Editor/6000.6.0f1/Unity.app/Contents/Resources/Scripting/UnityReferenceAssemblies/unity-4.8-api/Facades/System.Runtime.InteropServices.WindowsRuntime.dll"
warn: Unity.ILPP.Runner.PostProcessingAssemblyLoadContext[0]
      Assembly system.componentmodel.composition has duplicate hint path. Ignoring "/Applications/Unity/Hub/Editor/6000.6.0f1/Unity.app/Contents/Resources/Scripting/NetStandard/compat/2.1.0/shims/netfx/System.ComponentModel.Composition.dll" in favor of "/Applications/Unity/Hub/Editor/6000.6.0f1/Unity.app/Contents/Resources/Scripting/UnityReferenceAssemblies/unity-4.8-api/System.ComponentModel.Composition.dll"
ExitCode: 0 Duration: 0s776ms
[1024/1330  0s] ILPP-Configuration Library/ilpp-configuration.nevergeneratedoutput
[1115/1330  0s] CopyFiles Library/Bee/PlayerScriptAssemblies/Unity.Services.Core.Device.dll
[1117/1330  0s] CopyFiles Library/Bee/PlayerScriptAssemblies/Unity.Mathematics.Extensions.Hybrid.dll
[1118/1330  0s] CopyFiles Library/Bee/PlayerScriptAssemblies/Unity.Entities.Hybrid.dll
[1119/1330  0s] CopyFiles Library/Bee/PlayerScriptAssemblies/Unity.Entities.dll
[1120/1330  0s] CopyFiles Library/Bee/PlayerScriptAssemblies/Unity.Entities.UI.dll
[1121/1330  0s] CopyFiles Library/Bee/PlayerScriptAssemblies/Unity.TextMeshPro.dll
[1123/1330  0s] CopyFiles Library/Bee/PlayerScriptAssemblies/Unity.VisualScripting.Flow.dll
[1124/1330  0s] CopyFiles Library/Bee/PlayerScriptAssemblies/Unity.RenderPipelines.Core.Runtime.dll
[1125/1330  0s] CopyFiles Library/Bee/PlayerScriptAssemblies/Unity.InternalAPIEngineBridge.002.dll
[1126/1330  0s] CopyFiles Library/Bee/PlayerScriptAssemblies/Unity.TerrainTools.dll
[1127/1330  0s] CopyFiles Library/Bee/PlayerScriptAssemblies/Unity.Services.Core.Internal.dll
[1128/1330  0s] CopyFiles Library/Bee/PlayerScriptAssemblies/Assembly-CSharp.dll
[1129/1330  0s] CopyFiles Library/Bee/PlayerScriptAssemblies/Unity.RenderPipelines.Universal.Runtime.dll
[1130/1330  0s] CopyFiles Library/Bee/PlayerScriptAssemblies/Unity.Services.Core.dll
[1131/1330  0s] CopyFiles Library/Bee/PlayerScriptAssemblies/Unity.Animation.Rigging.DocCodeExamples.dll
[1132/1330  0s] CopyFiles Library/Bee/PlayerScriptAssemblies/Unity.Entities.Hybrid.HybridComponents.dll
[1134/1330  0s] CopyFiles Library/Bee/PlayerScriptAssemblies/Unity.RenderPipelines.Core.Runtime.Shared.dll
[1135/1330  0s] CopyFiles Library/Bee/PlayerScriptAssemblies/Unity.RenderPipelines.Universal.2D.Runtime.dll
[1136/1330  0s] CopyFiles Library/Bee/PlayerScriptAssemblies/Unity.InternalAPIEngineBridge.RenderPipelines.Core.Runtime.Shared.dll
[1137/1330  0s] CopyFiles Library/Bee/PlayerScriptAssemblies/Unity.Services.Core.Configuration.dll
[1138/1330  0s] CopyFiles Library/Bee/PlayerScriptAssemblies/Unity.Physics.Hybrid.dll
[1139/1330  0s] CopyFiles Library/Bee/PlayerScriptAssemblies/Unity.Burst.dll
[1140/1330  0s] CopyFiles Library/Bee/PlayerScriptAssemblies/Autodesk.Fbx.BuildTestAssets.dll
[1141/1330  0s] CopyFiles Library/Bee/PlayerScriptAssemblies/Unity.Services.Core.Networking.dll
[1142/1330  0s] CopyFiles Library/Bee/PlayerScriptAssemblies/Escape.UI.dll
[1143/1330  0s] CopyFiles Library/Bee/PlayerScriptAssemblies/Unity.Mathematics.dll
[1144/1330  0s] CopyFiles Library/Bee/PlayerScriptAssemblies/Unity.VisualScripting.Core.dll
[1146/1330  0s] CopyFiles Library/Bee/PlayerScriptAssemblies/Unity.Collections.Tests.CoreCLR.InternalJobNestedPrivate.dll
[1147/1330  0s] CopyFiles Library/Bee/PlayerScriptAssemblies/Unity.RenderPipelines.Universal.Shaders.dll
[1148/1330  0s] CopyFiles Library/Bee/PlayerScriptAssemblies/Autodesk.Fbx.dll
[1150/1330  0s] CopyFiles Library/Bee/PlayerScriptAssemblies/Unity.Behavior.dll
[1151/1330  0s] CopyFiles Library/Bee/PlayerScriptAssemblies/Unity.AI.Tracing.dll
[1152/1330  0s] CopyFiles Library/Bee/PlayerScriptAssemblies/Unity.Scenes.dll
[1153/1330  0s] CopyFiles Library/Bee/PlayerScriptAssemblies/Unity.Formats.Fbx.Runtime.dll
[1154/1330  0s] CopyFiles Library/Bee/PlayerScriptAssemblies/Unity.InternalAPIEngineBridge.ObjectDispatcher.Runtime.dll
[1155/1330  0s] CopyFiles Library/Bee/PlayerScriptAssemblies/Unity.RenderPipelines.ShaderGraph.ShaderGraphLibrary.dll
[1156/1330  0s] CopyFiles Library/Bee/PlayerScriptAssemblies/Unity.Transforms.dll
[1157/1330  0s] CopyFiles Library/Bee/PlayerScriptAssemblies/Unity.Pipeline.Attributes.dll
[1158/1330  0s] CopyFiles Library/Bee/PlayerScriptAssemblies/Unity.ProBuilder.Csg.dll
[1159/1330  0s] CopyFiles Library/Bee/PlayerScriptAssemblies/Unity.AI.MCP.Runtime.dll
[1160/1330  0s] CopyFiles Library/Bee/PlayerScriptAssemblies/Unity.Services.Core.Threading.dll
[1161/1330  0s] CopyFiles Library/Bee/PlayerScriptAssemblies/Unity.Services.Core.Analytics.dll
[1162/1330  0s] CopyFiles Library/Bee/PlayerScriptAssemblies/Unity.Splines.dll
[1163/1330  0s] CopyFiles Library/Bee/PlayerScriptAssemblies/UnityEngine.UI.dll
[1164/1330  0s] CopyFiles Library/Bee/PlayerScriptAssemblies/Unity.VisualScripting.DocCodeExamples.dll
[1165/1330  0s] CopyFiles Library/Bee/PlayerScriptAssemblies/Unity.ProBuilder.dll
[1166/1330  0s] CopyFiles Library/Bee/PlayerScriptAssemblies/Unity.Collections.Tests.CoreCLR.PrivateJobNested.dll
[1167/1330  0s] CopyFiles Library/Bee/PlayerScriptAssemblies/Unity.Numerics.Memory.dll
[1168/1330  0s] CopyFiles Library/Bee/PlayerScriptAssemblies/Unity.Collections.Tests.CoreCLR.PublicJobPrivateGeneric.dll
[1169/1330  0s] CopyFiles Library/Bee/PlayerScriptAssemblies/Unity.RenderPipelines.Core.ShaderLibrary.dll
[1170/1330  0s] CopyFiles Library/Bee/PlayerScriptAssemblies/Unity.Collections.Tests.CoreCLR.ProtectedJobNested.dll
[1171/1330  0s] CopyFiles Library/Bee/PlayerScriptAssemblies/Unity.Physics.dll
[1172/1330  0s] CopyFiles Library/Bee/PlayerScriptAssemblies/Unity.Behavior.SerializableGUID.dll
[1173/1330  0s] CopyFiles Library/Bee/PlayerScriptAssemblies/Unity.InternalAPIEngineBridge.004.dll
[1174/1330  0s] CopyFiles Library/Bee/PlayerScriptAssemblies/Unity.Services.Core.Components.dll
[1175/1330  0s] CopyFiles Library/Bee/PlayerScriptAssemblies/Escape.Gameplay.dll
[1176/1330  0s] CopyFiles Library/Bee/PlayerScriptAssemblies/Escape.AI.dll
[1177/1330  0s] CopyFiles Library/Bee/PlayerScriptAssemblies/Unity.Deformations.dll
[1178/1330  0s] CopyFiles Library/Bee/PlayerScriptAssemblies/Unity.RenderPipeline.Universal.ShaderLibrary.dll
[1179/1330  0s] CopyFiles Library/Bee/PlayerScriptAssemblies/Unity.Collections.dll
[1180/1330  0s] CopyFiles Library/Bee/PlayerScriptAssemblies/Unity.AppUI.Undo.dll
[1181/1330  0s] CopyFiles Library/Bee/PlayerScriptAssemblies/Escape.Core.dll
[1182/1330  0s] CopyFiles Library/Bee/PlayerScriptAssemblies/Unity.RenderPipelines.Universal.Config.Runtime.dll
[1183/1330  0s] CopyFiles Library/Bee/PlayerScriptAssemblies/Unity.Numerics.Linear.Sparse.dll
[1184/1330  0s] CopyFiles Library/Bee/PlayerScriptAssemblies/Unity.ProBuilder.Poly2Tri.dll
[1185/1330  0s] CopyFiles Library/Bee/PlayerScriptAssemblies/Unity.Services.Core.Environments.Internal.dll
[1186/1330  0s] CopyFiles Library/Bee/PlayerScriptAssemblies/Unity.ProBuilder.Stl.dll
[1187/1330  0s] CopyFiles Library/Bee/PlayerScriptAssemblies/Unity.Numerics.Random.dll
[1189/1330  0s] CopyFiles Library/Bee/PlayerScriptAssemblies/Unity.AppUI.Redux.dll
[1190/1330  0s] CopyFiles Library/Bee/PlayerScriptAssemblies/Unity.ProBuilder.KdTree.dll
[1191/1330  0s] CopyFiles Library/Bee/PlayerScriptAssemblies/Unity.Transforms.Hybrid.dll
[1192/1330  0s] CopyFiles Library/Bee/PlayerScriptAssemblies/Unity.UnifiedRayTracing.Runtime.dll
[1194/1330  0s] CopyFiles Library/Bee/PlayerScriptAssemblies/Unity.AppUI.MVVM.dll
[1195/1330  0s] CopyFiles Library/Bee/PlayerScriptAssemblies/Unity.PathTracing.Runtime.dll
[1196/1330  0s] CopyFiles Library/Bee/PlayerScriptAssemblies/Unity.Numerics.Linear.dll
[1197/1330  0s] CopyFiles Library/Bee/PlayerScriptAssemblies/Unity.VisualScripting.State.dll
[1198/1330  0s] CopyFiles Library/Bee/PlayerScriptAssemblies/Unity.Services.Core.Environments.dll
[1199/1330  0s] CopyFiles Library/Bee/PlayerScriptAssemblies/Unity.Timeline.dll
[1200/1330  0s] CopyFiles Library/Bee/PlayerScriptAssemblies/Unity.Animation.Rigging.dll
[1203/1330  0s] CopyFiles Library/Bee/PlayerScriptAssemblies/Unity.Muse.Behavior.dll
[1206/1330  0s] CopyFiles Library/Bee/PlayerScriptAssemblies/Unity.AppUI.InternalAPIBridge.dll
[1207/1330  0s] CopyFiles Library/Bee/PlayerScriptAssemblies/Unity.Services.Core.Telemetry.dll
[1208/1330  0s] CopyFiles Library/Bee/PlayerScriptAssemblies/Unity.Services.Core.Registration.dll
[1209/1330  0s] CopyFiles Library/Bee/PlayerScriptAssemblies/Unity.Services.Authentication.dll
[1210/1330  0s] CopyFiles Library/Bee/PlayerScriptAssemblies/Escape.Data.dll
[1211/1330  0s] CopyFiles Library/Bee/PlayerScriptAssemblies/Unity.Profiling.Core.dll
[1212/1330  0s] CopyFiles Library/Bee/PlayerScriptAssemblies/Unity.Cinemachine.dll
[1213/1330  0s] CopyFiles Library/Bee/PlayerScriptAssemblies/Unity.InputSystem.ForUI.dll
[1214/1330  0s] CopyFiles Library/Bee/PlayerScriptAssemblies/Unity.Numerics.Linear.Solvers.Lowlevel.dll
[1215/1330  0s] CopyFiles Library/Bee/PlayerScriptAssemblies/Unity.AppUI.Navigation.dll
[1216/1330  0s] CopyFiles Library/Bee/PlayerScriptAssemblies/Unity.Behavior.Serialization.dll
[1217/1330  0s] CopyFiles Library/Bee/PlayerScriptAssemblies/Unity.SurfaceCache.Runtime.dll
[1218/1330  0s] CopyFiles Library/Bee/PlayerScriptAssemblies/Unity.ScriptableBuildPipeline.dll
[1219/1330  0s] CopyFiles Library/Bee/PlayerScriptAssemblies/Unity.RenderPipelines.GPUDriven.Runtime.dll
[1220/1330  0s] CopyFiles Library/Bee/PlayerScriptAssemblies/Unity.AI.Navigation.dll
[1221/1330  0s] CopyFiles Library/Bee/PlayerScriptAssemblies/Unity.AppUI.dll
[1222/1330  0s] CopyFiles Library/Bee/PlayerScriptAssemblies/Unity.InputSystem.dll
[1223/1330  0s] CopyFiles Library/Bee/PlayerScriptAssemblies/Unity.Services.Core.Scheduler.dll
[1224/1330  0s] CopyFiles Library/Bee/PlayerScriptAssemblies/Unity.Numerics.Linear.Dense.dll
[1225/1330  0s] CopyFiles Library/Bee/PlayerScriptAssemblies/Unity.Behavior.Serialization.pdb
[1226/1330  0s] CopyFiles Library/Bee/PlayerScriptAssemblies/Unity.AppUI.pdb
[1227/1330  0s] CopyFiles Library/Bee/PlayerScriptAssemblies/Unity.Services.Authentication.pdb
[1228/1330  0s] CopyFiles Library/Bee/PlayerScriptAssemblies/Unity.Mathematics.Extensions.dll
[1229/1330  0s] CopyFiles Library/Bee/PlayerScriptAssemblies/Unity.Muse.Behavior.pdb
[1230/1330  0s] CopyFiles Library/Bee/PlayerScriptAssemblies/Unity.Physics.Hybrid.pdb
[1231/1330  0s] CopyFiles Library/Bee/PlayerScriptAssemblies/Unity.InternalAPIEngineBridge.002.pdb
[1232/1330  0s] CopyFiles Library/Bee/PlayerScriptAssemblies/Assembly-CSharp.pdb
[1233/1330  0s] CopyFiles Library/Bee/PlayerScriptAssemblies/Unity.Transforms.pdb
[1234/1330  0s] CopyFiles Library/Bee/PlayerScriptAssemblies/Unity.Entities.Hybrid.pdb
[1235/1330  0s] CopyFiles Library/Bee/PlayerScriptAssemblies/Unity.AppUI.MVVM.pdb
[1236/1330  0s] CopyFiles Library/Bee/PlayerScriptAssemblies/Unity.SurfaceCache.Runtime.pdb
[1237/1330  0s] CopyFiles Library/Bee/PlayerScriptAssemblies/Unity.Services.Authentication.PlayerAccounts.dll
[1238/1330  0s] CopyFiles Library/Bee/PlayerScriptAssemblies/Unity.TextMeshPro.pdb
[1239/1330  0s] CopyFiles Library/Bee/PlayerScriptAssemblies/Unity.Scenes.pdb
[1240/1330  0s] CopyFiles Library/Bee/PlayerScriptAssemblies/Unity.Animation.Rigging.DocCodeExamples.pdb
[1241/1330  0s] CopyFiles Library/Bee/PlayerScriptAssemblies/Unity.Mathematics.Extensions.Hybrid.pdb
[1242/1330  0s] CopyFiles Library/Bee/PlayerScriptAssemblies/Unity.VisualScripting.Flow.pdb
[1243/1330  0s] CopyFiles Library/Bee/PlayerScriptAssemblies/Unity.RenderPipelines.Universal.Runtime.pdb
[1244/1330  0s] CopyFiles Library/Bee/PlayerScriptAssemblies/Unity.RenderPipelines.Core.Runtime.Shared.pdb
[1245/1330  0s] CopyFiles Library/Bee/PlayerScriptAssemblies/Unity.Mathematics.pdb
[1246/1330  0s] CopyFiles Library/Bee/PlayerScriptAssemblies/Unity.Burst.pdb
[1247/1330  0s] CopyFiles Library/Bee/PlayerScriptAssemblies/Autodesk.Fbx.BuildTestAssets.pdb
[1248/1330  0s] CopyFiles Library/Bee/PlayerScriptAssemblies/Unity.VisualScripting.Core.pdb
[1249/1330  0s] CopyFiles Library/Bee/PlayerScriptAssemblies/Unity.Collections.Tests.CoreCLR.PrivateJobNested.pdb
[1250/1330  0s] CopyFiles Library/Bee/PlayerScriptAssemblies/Unity.ProBuilder.Csg.pdb
[1251/1330  0s] CopyFiles Library/Bee/PlayerScriptAssemblies/Unity.Collections.Tests.CoreCLR.InternalJobNestedPrivate.pdb
[1252/1330  0s] CopyFiles Library/Bee/PlayerScriptAssemblies/Unity.AI.Tracing.pdb
[1253/1330  0s] CopyFiles Library/Bee/PlayerScriptAssemblies/Unity.InternalAPIEngineBridge.ObjectDispatcher.Runtime.pdb
[1254/1330  0s] CopyFiles Library/Bee/PlayerScriptAssemblies/Unity.AI.MCP.Runtime.pdb
[1255/1330  0s] CopyFiles Library/Bee/PlayerScriptAssemblies/Unity.Splines.pdb
[1256/1330  0s] CopyFiles Library/Bee/PlayerScriptAssemblies/Unity.ProBuilder.pdb
[1257/1330  0s] CopyFiles Library/Bee/PlayerScriptAssemblies/Unity.Numerics.Memory.pdb
[1258/1330  0s] CopyFiles Library/Bee/PlayerScriptAssemblies/Unity.Collections.Tests.CoreCLR.PublicJobPrivateGeneric.pdb
[1259/1330  0s] CopyFiles Library/Bee/PlayerScriptAssemblies/Unity.Collections.Tests.CoreCLR.ProtectedJobNested.pdb
[1260/1330  0s] CopyFiles Library/Bee/PlayerScriptAssemblies/Unity.Physics.pdb
[1261/1330  0s] CopyFiles Library/Bee/PlayerScriptAssemblies/Unity.InternalAPIEngineBridge.004.pdb
[1262/1330  0s] CopyFiles Library/Bee/PlayerScriptAssemblies/Escape.AI.pdb
[1263/1330  0s] CopyFiles Library/Bee/PlayerScriptAssemblies/Unity.Deformations.pdb
[1264/1330  0s] CopyFiles Library/Bee/PlayerScriptAssemblies/Unity.ProBuilder.Poly2Tri.pdb
[1265/1330  0s] CopyFiles Library/Bee/PlayerScriptAssemblies/Unity.RenderPipelines.Universal.Config.Runtime.pdb
[1266/1330  0s] CopyFiles Library/Bee/PlayerScriptAssemblies/Unity.Numerics.Linear.Sparse.pdb
[1267/1330  0s] CopyFiles Library/Bee/PlayerScriptAssemblies/Unity.AppUI.Redux.pdb
[1268/1330  0s] CopyFiles Library/Bee/PlayerScriptAssemblies/Unity.UnifiedRayTracing.Runtime.pdb
[1269/1330  0s] CopyFiles Library/Bee/PlayerScriptAssemblies/Unity.ProBuilder.KdTree.pdb
[1270/1330  0s] CopyFiles Library/Bee/PlayerScriptAssemblies/Unity.Numerics.Linear.pdb
[1271/1330  0s] CopyFiles Library/Bee/PlayerScriptAssemblies/Unity.Animation.Rigging.pdb
[1272/1330  0s] CopyFiles Library/Bee/PlayerScriptAssemblies/Unity.Services.Core.Registration.pdb
[1273/1330  0s] CopyFiles Library/Bee/PlayerScriptAssemblies/Escape.Data.pdb
[1274/1330  0s] CopyFiles Library/Bee/PlayerScriptAssemblies/Unity.Services.Core.Telemetry.pdb
[1275/1330  0s] CopyFiles Library/Bee/PlayerScriptAssemblies/Unity.Numerics.Linear.Dense.pdb
[1276/1330  0s] CopyFiles Library/Bee/PlayerScriptAssemblies/Unity.AppUI.InternalAPIBridge.pdb
[1277/1330  0s] CopyFiles Library/Bee/PlayerScriptAssemblies/Unity.Services.Core.Scheduler.pdb
[1278/1330  0s] CopyFiles Library/Bee/PlayerScriptAssemblies/Unity.ScriptableBuildPipeline.pdb
[1279/1330  0s] CopyFiles Library/Bee/PlayerScriptAssemblies/Unity.AppUI.Navigation.pdb
[1280/1330  0s] CopyFiles Library/Bee/PlayerScriptAssemblies/Unity.Formats.Fbx.Runtime.pdb
[1281/1330  0s] CopyFiles Library/Bee/PlayerScriptAssemblies/Unity.PathTracing.Runtime.pdb
[1282/1330  0s] CopyFiles Library/Bee/PlayerScriptAssemblies/Unity.Numerics.Linear.Solvers.Lowlevel.pdb
[1283/1330  0s] CopyFiles Library/Bee/PlayerScriptAssemblies/Unity.Services.Core.Device.pdb
[1284/1330  0s] CopyFiles Library/Bee/PlayerScriptAssemblies/Unity.RenderPipelines.Core.Runtime.pdb
[1285/1330  0s] CopyFiles Library/Bee/PlayerScriptAssemblies/UnityEngine.UI.pdb
[1286/1330  0s] CopyFiles Library/Bee/PlayerScriptAssemblies/Escape.Gameplay.pdb
[1287/1330  0s] CopyFiles Library/Bee/PlayerScriptAssemblies/Unity.Transforms.Hybrid.pdb
[1288/1330  0s] CopyFiles Library/Bee/PlayerScriptAssemblies/Unity.Entities.UI.pdb
[1289/1330  0s] CopyFiles Library/Bee/PlayerScriptAssemblies/Unity.Services.Core.Networking.pdb
[1290/1330  0s] CopyFiles Library/Bee/PlayerScriptAssemblies/Unity.TerrainTools.pdb
[1291/1330  0s] CopyFiles Library/Bee/PlayerScriptAssemblies/Unity.Pipeline.Attributes.pdb
[1292/1330  0s] CopyFiles Library/Bee/PlayerScriptAssemblies/Unity.RenderPipelines.GPUDriven.Runtime.pdb
[1293/1330  0s] CopyFiles Library/Bee/PlayerScriptAssemblies/Unity.Services.Core.Internal.pdb
[1294/1330  0s] CopyFiles Library/Bee/PlayerScriptAssemblies/Unity.Profiling.Core.pdb
[1295/1330  0s] CopyFiles Library/Bee/PlayerScriptAssemblies/Unity.AI.Navigation.pdb
[1296/1330  0s] CopyFiles Library/Bee/PlayerScriptAssemblies/Unity.Behavior.pdb
[1297/1330  0s] CopyFiles Library/Bee/PlayerScriptAssemblies/Unity.VisualScripting.DocCodeExamples.pdb
[1298/1330  0s] CopyFiles Library/Bee/PlayerScriptAssemblies/Unity.VisualScripting.State.pdb
[1299/1330  0s] CopyFiles Library/Bee/PlayerScriptAssemblies/Unity.RenderPipelines.ShaderGraph.ShaderGraphLibrary.pdb
[1300/1330  0s] CopyFiles Library/Bee/PlayerScriptAssemblies/Unity.Numerics.Random.pdb
[1301/1330  0s] CopyFiles Library/Bee/PlayerScriptAssemblies/Unity.InternalAPIEngineBridge.RenderPipelines.Core.Runtime.Shared.pdb
[1302/1330  0s] CopyFiles Library/Bee/PlayerScriptAssemblies/Unity.Services.Core.Environments.Internal.pdb
[1303/1330  0s] CopyFiles Library/Bee/PlayerScriptAssemblies/Unity.InputSystem.pdb
[1304/1330  0s] CopyFiles Library/Bee/PlayerScriptAssemblies/Unity.Services.Core.pdb
[1305/1330  0s] CopyFiles Library/Bee/PlayerScriptAssemblies/Unity.RenderPipelines.Universal.Shaders.pdb
[1306/1330  0s] CopyFiles Library/Bee/PlayerScriptAssemblies/Escape.UI.pdb
[1307/1330  0s] CopyFiles Library/Bee/PlayerScriptAssemblies/Unity.Entities.Hybrid.HybridComponents.pdb
[1308/1330  0s] CopyFiles Library/Bee/PlayerScriptAssemblies/Unity.Services.Core.Components.pdb
[1309/1330  0s] CopyFiles Library/Bee/PlayerScriptAssemblies/Unity.Services.Core.Threading.pdb
[1310/1330  0s] CopyFiles Library/Bee/PlayerScriptAssemblies/Unity.RenderPipeline.Universal.ShaderLibrary.pdb
[1311/1330  0s] CopyFiles Library/Bee/PlayerScriptAssemblies/Escape.Core.pdb
[1312/1330  0s] CopyFiles Library/Bee/PlayerScriptAssemblies/Unity.Cinemachine.pdb
[1313/1330  0s] CopyFiles Library/Bee/PlayerScriptAssemblies/Unity.Services.Authentication.PlayerAccounts.pdb
[1314/1330  0s] CopyFiles Library/Bee/PlayerScriptAssemblies/Unity.InputSystem.ForUI.pdb
[1315/1330  0s] CopyFiles Library/Bee/PlayerScriptAssemblies/Unity.Timeline.pdb
[1316/1330  0s] CopyFiles Library/Bee/PlayerScriptAssemblies/Unity.Services.Core.Environments.pdb
[1317/1330  0s] CopyFiles Library/Bee/PlayerScriptAssemblies/Unity.Services.Core.Analytics.pdb
[1318/1330  0s] CopyFiles Library/Bee/PlayerScriptAssemblies/Autodesk.Fbx.pdb
[1319/1330  0s] CopyFiles Library/Bee/PlayerScriptAssemblies/Unity.Entities.pdb
[1320/1330  0s] CopyFiles Library/Bee/PlayerScriptAssemblies/Unity.AppUI.Undo.pdb
[1321/1330  0s] CopyFiles Library/Bee/PlayerScriptAssemblies/Unity.Mathematics.Extensions.pdb
[1322/1330  0s] CopyFiles Library/Bee/PlayerScriptAssemblies/Unity.RenderPipelines.Universal.2D.Runtime.pdb
[1323/1330  0s] CopyFiles Library/Bee/PlayerScriptAssemblies/Unity.ProBuilder.Stl.pdb
[1324/1330  0s] CopyFiles Library/Bee/PlayerScriptAssemblies/Unity.Services.Core.Configuration.pdb
[1325/1330  0s] CopyFiles Library/Bee/PlayerScriptAssemblies/Unity.Behavior.SerializableGUID.pdb
[1326/1330  0s] CopyFiles Library/Bee/PlayerScriptAssemblies/Unity.Collections.pdb
[1327/1330  0s] CopyFiles Library/Bee/PlayerScriptAssemblies/Unity.RenderPipelines.Core.ShaderLibrary.pdb
*** Tundra build success (0.61 seconds), 203 items updated, 1330 evaluated
Total cache size 268375992
Total cache size after purge 268375992, took 00:00:00.2094430
Rebuilding Data files because Assets/_Game/Scenes/Dock.unity is dirty (hash)
[Licensing::Client] Successfully resolved entitlement details


Mono dependencies included in the build
Dependency assembly - System.Security.Cryptography.Hashing.Algorithms.dll
Dependency assembly - System.Diagnostics.TraceEvent.dll
Dependency assembly - System.Reactive.Experimental.dll
Dependency assembly - Unity.InternalAPIEngineBridge.004.dll
Dependency assembly - System.Runtime.DurableInstancing.dll
Dependency assembly - Unity.Numerics.Linear.Dense.dll
Dependency assembly - Unity.RenderPipelines.Core.ShaderLibrary.dll
Dependency assembly - Unity.RenderPipeline.Universal.ShaderLibrary.dll
Dependency assembly - System.Xml.dll
Dependency assembly - System.Globalization.Extensions.dll
Dependency assembly - Microsoft.Build.Tasks.v4.0.dll
Dependency assembly - System.Globalization.dll
Dependency assembly - System.Security.Cryptography.Algorithms.dll
Dependency assembly - System.ServiceProcess.ServiceController.dll
Dependency assembly - Unity.RenderPipelines.GPUDriven.Runtime.dll
Dependency assembly - Unity.Numerics.Memory.dll
Dependency assembly - System.Net.Primitives.dll
Dependency assembly - Mono.WebBrowser.dll
Dependency assembly - Unity.Collections.Tests.CoreCLR.InternalJobNestedPrivate.dll
Dependency assembly - System.Runtime.InteropServices.RuntimeInformation.dll
Dependency assembly - System.Security.Cryptography.Csp.dll
Dependency assembly - Unity.Pipeline.Attributes.dll
Dependency assembly - System.Xml.Linq.dll
Dependency assembly - System.IO.FileSystem.AccessControl.dll
Dependency assembly - System.Net.Requests.dll
Dependency assembly - System.Web.ApplicationServices.dll
Dependency assembly - System.Diagnostics.StackTrace.dll
Dependency assembly - Mono.Messaging.RabbitMQ.dll
Dependency assembly - System.Runtime.dll
Dependency assembly - System.ObjectModel.dll
Dependency assembly - System.Data.Linq.dll
Dependency assembly - Unity.Transforms.dll
Dependency assembly - System.Runtime.Serialization.Json.dll
Dependency assembly - Unity.AppUI.MVVM.dll
Dependency assembly - CustomMarshalers.dll
Dependency assembly - System.Reactive.Windows.Forms.dll
Dependency assembly - System.Windows.Forms.DataVisualization.dll
Dependency assembly - System.Net.ServicePoint.dll
Dependency assembly - Mono.Management.dll
Dependency assembly - WindowsBase.dll
Dependency assembly - Unity.AppUI.dll
Dependency assembly - Unity.Splines.dll
Dependency assembly - System.Web.Mobile.dll
Dependency assembly - System.Web.Routing.dll
Dependency assembly - System.Xml.XPath.XmlDocument.dll
Dependency assembly - Unity.Services.Core.Configuration.dll
Dependency assembly - System.Security.Principal.dll
Dependency assembly - Mono.Data.Sqlite.dll
Dependency assembly - System.Resources.ReaderWriter.dll
Dependency assembly - System.Web.Services.dll
Dependency assembly - Autodesk.Fbx.BuildTestAssets.dll
Dependency assembly - System.Text.Encoding.Extensions.dll
Dependency assembly - Unity.ProBuilder.Poly2Tri.dll
Dependency assembly - Unity.ProBuilder.Stl.dll
Dependency assembly - System.Workflow.ComponentModel.dll
Dependency assembly - System.Security.SecureString.dll
Dependency assembly - Unity.AppUI.Undo.dll
Dependency assembly - Mono.Messaging.dll
Dependency assembly - netstandard.dll
Dependency assembly - System.Threading.Tasks.dll
Dependency assembly - Microsoft.Build.dll
Dependency assembly - System.IO.Hashing.dll
Dependency assembly - System.Net.Sockets.dll
Dependency assembly - Unity.Behavior.SerializableGUID.dll
Dependency assembly - Unity.Mathematics.Extensions.dll
Dependency assembly - Mono.Posix.dll
Dependency assembly - System.Security.Cryptography.Encryption.ECDiffieHellman.dll
Dependency assembly - System.Runtime.Serialization.Formatters.dll
Dependency assembly - System.IO.Compression.dll
Dependency assembly - System.Linq.dll
Dependency assembly - Novell.Directory.Ldap.dll
Dependency assembly - System.Security.Cryptography.RandomNumberGenerator.dll
Dependency assembly - Mono.Data.Tds.dll
Dependency assembly - Mono.Tasklets.dll
Dependency assembly - System.Transactions.dll
Dependency assembly - Unity.Services.Core.Registration.dll
Dependency assembly - System.dll
Dependency assembly - Unity.InternalAPIEngineBridge.RenderPipelines.Core.Runtime.Shared.dll
Dependency assembly - Unity.RenderPipelines.Universal.Runtime.dll
Dependency assembly - Unity.Physics.Hybrid.dll
Dependency assembly - Unity.RenderPipelines.Core.Runtime.Shared.dll
Dependency assembly - Microsoft.Extensions.Logging.Abstractions.dll
Dependency assembly - System.Security.Cryptography.Hashing.dll
Dependency assembly - Unity.Numerics.Linear.Solvers.Lowlevel.dll
Dependency assembly - System.Collections.NonGeneric.dll
Dependency assembly - System.Data.Services.Client.dll
Dependency assembly - Escape.AI.dll
Dependency assembly - System.IO.FileSystem.Watcher.dll
Dependency assembly - Unity.RenderPipelines.Universal.Shaders.dll
Dependency assembly - System.Reactive.PlatformServices.dll
Dependency assembly - System.ValueTuple.dll
Dependency assembly - System.Workflow.Activities.dll
Dependency assembly - Unity.Services.Core.Internal.dll
Dependency assembly - System.Web.Abstractions.dll
Dependency assembly - System.Net.Security.dll
Dependency assembly - Mono.Security.dll
Dependency assembly - System.Security.Cryptography.Encoding.dll
Dependency assembly - System.Dynamic.Runtime.dll
Dependency assembly - Unity.Animation.Rigging.DocCodeExamples.dll
Dependency assembly - Microsoft.Build.Engine.dll
Dependency assembly - Mono.Simd.dll
Dependency assembly - System.Reflection.TypeExtensions.dll
Dependency assembly - System.Net.Http.dll
Dependency assembly - System.Threading.Tasks.Extensions.dll
Dependency assembly - System.Drawing.Primitives.dll
Dependency assembly - Mono.Btls.Interface.dll
Dependency assembly - System.Security.Cryptography.Encryption.Aes.dll
Dependency assembly - System.Runtime.Serialization.Formatters.Soap.dll
Dependency assembly - System.DirectoryServices.dll
Dependency assembly - ICSharpCode.SharpZipLib.dll
Dependency assembly - System.Web.Extensions.Design.dll
Dependency assembly - System.Resources.Writer.dll
Dependency assembly - System.Security.Cryptography.Encryption.dll
Dependency assembly - System.ComponentModel.Annotations.dll
Dependency assembly - System.Reactive.Core.dll
Dependency assembly - System.IO.FileSystem.Primitives.dll
Dependency assembly - Unity.SurfaceCache.Runtime.dll
Dependency assembly - System.EnterpriseServices.dll
Dependency assembly - Autodesk.Fbx.dll
Dependency assembly - System.Net.NameResolution.dll
Dependency assembly - System.Runtime.InteropServices.dll
Dependency assembly - System.Globalization.Calendars.dll
Dependency assembly - System.ServiceModel.Web.dll
Dependency assembly - System.Reflection.DispatchProxy.dll
Dependency assembly - System.Windows.dll
Dependency assembly - System.ServiceModel.Routing.dll
Dependency assembly - UnityEngine.UI.dll
Dependency assembly - System.Net.NetworkInformation.dll
Dependency assembly - System.Security.Cryptography.Pkcs.dll
Dependency assembly - Unity.Collections.dll
Dependency assembly - Unity.Services.Authentication.dll
Dependency assembly - System.Windows.Forms.dll
Dependency assembly - Escape.Core.dll
Dependency assembly - System.ServiceModel.Duplex.dll
Dependency assembly - IBM.Data.DB2.dll
Dependency assembly - Microsoft.Bcl.AsyncInterfaces.dll
Dependency assembly - System.Memory.dll
Dependency assembly - System.Net.Http.WebRequest.dll
Dependency assembly - System.Text.Encoding.CodePages.dll
Dependency assembly - Unity.VisualScripting.State.dll
Dependency assembly - System.Security.AccessControl.dll
Dependency assembly - System.Collections.Concurrent.dll
Dependency assembly - Unity.RenderPipelines.Universal.Config.Runtime.dll
Dependency assembly - System.Net.HttpListener.dll
Dependency assembly - Unity.AppUI.Navigation.dll
Dependency assembly - System.Text.Json.dll
Dependency assembly - System.Collections.dll
Dependency assembly - Unity.ScriptableBuildPipeline.dll
Dependency assembly - System.Diagnostics.FileVersionInfo.dll
Dependency assembly - Unity.AI.MCP.Runtime.dll
Dependency assembly - SystemWebTestShim.dll
Dependency assembly - Unity.Services.Core.Networking.dll
Dependency assembly - System.Security.dll
Dependency assembly - I18N.CJK.dll
Dependency assembly - Unity.Services.Core.dll
Dependency assembly - System.Net.AuthenticationManager.dll
Dependency assembly - Unity.VisualScripting.Flow.dll
Dependency assembly - System.Reactive.Debugger.dll
Dependency assembly - Unity.Cinemachine.dll
Dependency assembly - System.Net.dll
Dependency assembly - System.Security.Cryptography.X509Certificates.dll
Dependency assembly - System.IO.Compression.FileSystem.dll
Dependency assembly - Unity.Burst.dll
Dependency assembly - Unity.Services.Core.Scheduler.dll
Dependency assembly - System.Net.Cache.dll
Dependency assembly - System.Diagnostics.Debug.dll
Dependency assembly - Unity.RenderPipelines.Universal.2D.Runtime.dll
Dependency assembly - System.Net.Utilities.dll
Dependency assembly - Unity.Services.Core.Threading.dll
Dependency assembly - System.Threading.Timer.dll
Dependency assembly - System.Runtime.Extensions.dll
Dependency assembly - Mono.CompilerServices.SymbolWriter.dll
Dependency assembly - System.Threading.Thread.dll
Dependency assembly - System.Security.Cryptography.OpenSsl.dll
Dependency assembly - System.Runtime.CompilerServices.Unsafe.dll
Dependency assembly - System.Xml.ReaderWriter.dll
Dependency assembly - Unity.Collections.LowLevel.ILSupport.dll
Dependency assembly - Unity.Scenes.dll
Dependency assembly - Mono.C5.dll
Dependency assembly - Mono.XBuild.Tasks.dll
Dependency assembly - System.ServiceModel.Primitives.dll
Dependency assembly - System.Security.Principal.Windows.dll
Dependency assembly - Unity.Services.Core.Environments.Internal.dll
Dependency assembly - System.Reactive.Interfaces.dll
Dependency assembly - System.Xml.XPath.XDocument.dll
Dependency assembly - System.ServiceModel.dll
Dependency assembly - Unity.Mathematics.dll
Dependency assembly - Unity.Mathematics.Extensions.Hybrid.dll
Dependency assembly - Microsoft.Extensions.DependencyInjection.Abstractions.dll
Dependency assembly - System.Reactive.Linq.dll
Dependency assembly - Unity.Services.Core.Telemetry.dll
Dependency assembly - System.Xml.XPath.dll
Dependency assembly - System.Reactive.Observable.Aliases.dll
Dependency assembly - System.Runtime.Serialization.Xml.dll
Dependency assembly - System.Data.Services.dll
Dependency assembly - Microsoft.Web.Infrastructure.dll
Dependency assembly - System.Data.OracleClient.dll
Dependency assembly - System.Threading.ThreadPool.dll
Dependency assembly - Unity.InputSystem.dll
Dependency assembly - System.Diagnostics.Tools.dll
Dependency assembly - Unity.Entities.dll
Dependency assembly - System.Deployment.dll
Dependency assembly - Unity.InternalAPIEngineBridge.ObjectDispatcher.Runtime.dll
Dependency assembly - System.Reflection.Primitives.dll
Dependency assembly - System.Xml.XmlSerializer.dll
Dependency assembly - Unity.Entities.Hybrid.HybridComponents.dll
Dependency assembly - PEAPI.dll
Dependency assembly - cscompmgd.dll
Dependency assembly - System.Diagnostics.Contracts.dll
Dependency assembly - Mono.Cairo.dll
Dependency assembly - System.Security.Claims.dll
Dependency assembly - SMDiagnostics.dll
Dependency assembly - System.Diagnostics.TraceSource.dll
Dependency assembly - Unity.AppUI.Redux.dll
Dependency assembly - System.Diagnostics.TextWriterTraceListener.dll
Dependency assembly - System.Web.Http.WebHost.dll
Dependency assembly - System.Text.Encoding.dll
Dependency assembly - System.Console.dll
Dependency assembly - Escape.UI.dll
Dependency assembly - Unity.Timeline.dll
Dependency assembly - System.Net.WebHeaderCollection.dll
Dependency assembly - Mono.Profiler.Log.dll
Dependency assembly - Unity.ProBuilder.Csg.dll
Dependency assembly - Unity.Collections.Tests.CoreCLR.ProtectedJobNested.dll
Dependency assembly - System.Reflection.Emit.Lightweight.dll
Dependency assembly - System.Json.Microsoft.dll
Dependency assembly - System.Xml.Serialization.dll
Dependency assembly - System.IdentityModel.Selectors.dll
Dependency assembly - System.ComponentModel.DataAnnotations.dll
Dependency assembly - Assembly-CSharp.dll
Dependency assembly - Mono.CSharp.dll
Dependency assembly - System.Data.Common.dll
Dependency assembly - Unity.Deformations.dll
Dependency assembly - Unity.Collections.Tests.CoreCLR.PublicJobPrivateGeneric.dll
Dependency assembly - System.ComponentModel.Composition.dll
Dependency assembly - System.Dynamic.dll
Dependency assembly - monodoc.dll
Dependency assembly - System.Runtime.Loader.dll
Dependency assembly - System.Messaging.dll
Dependency assembly - System.Threading.Tasks.Dataflow.dll
Dependency assembly - WebMatrix.Data.dll
Dependency assembly - System.Xml.Xsl.Primitives.dll
Dependency assembly - Mono.Options.dll
Dependency assembly - System.Management.dll
Dependency assembly - System.IO.IsolatedStorage.dll
Dependency assembly - Unity.Muse.Behavior.dll
Dependency assembly - System.Runtime.Caching.dll
Dependency assembly - Mono.Parallel.dll
Dependency assembly - System.IO.MemoryMappedFiles.dll
Dependency assembly - Unity.VisualScripting.DocCodeExamples.dll
Dependency assembly - Unity.Collections.Tests.CoreCLR.PrivateJobNested.dll
Dependency assembly - System.Net.Http.Rtc.dll
Dependency assembly - System.Web.RegularExpressions.dll
Dependency assembly - System.Net.Ping.dll
Dependency assembly - System.Xml.XmlDocument.dll
Dependency assembly - System.Configuration.dll
Dependency assembly - System.Web.DynamicData.dll
Dependency assembly - Unity.UnifiedRayTracing.Runtime.dll
Dependency assembly - System.Core.dll
Dependency assembly - Microsoft.Build.Framework.dll
Dependency assembly - Unity.Services.Core.Environments.dll
Dependency assembly - System.IO.Pipes.dll
Dependency assembly - Unity.Formats.Fbx.Runtime.dll
Dependency assembly - System.Web.WebPages.Razor.dll
Dependency assembly - System.IO.UnmanagedMemoryStream.dll
Dependency assembly - System.Reflection.dll
Dependency assembly - System.DirectoryServices.Protocols.dll
Dependency assembly - System.ComponentModel.dll
Dependency assembly - Unity.Numerics.Linear.Sparse.dll
Dependency assembly - System.Web.WebPages.Deployment.dll
Dependency assembly - System.IO.dll
Dependency assembly - Unity.Services.Core.Device.dll
Dependency assembly - Unity.AppUI.InternalAPIBridge.dll
Dependency assembly - System.Drawing.dll
Dependency assembly - Unity.RenderPipelines.ShaderGraph.ShaderGraphLibrary.dll
Dependency assembly - System.Security.Cryptography.RSA.dll
Dependency assembly - System.Data.SqlClient.dll
Dependency assembly - System.Configuration.Install.dll
Dependency assembly - System.Diagnostics.Process.dll
Dependency assembly - System.Data.Entity.dll
Dependency assembly - System.ComponentModel.TypeConverter.dll
Dependency assembly - System.ServiceModel.Internals.dll
Dependency assembly - System.Collections.Specialized.dll
Dependency assembly - Unity.ProBuilder.dll
Dependency assembly - System.Diagnostics.DiagnosticSource.dll
Dependency assembly - System.Reflection.Metadata.dll
Dependency assembly - System.Data.DataSetExtensions.dll
Dependency assembly - Unity.Profiling.Core.dll
Dependency assembly - System.Runtime.Serialization.dll
Dependency assembly - System.ServiceProcess.dll
Dependency assembly - System.Web.Http.dll
Dependency assembly - Unity.Transforms.Hybrid.dll
Dependency assembly - System.Reactive.Runtime.Remoting.dll
Dependency assembly - Unity.PathTracing.Runtime.dll
Dependency assembly - Unity.Behavior.dll
Dependency assembly - System.Web.Mvc.dll
Dependency assembly - System.Linq.Queryable.dll
Dependency assembly - mscorlib.dll
Dependency assembly - System.IO.FileSystem.dll
Dependency assembly - System.Linq.Parallel.dll
Dependency assembly - System.Net.WebSockets.Client.dll
Dependency assembly - System.Collections.Immutable.dll
Dependency assembly - System.Security.Cryptography.ProtectedData.dll
Dependency assembly - System.Net.Mail.dll
Dependency assembly - System.Net.WebSockets.dll
Dependency assembly - System.Data.dll
Dependency assembly - System.Web.Razor.dll
Dependency assembly - Unity.ProBuilder.KdTree.dll
Dependency assembly - System.Reactive.Providers.dll
Dependency assembly - System.Text.RegularExpressions.dll
Dependency assembly - Escape.Gameplay.dll
Dependency assembly - System.Runtime.InteropServices.WindowsRuntime.dll
Dependency assembly - System.Numerics.Vectors.dll
Dependency assembly - System.Runtime.CompilerServices.VisualC.dll
Dependency assembly - Unity.Entities.UI.dll
Dependency assembly - Unity.Numerics.Linear.dll
Dependency assembly - Unity.Services.Authentication.PlayerAccounts.dll
Dependency assembly - Unity.Services.Core.Analytics.dll
Dependency assembly - System.Web.WebPages.dll
Dependency assembly - I18N.MidEast.dll
Dependency assembly - System.Web.dll
Dependency assembly - System.Text.Encodings.Web.dll
Dependency assembly - System.ServiceModel.Discovery.dll
Dependency assembly - System.Numerics.dll
Dependency assembly - Microsoft.CSharp.dll
Dependency assembly - Unity.Numerics.Random.dll
Dependency assembly - System.IdentityModel.dll
Dependency assembly - Escape.Data.dll
Dependency assembly - I18N.Other.dll
Dependency assembly - Microsoft.Win32.Primitives.dll
Dependency assembly - Microsoft.Win32.Registry.dll
Dependency assembly - System.Web.Extensions.dll
Dependency assembly - System.Buffers.dll
Dependency assembly - Mono.Security.Win32.dll
Dependency assembly - System.Security.Cryptography.DeriveBytes.dll
Dependency assembly - Unity.TextMeshPro.dll
Dependency assembly - System.Security.Cryptography.Cng.dll
Dependency assembly - Unity.Physics.dll
Dependency assembly - System.Reflection.Emit.ILGeneration.dll
Dependency assembly - System.Workflow.Runtime.dll
Dependency assembly - System.Xaml.dll
Dependency assembly - System.Xml.XDocument.dll
Dependency assembly - Unity.AI.Tracing.dll
Dependency assembly - Unity.InputSystem.ForUI.dll
Dependency assembly - I18N.dll
Dependency assembly - System.Drawing.Design.dll
Dependency assembly - System.Threading.dll
Dependency assembly - System.Runtime.Numerics.dll
Dependency assembly - System.ComponentModel.Primitives.dll
Dependency assembly - System.Reflection.Emit.dll
Dependency assembly - System.Threading.AccessControl.dll
Dependency assembly - Unity.AI.Navigation.dll
Dependency assembly - System.Resources.Reader.dll
Dependency assembly - System.Threading.Tasks.Parallel.dll
Dependency assembly - System.ComponentModel.EventBasedAsync.dll
Dependency assembly - System.Resources.ResourceManager.dll
Dependency assembly - System.Security.Cryptography.Encryption.ECDsa.dll
Dependency assembly - Unity.VisualScripting.Core.dll
Dependency assembly - Mono.Http.dll
Dependency assembly - System.Threading.Overlapped.dll
Dependency assembly - Microsoft.VisualC.dll
Dependency assembly - System.Linq.Expressions.dll
Dependency assembly - Unity.Services.Core.Components.dll
Dependency assembly - Commons.Xml.Relaxng.dll
Dependency assembly - Unity.Animation.Rigging.dll
Dependency assembly - System.Reflection.Extensions.dll
Dependency assembly - System.IO.FileSystem.DriveInfo.dll
Dependency assembly - I18N.Rare.dll
Dependency assembly - System.Reflection.Context.dll
Dependency assembly - Unity.InternalAPIEngineBridge.002.dll
Dependency assembly - System.ServiceModel.Security.dll
Dependency assembly - Unity.RenderPipelines.Core.Runtime.dll
Dependency assembly - I18N.West.dll
Dependency assembly - System.Runtime.Remoting.dll
Dependency assembly - System.Runtime.Handles.dll
Dependency assembly - Unity.TerrainTools.dll
Dependency assembly - Microsoft.Build.Utilities.v4.0.dll
Dependency assembly - System.Security.Cryptography.Primitives.dll
Dependency assembly - System.Design.dll
Dependency assembly - System.Reactive.Windows.Threading.dll
Dependency assembly - System.ServiceModel.Http.dll
Dependency assembly - System.ServiceModel.NetTcp.dll
Dependency assembly - RabbitMQ.Client.dll
Dependency assembly - Newtonsoft.Json.dll
Dependency assembly - System.Runtime.Serialization.Primitives.dll
Dependency assembly - System.IO.Compression.ZipFile.dll
Dependency assembly - Microsoft.Win32.Registry.AccessControl.dll
Dependency assembly - Unity.Behavior.Serialization.dll
Dependency assembly - System.ServiceModel.Activation.dll
Dependency assembly - System.AppContext.dll
Dependency assembly - System.Diagnostics.Tracing.dll
Dependency assembly - Unity.Entities.Hybrid.dll
Dependency assembly - Unity.VisualScripting.Antlr3.Runtime.dll
Dependency assembly - System.Web.Http.SelfHost.dll
Dependency assembly - Accessibility.dll
Dependency assembly - System.Json.dll
Dependency assembly - System.Net.Http.Formatting.dll

Opening scene 'Assets/_Game/Scenes/Bootstrap.unity'
Unloading 2 Unused Serialized files (Serialized files now loaded: 0)
Loaded scene 'Assets/_Game/Scenes/Bootstrap.unity'
	Deserialize:            3.389 ms
	Integration:            72.466 ms
	Integration of assets:  0.002 ms
	Thread Wait Time:       0.005 ms
	Total Operation Time:   75.862 ms
Unloading 270 unused Assets / (1.1 MB). Loaded Objects now: 18833.
Memory consumption went from 0.72 GB to 0.72 GB.
Total: 236.670333 ms (FindLiveObjects: 1.023875 ms CreateObjectMapping: 11.812750 ms MarkObjects: 221.542750 ms  DeleteObjects: 0.984208 ms)

Opening scene 'Assets/_Game/Scenes/MainMenu.unity'
Unloading 107 Unused Serialized files (Serialized files now loaded: 0)
Loaded scene 'Assets/_Game/Scenes/MainMenu.unity'
	Deserialize:            1.460 ms
	Integration:            55.065 ms
	Integration of assets:  0.003 ms
	Thread Wait Time:       0.021 ms
	Total Operation Time:   56.549 ms
Unloading 120 unused Assets / (1.4 MB). Loaded Objects now: 18847.
Memory consumption went from 0.71 GB to 0.71 GB.
Total: 79.077709 ms (FindLiveObjects: 0.989500 ms CreateObjectMapping: 0.305292 ms MarkObjects: 76.107709 ms  DeleteObjects: 1.121167 ms)

Opening scene 'Assets/_Game/Scenes/Dock.unity'
Unloading 2 Unused Serialized files (Serialized files now loaded: 0)
Loaded scene 'Assets/_Game/Scenes/Dock.unity'
	Deserialize:            7.192 ms
	Integration:            67.492 ms
	Integration of assets:  0.004 ms
	Thread Wait Time:       0.008 ms
	Total Operation Time:   74.695 ms
Unloading 8 unused Assets / (18.2 KB). Loaded Objects now: 19245.
Memory consumption went from 0.71 GB to 0.71 GB.
Total: 102.467125 ms (FindLiveObjects: 1.144042 ms CreateObjectMapping: 0.423125 ms MarkObjects: 100.366792 ms  DeleteObjects: 0.046416 ms)

Opening scene 'Assets/_Game/Scenes/ServiceEntrance.unity'
Unloading 42 Unused Serialized files (Serialized files now loaded: 0)
Loaded scene 'Assets/_Game/Scenes/ServiceEntrance.unity'
	Deserialize:            6.169 ms
	Integration:            61.649 ms
	Integration of assets:  0.011 ms
	Thread Wait Time:       0.015 ms
	Total Operation Time:   67.843 ms
Unloading 27 unused Assets / (51.4 KB). Loaded Objects now: 19472.
Memory consumption went from 0.72 GB to 0.72 GB.
Total: 70.443500 ms (FindLiveObjects: 1.071417 ms CreateObjectMapping: 0.352583 ms MarkObjects: 68.424375 ms  DeleteObjects: 0.108458 ms)

Opening scene 'Assets/_Game/Scenes/MansionOffice.unity'
Unloading 37 Unused Serialized files (Serialized files now loaded: 0)
Loaded scene 'Assets/_Game/Scenes/MansionOffice.unity'
	Deserialize:            4.508 ms
	Integration:            54.958 ms
	Integration of assets:  0.005 ms
	Thread Wait Time:       0.003 ms
	Total Operation Time:   59.475 ms
Unloading 76 unused Assets / (1.8 MB). Loaded Objects now: 19386.
Memory consumption went from 0.72 GB to 0.72 GB.
Total: 72.468167 ms (FindLiveObjects: 1.016042 ms CreateObjectMapping: 0.276833 ms MarkObjects: 70.530916 ms  DeleteObjects: 0.172417 ms)

Opening scene 'Assets/_Game/Scenes/SecurityWing.unity'
Unloading 51 Unused Serialized files (Serialized files now loaded: 0)
Loaded scene 'Assets/_Game/Scenes/SecurityWing.unity'
	Deserialize:            5.126 ms
	Integration:            52.395 ms
	Integration of assets:  0.009 ms
	Thread Wait Time:       0.004 ms
	Total Operation Time:   57.533 ms
Unloading 58 unused Assets / (2.1 MB). Loaded Objects now: 19537.
Memory consumption went from 0.72 GB to 0.72 GB.
Total: 71.273958 ms (FindLiveObjects: 1.045541 ms CreateObjectMapping: 0.372459 ms MarkObjects: 69.232125 ms  DeleteObjects: 0.142375 ms)

Opening scene 'Assets/_Game/Scenes/BunkerServerRoom.unity'
Unloading 25 Unused Serialized files (Serialized files now loaded: 0)
Loaded scene 'Assets/_Game/Scenes/BunkerServerRoom.unity'
	Deserialize:            2.853 ms
	Integration:            50.435 ms
	Integration of assets:  0.004 ms
	Thread Wait Time:       0.003 ms
	Total Operation Time:   53.295 ms
Unloading 43 unused Assets / (4.1 MB). Loaded Objects now: 19365.
Memory consumption went from 0.72 GB to 0.72 GB.
Total: 70.278584 ms (FindLiveObjects: 0.991833 ms CreateObjectMapping: 0.272875 ms MarkObjects: 68.459250 ms  DeleteObjects: 0.098875 ms)

Opening scene 'Assets/_Game/Scenes/BroadcastTower.unity'
Unloading 18 Unused Serialized files (Serialized files now loaded: 0)
Loaded scene 'Assets/_Game/Scenes/BroadcastTower.unity'
	Deserialize:            3.326 ms
	Integration:            54.539 ms
	Integration of assets:  0.005 ms
	Thread Wait Time:       0.002 ms
	Total Operation Time:   57.872 ms
Unloading 35 unused Assets / (64.5 KB). Loaded Objects now: 19380.
Memory consumption went from 0.72 GB to 0.72 GB.
Total: 70.803500 ms (FindLiveObjects: 1.000333 ms CreateObjectMapping: 0.272875 ms MarkObjects: 68.957750 ms  DeleteObjects: 0.081208 ms)

GPU Resident Drawer disposed.
GPU Resident Drawer created.
Unloading 29 Unused Serialized files (Serialized files now loaded: 0)
Unloading 161 unused Assets / (98.8 KB). Loaded Objects now: 18881.
Memory consumption went from 0.72 GB to 0.72 GB.
Total: 78.460542 ms (FindLiveObjects: 1.107834 ms CreateObjectMapping: 0.451417 ms MarkObjects: 75.953375 ms  DeleteObjects: 0.393417 ms)

Unloading 0 Unused Serialized files (Serialized files now loaded: 0)
Unloading 0 unused Assets / (12.2 KB). Loaded Objects now: 18881.
Memory consumption went from 0.71 GB to 0.71 GB.
Total: 79.204958 ms (FindLiveObjects: 1.063666 ms CreateObjectMapping: 0.402625 ms MarkObjects: 77.234292 ms  DeleteObjects: 0.016167 ms)

Unloading 6 Unused Serialized files (Serialized files now loaded: 0)
Unloading 149 unused Assets / (129.8 MB). Loaded Objects now: 18880.
Memory consumption went from 0.84 GB to 0.72 GB.
Total: 159.735417 ms (FindLiveObjects: 1.105542 ms CreateObjectMapping: 1.102208 ms MarkObjects: 145.300750 ms  DeleteObjects: 11.015833 ms)

Compiling shader "Hidden/Universal Render Pipeline/Sampling"
  Pass "BoxDownsample" (vp)
    Target graphics API: metal
    Full variant space:         1
    After settings filtering:   1
    After built-in stripping:   1
    After scriptable stripping: 1
    Processed in 0.54 seconds
  Pass "BoxDownsample" (fp)
    Target graphics API: metal
    Full variant space:         1
    After settings filtering:   1
    After built-in stripping:   1
    After scriptable stripping: 1
    Processed in 0.00 seconds
  Pass BoxDownsample (vp, metal) finished in 0.00 seconds. Local cache hits 1 (0.00s CPU time), remote cache hits 0 (0.00s CPU time), compiled 0 variants (0.00s CPU time), skipped 0 variants.
    Prepared data for serialisation in 0.00s
  Pass BoxDownsample (fp, metal) finished in 0.00 seconds. Local cache hits 1 (0.00s CPU time), remote cache hits 0 (0.00s CPU time), compiled 0 variants (0.00s CPU time), skipped 0 variants.
    Prepared data for serialisation in 0.00s
Serialized binary data for shader Hidden/Universal Render Pipeline/Sampling in 0.00s
    metal (total internal programs: 2, unique: 2)
Compiling shader "Hidden/Universal Render Pipeline/ScreenSpaceAmbientOcclusion"
  Pass "SSAO_Occlusion" (vp)
    Target graphics API: metal
    Full variant space:         1
    After settings filtering:   1
    After built-in stripping:   1
    After scriptable stripping: 1
    Processed in 0.00 seconds
  Pass "SSAO_Occlusion" (fp)
    Target graphics API: metal
    Full variant space:         192
    After settings filtering:   4
    After built-in stripping:   4
    After scriptable stripping: 4
    Processed in 0.00 seconds
  Pass "SSAO_Bilateral_HorizontalBlur" (vp)
    Target graphics API: metal
    Full variant space:         1
    After settings filtering:   1
    After built-in stripping:   1
    After scriptable stripping: 1
    Processed in 0.00 seconds
  Pass "SSAO_Bilateral_HorizontalBlur" (fp)
    Target graphics API: metal
    Full variant space:         1
    After settings filtering:   1
    After built-in stripping:   1
    After scriptable stripping: 1
    Processed in 0.00 seconds
  Pass "SSAO_Bilateral_VerticalBlur" (vp)
    Target graphics API: metal
    Full variant space:         1
    After settings filtering:   1
    After built-in stripping:   1
    After scriptable stripping: 1
    Processed in 0.00 seconds
  Pass "SSAO_Bilateral_VerticalBlur" (fp)
    Target graphics API: metal
    Full variant space:         1
    After settings filtering:   1
    After built-in stripping:   1
    After scriptable stripping: 1
    Processed in 0.00 seconds
  Pass "SSAO_Bilateral_FinalBlur" (vp)
    Target graphics API: metal
    Full variant space:         1
    After settings filtering:   1
    After built-in stripping:   1
    After scriptable stripping: 1
    Processed in 0.00 seconds
  Pass "SSAO_Bilateral_FinalBlur" (fp)
    Target graphics API: metal
    Full variant space:         1
    After settings filtering:   1
    After built-in stripping:   1
    After scriptable stripping: 1
    Processed in 0.00 seconds
  Pass "SSAO_Bilateral_FinalBlur_AfterOpaque" (vp)
    Target graphics API: metal
    Full variant space:         1
    After settings filtering:   1
    After built-in stripping:   1
    After scriptable stripping: 1
    Processed in 0.00 seconds
  Pass "SSAO_Bilateral_FinalBlur_AfterOpaque" (fp)
    Target graphics API: metal
    Full variant space:         1
    After settings filtering:   1
    After built-in stripping:   1
    After scriptable stripping: 1
    Processed in 0.00 seconds
  Pass "SSAO_Gaussian_HorizontalBlur" (vp)
    Target graphics API: metal
    Full variant space:         1
    After settings filtering:   1
    After built-in stripping:   1
    After scriptable stripping: 1
    Processed in 0.00 seconds
  Pass "SSAO_Gaussian_HorizontalBlur" (fp)
    Target graphics API: metal
    Full variant space:         1
    After settings filtering:   1
    After built-in stripping:   1
    After scriptable stripping: 1
    Processed in 0.00 seconds
  Pass "SSAO_Gaussian_VerticalBlur" (vp)
    Target graphics API: metal
    Full variant space:         1
    After settings filtering:   1
    After built-in stripping:   1
    After scriptable stripping: 1
    Processed in 0.00 seconds
  Pass "SSAO_Gaussian_VerticalBlur" (fp)
    Target graphics API: metal
    Full variant space:         1
    After settings filtering:   1
    After built-in stripping:   1
    After scriptable stripping: 1
    Processed in 0.00 seconds
  Pass "SSAO_Gaussian_VerticalBlur_AfterOpaque" (vp)
    Target graphics API: metal
    Full variant space:         1
    After settings filtering:   1
    After built-in stripping:   1
    After scriptable stripping: 1
    Processed in 0.00 seconds
  Pass "SSAO_Gaussian_VerticalBlur_AfterOpaque" (fp)
    Target graphics API: metal
    Full variant space:         1
    After settings filtering:   1
    After built-in stripping:   1
    After scriptable stripping: 1
    Processed in 0.00 seconds
  Pass "SSAO_Kawase" (vp)
    Target graphics API: metal
    Full variant space:         1
    After settings filtering:   1
    After built-in stripping:   1
    After scriptable stripping: 1
    Processed in 0.00 seconds
  Pass "SSAO_Kawase" (fp)
    Target graphics API: metal
    Full variant space:         1
    After settings filtering:   1
    After built-in stripping:   1
    After scriptable stripping: 1
    Processed in 0.00 seconds
  Pass "SSAO_Kawase_AfterOpaque" (vp)
    Target graphics API: metal
    Full variant space:         1
    After settings filtering:   1
    After built-in stripping:   1
    After scriptable stripping: 1
    Processed in 0.00 seconds
  Pass "SSAO_Kawase_AfterOpaque" (fp)
    Target graphics API: metal
    Full variant space:         1
    After settings filtering:   1
    After built-in stripping:   1
    After scriptable stripping: 1
    Processed in 0.00 seconds
  Pass "SSAO_Box_AfterOpaque" (vp)
    Target graphics API: metal
    Full variant space:         1
    After settings filtering:   1
    After built-in stripping:   1
    After scriptable stripping: 1
    Processed in 0.00 seconds
  Pass "SSAO_Box_AfterOpaque" (fp)
    Target graphics API: metal
    Full variant space:         1
    After settings filtering:   1
    After built-in stripping:   1
    After scriptable stripping: 1
    Processed in 0.00 seconds
  Pass SSAO_Occlusion (vp, metal) finished in 0.03 seconds. Local cache hits 1 (0.00s CPU time), remote cache hits 0 (0.00s CPU time), compiled 0 variants (0.00s CPU time), skipped 0 variants.
    Prepared data for serialisation in 0.00s
  Pass SSAO_Occlusion (fp, metal) finished in 0.03 seconds. Local cache hits 4 (0.01s CPU time), remote cache hits 0 (0.00s CPU time), compiled 0 variants (0.00s CPU time), skipped 0 variants.
    Prepared data for serialisation in 0.00s
  Pass SSAO_Bilateral_HorizontalBlur (vp, metal) finished in 0.03 seconds. Local cache hits 1 (0.00s CPU time), remote cache hits 0 (0.00s CPU time), compiled 0 variants (0.00s CPU time), skipped 0 variants.
    Prepared data for serialisation in 0.00s
  Pass SSAO_Bilateral_HorizontalBlur (fp, metal) finished in 0.03 seconds. Local cache hits 1 (0.00s CPU time), remote cache hits 0 (0.00s CPU time), compiled 0 variants (0.00s CPU time), skipped 0 variants.
    Prepared data for serialisation in 0.00s
  Pass SSAO_Bilateral_VerticalBlur (vp, metal) finished in 0.03 seconds. Local cache hits 1 (0.00s CPU time), remote cache hits 0 (0.00s CPU time), compiled 0 variants (0.00s CPU time), skipped 0 variants.
    Prepared data for serialisation in 0.00s
  Pass SSAO_Bilateral_VerticalBlur (fp, metal) finished in 0.03 seconds. Local cache hits 1 (0.00s CPU time), remote cache hits 0 (0.00s CPU time), compiled 0 variants (0.00s CPU time), skipped 0 variants.
    Prepared data for serialisation in 0.00s
  Pass SSAO_Bilateral_FinalBlur (vp, metal) finished in 0.03 seconds. Local cache hits 1 (0.00s CPU time), remote cache hits 0 (0.00s CPU time), compiled 0 variants (0.00s CPU time), skipped 0 variants.
    Prepared data for serialisation in 0.00s
  Pass SSAO_Bilateral_FinalBlur (fp, metal) finished in 0.03 seconds. Local cache hits 1 (0.00s CPU time), remote cache hits 0 (0.00s CPU time), compiled 0 variants (0.00s CPU time), skipped 0 variants.
    Prepared data for serialisation in 0.00s
  Pass SSAO_Bilateral_FinalBlur_AfterOpaque (vp, metal) finished in 0.03 seconds. Local cache hits 1 (0.00s CPU time), remote cache hits 0 (0.00s CPU time), compiled 0 variants (0.00s CPU time), skipped 0 variants.
    Prepared data for serialisation in 0.00s
  Pass SSAO_Bilateral_FinalBlur_AfterOpaque (fp, metal) finished in 0.03 seconds. Local cache hits 1 (0.00s CPU time), remote cache hits 0 (0.00s CPU time), compiled 0 variants (0.00s CPU time), skipped 0 variants.
    Prepared data for serialisation in 0.00s
  Pass SSAO_Gaussian_HorizontalBlur (vp, metal) finished in 0.03 seconds. Local cache hits 1 (0.00s CPU time), remote cache hits 0 (0.00s CPU time), compiled 0 variants (0.00s CPU time), skipped 0 variants.
    Prepared data for serialisation in 0.00s
  Pass SSAO_Gaussian_HorizontalBlur (fp, metal) finished in 0.03 seconds. Local cache hits 1 (0.00s CPU time), remote cache hits 0 (0.00s CPU time), compiled 0 variants (0.00s CPU time), skipped 0 variants.
    Prepared data for serialisation in 0.00s
  Pass SSAO_Gaussian_VerticalBlur (vp, metal) finished in 0.03 seconds. Local cache hits 1 (0.00s CPU time), remote cache hits 0 (0.00s CPU time), compiled 0 variants (0.00s CPU time), skipped 0 variants.
    Prepared data for serialisation in 0.00s
  Pass SSAO_Gaussian_VerticalBlur (fp, metal) finished in 0.03 seconds. Local cache hits 1 (0.00s CPU time), remote cache hits 0 (0.00s CPU time), compiled 0 variants (0.00s CPU time), skipped 0 variants.
    Prepared data for serialisation in 0.00s
  Pass SSAO_Gaussian_VerticalBlur_AfterOpaque (vp, metal) finished in 0.03 seconds. Local cache hits 1 (0.00s CPU time), remote cache hits 0 (0.00s CPU time), compiled 0 variants (0.00s CPU time), skipped 0 variants.
    Prepared data for serialisation in 0.00s
  Pass SSAO_Gaussian_VerticalBlur_AfterOpaque (fp, metal) finished in 0.03 seconds. Local cache hits 1 (0.00s CPU time), remote cache hits 0 (0.00s CPU time), compiled 0 variants (0.00s CPU time), skipped 0 variants.
    Prepared data for serialisation in 0.00s
  Pass SSAO_Kawase (vp, metal) finished in 0.03 seconds. Local cache hits 1 (0.00s CPU time), remote cache hits 0 (0.00s CPU time), compiled 0 variants (0.00s CPU time), skipped 0 variants.
    Prepared data for serialisation in 0.00s
  Pass SSAO_Kawase (fp, metal) finished in 0.03 seconds. Local cache hits 1 (0.00s CPU time), remote cache hits 0 (0.00s CPU time), compiled 0 variants (0.00s CPU time), skipped 0 variants.
    Prepared data for serialisation in 0.00s
  Pass SSAO_Kawase_AfterOpaque (vp, metal) finished in 0.03 seconds. Local cache hits 1 (0.00s CPU time), remote cache hits 0 (0.00s CPU time), compiled 0 variants (0.00s CPU time), skipped 0 variants.
    Prepared data for serialisation in 0.00s
  Pass SSAO_Kawase_AfterOpaque (fp, metal) finished in 0.03 seconds. Local cache hits 1 (0.00s CPU time), remote cache hits 0 (0.00s CPU time), compiled 0 variants (0.00s CPU time), skipped 0 variants.
    Prepared data for serialisation in 0.00s
  Pass SSAO_Box_AfterOpaque (vp, metal) finished in 0.00 seconds. Local cache hits 1 (0.00s CPU time), remote cache hits 0 (0.00s CPU time), compiled 0 variants (0.00s CPU time), skipped 0 variants.
    Prepared data for serialisation in 0.00s
  Pass SSAO_Box_AfterOpaque (fp, metal) finished in 0.00 seconds. Local cache hits 1 (0.00s CPU time), remote cache hits 0 (0.00s CPU time), compiled 0 variants (0.00s CPU time), skipped 0 variants.
    Prepared data for serialisation in 0.00s
Serialized binary data for shader Hidden/Universal Render Pipeline/ScreenSpaceAmbientOcclusion in 0.00s
    metal (total internal programs: 25, unique: 15)
Compiling shader "Hidden/Universal Render Pipeline/Stop NaN"
  Pass "Stop NaN" (vp)
    Target graphics API: metal
    Full variant space:         1
    After settings filtering:   1
    After built-in stripping:   1
    After scriptable stripping: 1
    Processed in 0.00 seconds
  Pass "Stop NaN" (fp)
    Target graphics API: metal
    Full variant space:         1
    After settings filtering:   1
    After built-in stripping:   1
    After scriptable stripping: 1
    Processed in 0.00 seconds
  Pass Stop NaN (vp, metal) finished in 0.00 seconds. Local cache hits 1 (0.00s CPU time), remote cache hits 0 (0.00s CPU time), compiled 0 variants (0.00s CPU time), skipped 0 variants.
    Prepared data for serialisation in 0.00s
  Pass Stop NaN (fp, metal) finished in 0.00 seconds. Local cache hits 1 (0.00s CPU time), remote cache hits 0 (0.00s CPU time), compiled 0 variants (0.00s CPU time), skipped 0 variants.
    Prepared data for serialisation in 0.00s
Serialized binary data for shader Hidden/Universal Render Pipeline/Stop NaN in 0.00s
    metal (total internal programs: 2, unique: 2)
Compiling shader "Hidden/CoreSRP/CoreCopy"
  Pass "Copy" (vp)
    Target graphics API: metal
    Full variant space:         1
    After settings filtering:   1
    After built-in stripping:   1
    After scriptable stripping: 1
    Processed in 0.00 seconds
  Pass "Copy" (fp)
    Target graphics API: metal
    Full variant space:         2
    After settings filtering:   2
    After built-in stripping:   2
    After scriptable stripping: 2
    Processed in 0.00 seconds
  Pass "CopyMS" (vp)
    Target graphics API: metal
    Full variant space:         1
    After settings filtering:   1
    After built-in stripping:   1
    After scriptable stripping: 1
    Processed in 0.00 seconds
  Pass "CopyMS" (fp)
    Target graphics API: metal
    Full variant space:         2
    After settings filtering:   2
    After built-in stripping:   2
    After scriptable stripping: 2
    Processed in 0.00 seconds
  Pass "Copy" (vp)
    Target graphics API: metal
    Full variant space:         1
    After settings filtering:   1
    After built-in stripping:   1
    After scriptable stripping: 1
    Processed in 0.00 seconds
  Pass "Copy" (fp)
    Target graphics API: metal
    Full variant space:         2
    After settings filtering:   2
    After built-in stripping:   2
    After scriptable stripping: 2
    Processed in 0.00 seconds
  Pass Copy (vp, metal) finished in 0.00 seconds. Local cache hits 1 (0.00s CPU time), remote cache hits 0 (0.00s CPU time), compiled 0 variants (0.00s CPU time), skipped 0 variants.
    Prepared data for serialisation in 0.00s
  Pass Copy (fp, metal) finished in 0.00 seconds. Local cache hits 2 (0.00s CPU time), remote cache hits 0 (0.00s CPU time), compiled 0 variants (0.00s CPU time), skipped 0 variants.
    Prepared data for serialisation in 0.00s
  Pass CopyMS (vp, metal) finished in 0.00 seconds. Local cache hits 1 (0.00s CPU time), remote cache hits 0 (0.00s CPU time), compiled 0 variants (0.00s CPU time), skipped 0 variants.
    Prepared data for serialisation in 0.00s
  Pass CopyMS (fp, metal) finished in 0.00 seconds. Local cache hits 2 (0.00s CPU time), remote cache hits 0 (0.00s CPU time), compiled 0 variants (0.00s CPU time), skipped 0 variants.
    Prepared data for serialisation in 0.00s
  Pass Copy (vp, metal) finished in 0.00 seconds. Local cache hits 1 (0.00s CPU time), remote cache hits 0 (0.00s CPU time), compiled 0 variants (0.00s CPU time), skipped 0 variants.
    Prepared data for serialisation in 0.00s
  Pass Copy (fp, metal) finished in 0.00 seconds. Local cache hits 2 (0.00s CPU time), remote cache hits 0 (0.00s CPU time), compiled 0 variants (0.00s CPU time), skipped 0 variants.
    Prepared data for serialisation in 0.00s
Serialized binary data for shader Hidden/CoreSRP/CoreCopy in 0.00s
    metal (total internal programs: 9, unique: 5)
Compiling shader "Hidden/Universal Render Pipeline/CameraMotionBlur"
  Pass "Camera Motion Blur - Low Quality" (vp)
    Target graphics API: metal
    Full variant space:         1
    After settings filtering:   1
    After built-in stripping:   1
    After scriptable stripping: 0
    Processed in 0.00 seconds
  Pass "Camera Motion Blur - Low Quality" (fp)
    Target graphics API: metal
    Full variant space:         2
    After settings filtering:   1
    After built-in stripping:   1
    After scriptable stripping: 0
    Processed in 0.00 seconds
  Pass "Camera Motion Blur - Medium Quality" (vp)
    Target graphics API: metal
    Full variant space:         1
    After settings filtering:   1
    After built-in stripping:   1
    After scriptable stripping: 0
    Processed in 0.00 seconds
  Pass "Camera Motion Blur - Medium Quality" (fp)
    Target graphics API: metal
    Full variant space:         2
    After settings filtering:   1
    After built-in stripping:   1
    After scriptable stripping: 0
    Processed in 0.00 seconds
  Pass "Camera Motion Blur - High Quality" (vp)
    Target graphics API: metal
    Full variant space:         1
    After settings filtering:   1
    After built-in stripping:   1
    After scriptable stripping: 0
    Processed in 0.00 seconds
  Pass "Camera Motion Blur - High Quality" (fp)
    Target graphics API: metal
    Full variant space:         2
    After settings filtering:   1
    After built-in stripping:   1
    After scriptable stripping: 0
    Processed in 0.00 seconds
  Pass "Camera And Object Motion Blur - Low Quality" (vp)
    Target graphics API: metal
    Full variant space:         1
    After settings filtering:   1
    After built-in stripping:   1
    After scriptable stripping: 0
    Processed in 0.00 seconds
  Pass "Camera And Object Motion Blur - Low Quality" (fp)
    Target graphics API: metal
    Full variant space:         2
    After settings filtering:   1
    After built-in stripping:   1
    After scriptable stripping: 0
    Processed in 0.00 seconds
  Pass "Camera And Object Motion Blur - Medium Quality" (vp)
    Target graphics API: metal
    Full variant space:         1
    After settings filtering:   1
    After built-in stripping:   1
    After scriptable stripping: 0
    Processed in 0.00 seconds
  Pass "Camera And Object Motion Blur - Medium Quality" (fp)
    Target graphics API: metal
    Full variant space:         2
    After settings filtering:   1
    After built-in stripping:   1
    After scriptable stripping: 0
    Processed in 0.00 seconds
  Pass "Camera And Object Motion Blur - High Quality" (vp)
    Target graphics API: metal
    Full variant space:         1
    After settings filtering:   1
    After built-in stripping:   1
    After scriptable stripping: 0
    Processed in 0.00 seconds
  Pass "Camera And Object Motion Blur - High Quality" (fp)
    Target graphics API: metal
    Full variant space:         2
    After settings filtering:   1
    After built-in stripping:   1
    After scriptable stripping: 0
    Processed in 0.00 seconds
Serialized binary data for shader Hidden/Universal Render Pipeline/CameraMotionBlur in 0.00s
    metal (total internal programs: 0, unique: 0)
Compiling shader "Hidden/Universal Render Pipeline/ClusterDeferred"
  Pass "Deferred Clustered Lights (Lit)" (vp)
    Target graphics API: metal
    Full variant space:         2
    After settings filtering:   1
    After built-in stripping:   1
    After scriptable stripping: 0
    Processed in 0.00 seconds
  Pass "Deferred Clustered Lights (Lit)" (fp)
    Target graphics API: metal
    Full variant space:         10.240
    After settings filtering:   32
    After built-in stripping:   8
    After scriptable stripping: 0
    Processed in 0.00 seconds
  Pass "Deferred Clustered Lights (SimpleLit)" (vp)
    Target graphics API: metal
    Full variant space:         2
    After settings filtering:   1
    After built-in stripping:   1
    After scriptable stripping: 0
    Processed in 0.00 seconds
  Pass "Deferred Clustered Lights (SimpleLit)" (fp)
    Target graphics API: metal
    Full variant space:         10.240
    After settings filtering:   32
    After built-in stripping:   8
    After scriptable stripping: 0
    Processed in 0.00 seconds
  Pass "Fog" (vp)
    Target graphics API: metal
    Full variant space:         4
    After settings filtering:   4
    After built-in stripping:   3
    After scriptable stripping: 0
    Processed in 0.00 seconds
  Pass "Fog" (fp)
    Target graphics API: metal
    Full variant space:         8
    After settings filtering:   4
    After built-in stripping:   3
    After scriptable stripping: 0
    Processed in 0.00 seconds
Serialized binary data for shader Hidden/Universal Render Pipeline/ClusterDeferred in 0.00s
    metal (total internal programs: 0, unique: 0)
Compiling shader "Hidden/TerrainEngine/Details/UniversalPipeline/BillboardWavingDoublePass"
  Pass "ForwardLit" (vp)
    Target graphics API: metal
    Full variant space:         3.072
    After settings filtering:   256
    After built-in stripping:   6
    After scriptable stripping: 6
    Processed in 0.00 seconds
  Pass "ForwardLit" (fp)
    Target graphics API: metal
    Full variant space:         491.520
    After settings filtering:   512
    After built-in stripping:   12
    After scriptable stripping: 12
    Processed in 0.00 seconds
  Pass "GBuffer" (vp)
    Target graphics API: metal
    Full variant space:         32
    After settings filtering:   16
    After built-in stripping:   2
    After scriptable stripping: 0
    Processed in 0.00 seconds
  Pass "GBuffer" (fp)
    Target graphics API: metal
    Full variant space:         1.280
    After settings filtering:   32
    After built-in stripping:   4
    After scriptable stripping: 0
    Processed in 0.00 seconds
  Pass "DepthOnly" (vp)
    Target graphics API: metal
    Full variant space:         2
    After settings filtering:   2
    After built-in stripping:   1
    After scriptable stripping: 1
    Processed in 0.00 seconds
  Pass "DepthOnly" (fp)
    Target graphics API: metal
    Full variant space:         2
    After settings filtering:   2
    After built-in stripping:   1
    After scriptable stripping: 1
    Processed in 0.00 seconds
  Pass "DepthNormals" (vp)
    Target graphics API: metal
    Full variant space:         2
    After settings filtering:   2
    After built-in stripping:   1
    After scriptable stripping: 1
    Processed in 0.00 seconds
  Pass "DepthNormals" (fp)
    Target graphics API: metal
    Full variant space:         4
    After settings filtering:   2
    After built-in stripping:   1
    After scriptable stripping: 1
    Processed in 0.00 seconds
  Pass ForwardLit (vp, metal) finished in 0.00 seconds. Local cache hits 6 (0.01s CPU time), remote cache hits 0 (0.00s CPU time), compiled 0 variants (0.00s CPU time), skipped 0 variants.
    Prepared data for serialisation in 0.00s
  Pass ForwardLit (fp, metal) finished in 0.00 seconds. Local cache hits 12 (0.02s CPU time), remote cache hits 0 (0.00s CPU time), compiled 0 variants (0.00s CPU time), skipped 0 variants.
    Prepared data for serialisation in 0.00s
  Pass DepthOnly (vp, metal) finished in 0.00 seconds. Local cache hits 1 (0.00s CPU time), remote cache hits 0 (0.00s CPU time), compiled 0 variants (0.00s CPU time), skipped 0 variants.
    Prepared data for serialisation in 0.00s
  Pass DepthOnly (fp, metal) finished in 0.00 seconds. Local cache hits 1 (0.00s CPU time), remote cache hits 0 (0.00s CPU time), compiled 0 variants (0.00s CPU time), skipped 0 variants.
    Prepared data for serialisation in 0.00s
  Pass DepthNormals (vp, metal) finished in 0.00 seconds. Local cache hits 1 (0.00s CPU time), remote cache hits 0 (0.00s CPU time), compiled 0 variants (0.00s CPU time), skipped 0 variants.
    Prepared data for serialisation in 0.00s
  Pass DepthNormals (fp, metal) finished in 0.00 seconds. Local cache hits 1 (0.00s CPU time), remote cache hits 0 (0.00s CPU time), compiled 0 variants (0.00s CPU time), skipped 0 variants.
    Prepared data for serialisation in 0.00s
Serialized binary data for shader Hidden/TerrainEngine/Details/UniversalPipeline/BillboardWavingDoublePass in 0.00s
    metal (total internal programs: 22, unique: 22)
Compiling shader "Hidden/Universal Render Pipeline/BokehDepthOfField"
  Pass "Bokeh Depth Of Field CoC" (vp)
    Target graphics API: metal
    Full variant space:         1
    After settings filtering:   1
    After built-in stripping:   1
    After scriptable stripping: 0
    Processed in 0.00 seconds
  Pass "Bokeh Depth Of Field CoC" (fp)
    Target graphics API: metal
    Full variant space:         2
    After settings filtering:   1
    After built-in stripping:   1
    After scriptable stripping: 0
    Processed in 0.00 seconds
  Pass "Bokeh Depth Of Field Prefilter" (vp)
    Target graphics API: metal
    Full variant space:         1
    After settings filtering:   1
    After built-in stripping:   1
    After scriptable stripping: 0
    Processed in 0.00 seconds
  Pass "Bokeh Depth Of Field Prefilter" (fp)
    Target graphics API: metal
    Full variant space:         2
    After settings filtering:   1
    After built-in stripping:   1
    After scriptable stripping: 0
    Processed in 0.00 seconds
  Pass "Bokeh Depth Of Field Blur" (vp)
    Target graphics API: metal
    Full variant space:         1
    After settings filtering:   1
    After built-in stripping:   1
    After scriptable stripping: 0
    Processed in 0.00 seconds
  Pass "Bokeh Depth Of Field Blur" (fp)
    Target graphics API: metal
    Full variant space:         2
    After settings filtering:   1
    After built-in stripping:   1
    After scriptable stripping: 0
    Processed in 0.00 seconds
  Pass "Bokeh Depth Of Field Post Blur" (vp)
    Target graphics API: metal
    Full variant space:         1
    After settings filtering:   1
    After built-in stripping:   1
    After scriptable stripping: 0
    Processed in 0.00 seconds
  Pass "Bokeh Depth Of Field Post Blur" (fp)
    Target graphics API: metal
    Full variant space:         2
    After settings filtering:   1
    After built-in stripping:   1
    After scriptable stripping: 0
    Processed in 0.00 seconds
  Pass "Bokeh Depth Of Field Composite" (vp)
    Target graphics API: metal
    Full variant space:         1
    After settings filtering:   1
    After built-in stripping:   1
    After scriptable stripping: 0
    Processed in 0.00 seconds
  Pass "Bokeh Depth Of Field Composite" (fp)
    Target graphics API: metal
    Full variant space:         4
    After settings filtering:   1
    After built-in stripping:   1
    After scriptable stripping: 0
    Processed in 0.00 seconds
  Pass "Bokeh Depth Of Field CoC" (vp)
    Target graphics API: metal
    Full variant space:         1
    After settings filtering:   1
    After built-in stripping:   1
    After scriptable stripping: 0
    Processed in 0.00 seconds
  Pass "Bokeh Depth Of Field CoC" (fp)
    Target graphics API: metal
    Full variant space:         2
    After settings filtering:   1
    After built-in stripping:   1
    After scriptable stripping: 0
    Processed in 0.00 seconds
  Pass "Bokeh Depth Of Field Prefilter" (vp)
    Target graphics API: metal
    Full variant space:         1
    After settings filtering:   1
    After built-in stripping:   1
    After scriptable stripping: 0
    Processed in 0.00 seconds
  Pass "Bokeh Depth Of Field Prefilter" (fp)
    Target graphics API: metal
    Full variant space:         2
    After settings filtering:   1
    After built-in stripping:   1
    After scriptable stripping: 0
    Processed in 0.00 seconds
  Pass "Bokeh Depth Of Field Blur" (vp)
    Target graphics API: metal
    Full variant space:         1
    After settings filtering:   1
    After built-in stripping:   1
    After scriptable stripping: 0
    Processed in 0.00 seconds
  Pass "Bokeh Depth Of Field Blur" (fp)
    Target graphics API: metal
    Full variant space:         2
    After settings filtering:   1
    After built-in stripping:   1
    After scriptable stripping: 0
    Processed in 0.00 seconds
  Pass "Bokeh Depth Of Field Post Blur" (vp)
    Target graphics API: metal
    Full variant space:         1
    After settings filtering:   1
    After built-in stripping:   1
    After scriptable stripping: 0
    Processed in 0.00 seconds
  Pass "Bokeh Depth Of Field Post Blur" (fp)
    Target graphics API: metal
    Full variant space:         2
    After settings filtering:   1
    After built-in stripping:   1
    After scriptable stripping: 0
    Processed in 0.00 seconds
  Pass "Bokeh Depth Of Field Composite" (vp)
    Target graphics API: metal
    Full variant space:         1
    After settings filtering:   1
    After built-in stripping:   1
    After scriptable stripping: 0
    Processed in 0.00 seconds
  Pass "Bokeh Depth Of Field Composite" (fp)
    Target graphics API: metal
    Full variant space:         4
    After settings filtering:   1
    After built-in stripping:   1
    After scriptable stripping: 0
    Processed in 0.00 seconds
Serialized binary data for shader Hidden/Universal Render Pipeline/BokehDepthOfField in 0.00s
    metal (total internal programs: 0, unique: 0)
Compiling shader "Hidden/Core/FallbackError"
  Pass "" (vp)
    Target graphics API: metal
    Full variant space:         3
    After settings filtering:   3
    After built-in stripping:   1
    After scriptable stripping: 1
    Processed in 0.00 seconds
  Pass "" (fp)
    Target graphics API: metal
    Full variant space:         3
    After settings filtering:   3
    After built-in stripping:   1
    After scriptable stripping: 1
    Processed in 0.00 seconds
  Pass  (vp, metal) finished in 0.00 seconds. Local cache hits 1 (0.00s CPU time), remote cache hits 0 (0.00s CPU time), compiled 0 variants (0.00s CPU time), skipped 0 variants.
    Prepared data for serialisation in 0.00s
  Pass  (fp, metal) finished in 0.00 seconds. Local cache hits 1 (0.00s CPU time), remote cache hits 0 (0.00s CPU time), compiled 0 variants (0.00s CPU time), skipped 0 variants.
    Prepared data for serialisation in 0.00s
Serialized binary data for shader Hidden/Core/FallbackError in 0.00s
    metal (total internal programs: 2, unique: 2)
Compiling shader "Hidden/Universal Render Pipeline/XR/XROcclusionMesh"
  Pass "" (vp)
    Target graphics API: metal
    Full variant space:         2
    After settings filtering:   1
    After built-in stripping:   1
    After scriptable stripping: 0
    Processed in 0.00 seconds
  Pass "" (fp)
    Target graphics API: metal
    Full variant space:         2
    After settings filtering:   1
    After built-in stripping:   1
    After scriptable stripping: 0
    Processed in 0.00 seconds
Serialized binary data for shader Hidden/Universal Render Pipeline/XR/XROcclusionMesh in 0.00s
    metal (total internal programs: 0, unique: 0)
Compiling shader "Hidden/Universal Render Pipeline/Edge Adaptive Spatial Upsampling"
  Pass "EASU" (vp)
    Target graphics API: metal
    Full variant space:         1
    After settings filtering:   1
    After built-in stripping:   1
    After scriptable stripping: 1
    Processed in 0.00 seconds
  Pass "EASU" (fp)
    Target graphics API: metal
    Full variant space:         2
    After settings filtering:   1
    After built-in stripping:   1
    After scriptable stripping: 1
    Processed in 0.00 seconds
  Pass EASU (vp, metal) finished in 0.00 seconds. Local cache hits 1 (0.00s CPU time), remote cache hits 0 (0.00s CPU time), compiled 0 variants (0.00s CPU time), skipped 0 variants.
    Prepared data for serialisation in 0.00s
  Pass EASU (fp, metal) finished in 0.00 seconds. Local cache hits 1 (0.00s CPU time), remote cache hits 0 (0.00s CPU time), compiled 0 variants (0.00s CPU time), skipped 0 variants.
    Prepared data for serialisation in 0.00s
Serialized binary data for shader Hidden/Universal Render Pipeline/Edge Adaptive Spatial Upsampling in 0.00s
    metal (total internal programs: 2, unique: 2)
Compiling shader "Hidden/Universal/HDRDebugView"
  Pass "" (vp)
    Target graphics API: metal
    Full variant space:         1
    After settings filtering:   1
    After built-in stripping:   1
    After scriptable stripping: 1
    Processed in 0.00 seconds
  Pass "" (fp)
    Target graphics API: metal
    Full variant space:         4
    After settings filtering:   1
    After built-in stripping:   1
    After scriptable stripping: 1
    Processed in 0.00 seconds
  Pass "" (vp)
    Target graphics API: metal
    Full variant space:         1
    After settings filtering:   1
    After built-in stripping:   1
    After scriptable stripping: 1
    Processed in 0.00 seconds
  Pass "" (fp)
    Target graphics API: metal
    Full variant space:         4
    After settings filtering:   1
    After built-in stripping:   1
    After scriptable stripping: 1
    Processed in 0.00 seconds
  Pass  (vp, metal) finished in 0.00 seconds. Local cache hits 1 (0.00s CPU time), remote cache hits 0 (0.00s CPU time), compiled 0 variants (0.00s CPU time), skipped 0 variants.
    Prepared data for serialisation in 0.00s
  Pass  (fp, metal) finished in 0.00 seconds. Local cache hits 1 (0.00s CPU time), remote cache hits 0 (0.00s CPU time), compiled 0 variants (0.00s CPU time), skipped 0 variants.
    Prepared data for serialisation in 0.00s
  Pass  (vp, metal) finished in 0.00 seconds. Local cache hits 1 (0.00s CPU time), remote cache hits 0 (0.00s CPU time), compiled 0 variants (0.00s CPU time), skipped 0 variants.
    Prepared data for serialisation in 0.00s
  Pass  (fp, metal) finished in 0.00 seconds. Local cache hits 1 (0.00s CPU time), remote cache hits 0 (0.00s CPU time), compiled 0 variants (0.00s CPU time), skipped 0 variants.
    Prepared data for serialisation in 0.00s
Serialized binary data for shader Hidden/Universal/HDRDebugView in 0.00s
    metal (total internal programs: 4, unique: 3)
Compiling shader "Hidden/Universal Render Pipeline/GaussianDepthOfField"
  Pass "Gaussian Depth Of Field CoC" (vp)
    Target graphics API: metal
    Full variant space:         1
    After settings filtering:   1
    After built-in stripping:   1
    After scriptable stripping: 0
    Processed in 0.00 seconds
  Pass "Gaussian Depth Of Field CoC" (fp)
    Target graphics API: metal
    Full variant space:         1
    After settings filtering:   1
    After built-in stripping:   1
    After scriptable stripping: 0
    Processed in 0.00 seconds
  Pass "Gaussian Depth Of Field Prefilter" (vp)
    Target graphics API: metal
    Full variant space:         1
    After settings filtering:   1
    After built-in stripping:   1
    After scriptable stripping: 0
    Processed in 0.00 seconds
  Pass "Gaussian Depth Of Field Prefilter" (fp)
    Target graphics API: metal
    Full variant space:         4
    After settings filtering:   2
    After built-in stripping:   2
    After scriptable stripping: 0
    Processed in 0.00 seconds
  Pass "Gaussian Depth Of Field Blur Horizontal" (vp)
    Target graphics API: metal
    Full variant space:         1
    After settings filtering:   1
    After built-in stripping:   1
    After scriptable stripping: 0
    Processed in 0.00 seconds
  Pass "Gaussian Depth Of Field Blur Horizontal" (fp)
    Target graphics API: metal
    Full variant space:         2
    After settings filtering:   1
    After built-in stripping:   1
    After scriptable stripping: 0
    Processed in 0.00 seconds
  Pass "Gaussian Depth Of Field Blur Vertical" (vp)
    Target graphics API: metal
    Full variant space:         1
    After settings filtering:   1
    After built-in stripping:   1
    After scriptable stripping: 0
    Processed in 0.00 seconds
  Pass "Gaussian Depth Of Field Blur Vertical" (fp)
    Target graphics API: metal
    Full variant space:         2
    After settings filtering:   1
    After built-in stripping:   1
    After scriptable stripping: 0
    Processed in 0.00 seconds
  Pass "Gaussian Depth Of Field Composite" (vp)
    Target graphics API: metal
    Full variant space:         1
    After settings filtering:   1
    After built-in stripping:   1
    After scriptable stripping: 0
    Processed in 0.00 seconds
  Pass "Gaussian Depth Of Field Composite" (fp)
    Target graphics API: metal
    Full variant space:         4
    After settings filtering:   2
    After built-in stripping:   2
    After scriptable stripping: 0
    Processed in 0.00 seconds
Serialized binary data for shader Hidden/Universal Render Pipeline/GaussianDepthOfField in 0.00s
    metal (total internal programs: 0, unique: 0)
Compiling shader "Hidden/Universal Render Pipeline/Bloom"
  Pass "Bloom Prefilter" (vp)
    Target graphics API: metal
    Full variant space:         1
    After settings filtering:   1
    After built-in stripping:   1
    After scriptable stripping: 1
    Processed in 0.00 seconds
  Pass "Bloom Prefilter" (fp)
    Target graphics API: metal
    Full variant space:         4
    After settings filtering:   2
    After built-in stripping:   2
    After scriptable stripping: 2
    Processed in 0.00 seconds
  Pass "Bloom Blur Horizontal" (vp)
    Target graphics API: metal
    Full variant space:         1
    After settings filtering:   1
    After built-in stripping:   1
    After scriptable stripping: 1
    Processed in 0.00 seconds
  Pass "Bloom Blur Horizontal" (fp)
    Target graphics API: metal
    Full variant space:         1
    After settings filtering:   1
    After built-in stripping:   1
    After scriptable stripping: 1
    Processed in 0.00 seconds
  Pass "Bloom Blur Vertical" (vp)
    Target graphics API: metal
    Full variant space:         1
    After settings filtering:   1
    After built-in stripping:   1
    After scriptable stripping: 1
    Processed in 0.00 seconds
  Pass "Bloom Blur Vertical" (fp)
    Target graphics API: metal
    Full variant space:         1
    After settings filtering:   1
    After built-in stripping:   1
    After scriptable stripping: 1
    Processed in 0.00 seconds
  Pass "Bloom Upsample" (vp)
    Target graphics API: metal
    Full variant space:         1
    After settings filtering:   1
    After built-in stripping:   1
    After scriptable stripping: 1
    Processed in 0.00 seconds
  Pass "Bloom Upsample" (fp)
    Target graphics API: metal
    Full variant space:         2
    After settings filtering:   2
    After built-in stripping:   2
    After scriptable stripping: 2
    Processed in 0.00 seconds
  Pass "Bloom Kawase" (vp)
    Target graphics API: metal
    Full variant space:         1
    After settings filtering:   1
    After built-in stripping:   1
    After scriptable stripping: 1
    Processed in 0.00 seconds
  Pass "Bloom Kawase" (fp)
    Target graphics API: metal
    Full variant space:         1
    After settings filtering:   1
    After built-in stripping:   1
    After scriptable stripping: 1
    Processed in 0.00 seconds
  Pass "Bloom Dual Downsample" (vp)
    Target graphics API: metal
    Full variant space:         1
    After settings filtering:   1
    After built-in stripping:   1
    After scriptable stripping: 1
    Processed in 0.00 seconds
  Pass "Bloom Dual Downsample" (fp)
    Target graphics API: metal
    Full variant space:         1
    After settings filtering:   1
    After built-in stripping:   1
    After scriptable stripping: 1
    Processed in 0.00 seconds
  Pass "Bloom Dual Upsample" (vp)
    Target graphics API: metal
    Full variant space:         1
    After settings filtering:   1
    After built-in stripping:   1
    After scriptable stripping: 1
    Processed in 0.00 seconds
  Pass "Bloom Dual Upsample" (fp)
    Target graphics API: metal
    Full variant space:         1
    After settings filtering:   1
    After built-in stripping:   1
    After scriptable stripping: 1
    Processed in 0.00 seconds
  Pass Bloom Prefilter (vp, metal) finished in 0.00 seconds. Local cache hits 1 (0.00s CPU time), remote cache hits 0 (0.00s CPU time), compiled 0 variants (0.00s CPU time), skipped 0 variants.
    Prepared data for serialisation in 0.00s
  Pass Bloom Prefilter (fp, metal) finished in 0.00 seconds. Local cache hits 2 (0.00s CPU time), remote cache hits 0 (0.00s CPU time), compiled 0 variants (0.00s CPU time), skipped 0 variants.
    Prepared data for serialisation in 0.00s
  Pass Bloom Blur Horizontal (vp, metal) finished in 0.00 seconds. Local cache hits 1 (0.00s CPU time), remote cache hits 0 (0.00s CPU time), compiled 0 variants (0.00s CPU time), skipped 0 variants.
    Prepared data for serialisation in 0.00s
  Pass Bloom Blur Horizontal (fp, metal) finished in 0.00 seconds. Local cache hits 1 (0.00s CPU time), remote cache hits 0 (0.00s CPU time), compiled 0 variants (0.00s CPU time), skipped 0 variants.
    Prepared data for serialisation in 0.00s
  Pass Bloom Blur Vertical (vp, metal) finished in 0.00 seconds. Local cache hits 1 (0.00s CPU time), remote cache hits 0 (0.00s CPU time), compiled 0 variants (0.00s CPU time), skipped 0 variants.
    Prepared data for serialisation in 0.00s
  Pass Bloom Blur Vertical (fp, metal) finished in 0.00 seconds. Local cache hits 1 (0.00s CPU time), remote cache hits 0 (0.00s CPU time), compiled 0 variants (0.00s CPU time), skipped 0 variants.
    Prepared data for serialisation in 0.00s
  Pass Bloom Upsample (vp, metal) finished in 0.00 seconds. Local cache hits 1 (0.00s CPU time), remote cache hits 0 (0.00s CPU time), compiled 0 variants (0.00s CPU time), skipped 0 variants.
    Prepared data for serialisation in 0.00s
  Pass Bloom Upsample (fp, metal) finished in 0.00 seconds. Local cache hits 2 (0.00s CPU time), remote cache hits 0 (0.00s CPU time), compiled 0 variants (0.00s CPU time), skipped 0 variants.
    Prepared data for serialisation in 0.00s
  Pass Bloom Kawase (vp, metal) finished in 0.00 seconds. Local cache hits 1 (0.00s CPU time), remote cache hits 0 (0.00s CPU time), compiled 0 variants (0.00s CPU time), skipped 0 variants.
    Prepared data for serialisation in 0.00s
  Pass Bloom Kawase (fp, metal) finished in 0.00 seconds. Local cache hits 1 (0.00s CPU time), remote cache hits 0 (0.00s CPU time), compiled 0 variants (0.00s CPU time), skipped 0 variants.
    Prepared data for serialisation in 0.00s
  Pass Bloom Dual Downsample (vp, metal) finished in 0.00 seconds. Local cache hits 1 (0.00s CPU time), remote cache hits 0 (0.00s CPU time), compiled 0 variants (0.00s CPU time), skipped 0 variants.
    Prepared data for serialisation in 0.00s
  Pass Bloom Dual Downsample (fp, metal) finished in 0.00 seconds. Local cache hits 1 (0.00s CPU time), remote cache hits 0 (0.00s CPU time), compiled 0 variants (0.00s CPU time), skipped 0 variants.
    Prepared data for serialisation in 0.00s
  Pass Bloom Dual Upsample (vp, metal) finished in 0.00 seconds. Local cache hits 1 (0.00s CPU time), remote cache hits 0 (0.00s CPU time), compiled 0 variants (0.00s CPU time), skipped 0 variants.
    Prepared data for serialisation in 0.00s
  Pass Bloom Dual Upsample (fp, metal) finished in 0.00 seconds. Local cache hits 1 (0.00s CPU time), remote cache hits 0 (0.00s CPU time), compiled 0 variants (0.00s CPU time), skipped 0 variants.
    Prepared data for serialisation in 0.00s
Serialized binary data for shader Hidden/Universal Render Pipeline/Bloom in 0.00s
    metal (total internal programs: 16, unique: 10)
Compiling shader "Hidden/Core/VrsVisualization"
  Pass "VrsVisualization" (vp)
    Target graphics API: metal
    Full variant space:         1
    After settings filtering:   1
    After built-in stripping:   1
    After scriptable stripping: 1
    Processed in 0.00 seconds
  Pass "VrsVisualization" (fp)
    Target graphics API: metal
    Full variant space:         1
    After settings filtering:   1
    After built-in stripping:   1
    After scriptable stripping: 1
    Processed in 0.00 seconds
  Pass VrsVisualization (vp, metal) finished in 0.00 seconds. Local cache hits 1 (0.00s CPU time), remote cache hits 0 (0.00s CPU time), compiled 0 variants (0.00s CPU time), skipped 0 variants.
    Prepared data for serialisation in 0.00s
  Pass VrsVisualization (fp, metal) finished in 0.00 seconds. Local cache hits 1 (0.00s CPU time), remote cache hits 0 (0.00s CPU time), compiled 0 variants (0.00s CPU time), skipped 0 variants.
    Prepared data for serialisation in 0.00s
Serialized binary data for shader Hidden/Core/VrsVisualization in 0.00s
    metal (total internal programs: 2, unique: 2)
Compiling shader "Hidden/ColorPyramidPS"
  Pass "" (vp)
    Target graphics API: metal
    Full variant space:         2
    After settings filtering:   2
    After built-in stripping:   2
    After scriptable stripping: 2
    Processed in 0.00 seconds
  Pass "" (fp)
    Target graphics API: metal
    Full variant space:         2
    After settings filtering:   2
    After built-in stripping:   2
    After scriptable stripping: 2
    Processed in 0.00 seconds
  Pass  (vp, metal) finished in 0.00 seconds. Local cache hits 2 (0.00s CPU time), remote cache hits 0 (0.00s CPU time), compiled 0 variants (0.00s CPU time), skipped 0 variants.
    Prepared data for serialisation in 0.00s
  Pass  (fp, metal) finished in 0.00 seconds. Local cache hits 2 (0.00s CPU time), remote cache hits 0 (0.00s CPU time), compiled 0 variants (0.00s CPU time), skipped 0 variants.
    Prepared data for serialisation in 0.00s
Serialized binary data for shader Hidden/ColorPyramidPS in 0.00s
    metal (total internal programs: 4, unique: 4)
Compiling shader "Hidden/Universal Render Pipeline/SubpixelMorphologicalAntialiasing"
  Pass "" (vp)
    Target graphics API: metal
    Full variant space:         3
    After settings filtering:   3
    After built-in stripping:   3
    After scriptable stripping: 3
    Processed in 0.00 seconds
  Pass "" (fp)
    Target graphics API: metal
    Full variant space:         3
    After settings filtering:   3
    After built-in stripping:   3
    After scriptable stripping: 3
    Processed in 0.00 seconds
  Pass "" (vp)
    Target graphics API: metal
    Full variant space:         3
    After settings filtering:   3
    After built-in stripping:   3
    After scriptable stripping: 3
    Processed in 0.00 seconds
  Pass "" (fp)
    Target graphics API: metal
    Full variant space:         3
    After settings filtering:   3
    After built-in stripping:   3
    After scriptable stripping: 3
    Processed in 0.00 seconds
  Pass "" (vp)
    Target graphics API: metal
    Full variant space:         3
    After settings filtering:   3
    After built-in stripping:   3
    After scriptable stripping: 3
    Processed in 0.00 seconds
  Pass "" (fp)
    Target graphics API: metal
    Full variant space:         3
    After settings filtering:   3
    After built-in stripping:   3
    After scriptable stripping: 3
    Processed in 0.00 seconds
  Pass  (vp, metal) finished in 0.00 seconds. Local cache hits 3 (0.00s CPU time), remote cache hits 0 (0.00s CPU time), compiled 0 variants (0.00s CPU time), skipped 0 variants.
    Prepared data for serialisation in 0.00s
  Pass  (fp, metal) finished in 0.00 seconds. Local cache hits 3 (0.00s CPU time), remote cache hits 0 (0.00s CPU time), compiled 0 variants (0.00s CPU time), skipped 0 variants.
    Prepared data for serialisation in 0.00s
  Pass  (vp, metal) finished in 0.00 seconds. Local cache hits 3 (0.00s CPU time), remote cache hits 0 (0.00s CPU time), compiled 0 variants (0.00s CPU time), skipped 0 variants.
    Prepared data for serialisation in 0.00s
  Pass  (fp, metal) finished in 0.00 seconds. Local cache hits 3 (0.00s CPU time), remote cache hits 0 (0.00s CPU time), compiled 0 variants (0.00s CPU time), skipped 0 variants.
    Prepared data for serialisation in 0.00s
  Pass  (vp, metal) finished in 0.00 seconds. Local cache hits 3 (0.00s CPU time), remote cache hits 0 (0.00s CPU time), compiled 0 variants (0.00s CPU time), skipped 0 variants.
    Prepared data for serialisation in 0.00s
  Pass  (fp, metal) finished in 0.00 seconds. Local cache hits 3 (0.00s CPU time), remote cache hits 0 (0.00s CPU time), compiled 0 variants (0.00s CPU time), skipped 0 variants.
    Prepared data for serialisation in 0.00s
Serialized binary data for shader Hidden/Universal Render Pipeline/SubpixelMorphologicalAntialiasing in 0.00s
    metal (total internal programs: 18, unique: 18)
Compiling shader "Hidden/Universal Render Pipeline/LutBuilderLdr"
  Pass "LutBuilderLdr" (vp)
    Target graphics API: metal
    Full variant space:         1
    After settings filtering:   1
    After built-in stripping:   1
    After scriptable stripping: 1
    Processed in 0.00 seconds
  Pass "LutBuilderLdr" (fp)
    Target graphics API: metal
    Full variant space:         1
    After settings filtering:   1
    After built-in stripping:   1
    After scriptable stripping: 1
    Processed in 0.00 seconds
  Pass LutBuilderLdr (vp, metal) finished in 0.00 seconds. Local cache hits 1 (0.00s CPU time), remote cache hits 0 (0.00s CPU time), compiled 0 variants (0.00s CPU time), skipped 0 variants.
    Prepared data for serialisation in 0.00s
  Pass LutBuilderLdr (fp, metal) finished in 0.00 seconds. Local cache hits 1 (0.00s CPU time), remote cache hits 0 (0.00s CPU time), compiled 0 variants (0.00s CPU time), skipped 0 variants.
    Prepared data for serialisation in 0.00s
Serialized binary data for shader Hidden/Universal Render Pipeline/LutBuilderLdr in 0.00s
    metal (total internal programs: 2, unique: 2)
Compiling shader "Hidden/Universal Render Pipeline/LensFlareDataDriven"
  Pass "LensFlareAdditive" (vp)
    Target graphics API: metal
    Full variant space:         4
    After settings filtering:   4
    After built-in stripping:   4
    After scriptable stripping: 4
    Processed in 0.00 seconds
  Pass "LensFlareAdditive" (fp)
    Target graphics API: metal
    Full variant space:         4
    After settings filtering:   4
    After built-in stripping:   4
    After scriptable stripping: 4
    Processed in 0.00 seconds
  Pass "LensFlareScreen" (vp)
    Target graphics API: metal
    Full variant space:         4
    After settings filtering:   4
    After built-in stripping:   4
    After scriptable stripping: 4
    Processed in 0.00 seconds
  Pass "LensFlareScreen" (fp)
    Target graphics API: metal
    Full variant space:         4
    After settings filtering:   4
    After built-in stripping:   4
    After scriptable stripping: 4
    Processed in 0.00 seconds
  Pass "LensFlarePremultiply" (vp)
    Target graphics API: metal
    Full variant space:         4
    After settings filtering:   4
    After built-in stripping:   4
    After scriptable stripping: 4
    Processed in 0.00 seconds
  Pass "LensFlarePremultiply" (fp)
    Target graphics API: metal
    Full variant space:         4
    After settings filtering:   4
    After built-in stripping:   4
    After scriptable stripping: 4
    Processed in 0.00 seconds
  Pass "LensFlareLerp" (vp)
    Target graphics API: metal
    Full variant space:         4
    After settings filtering:   4
    After built-in stripping:   4
    After scriptable stripping: 4
    Processed in 0.00 seconds
  Pass "LensFlareLerp" (fp)
    Target graphics API: metal
    Full variant space:         4
    After settings filtering:   4
    After built-in stripping:   4
    After scriptable stripping: 4
    Processed in 0.00 seconds
  Pass "LensFlareOcclusion" (vp)
    Target graphics API: metal
    Full variant space:         1
    After settings filtering:   1
    After built-in stripping:   1
    After scriptable stripping: 1
    Processed in 0.00 seconds
  Pass "LensFlareOcclusion" (fp)
    Target graphics API: metal
    Full variant space:         1
    After settings filtering:   1
    After built-in stripping:   1
    After scriptable stripping: 1
    Processed in 0.00 seconds
  Pass LensFlareAdditive (vp, metal) finished in 0.00 seconds. Local cache hits 4 (0.01s CPU time), remote cache hits 0 (0.00s CPU time), compiled 0 variants (0.00s CPU time), skipped 0 variants.
    Prepared data for serialisation in 0.00s
  Pass LensFlareAdditive (fp, metal) finished in 0.00 seconds. Local cache hits 4 (0.01s CPU time), remote cache hits 0 (0.00s CPU time), compiled 0 variants (0.00s CPU time), skipped 0 variants.
    Prepared data for serialisation in 0.00s
  Pass LensFlareScreen (vp, metal) finished in 0.00 seconds. Local cache hits 4 (0.00s CPU time), remote cache hits 0 (0.00s CPU time), compiled 0 variants (0.00s CPU time), skipped 0 variants.
    Prepared data for serialisation in 0.00s
  Pass LensFlareScreen (fp, metal) finished in 0.00 seconds. Local cache hits 4 (0.00s CPU time), remote cache hits 0 (0.00s CPU time), compiled 0 variants (0.00s CPU time), skipped 0 variants.
    Prepared data for serialisation in 0.00s
  Pass LensFlarePremultiply (vp, metal) finished in 0.00 seconds. Local cache hits 4 (0.00s CPU time), remote cache hits 0 (0.00s CPU time), compiled 0 variants (0.00s CPU time), skipped 0 variants.
    Prepared data for serialisation in 0.00s
  Pass LensFlarePremultiply (fp, metal) finished in 0.00 seconds. Local cache hits 4 (0.00s CPU time), remote cache hits 0 (0.00s CPU time), compiled 0 variants (0.00s CPU time), skipped 0 variants.
    Prepared data for serialisation in 0.00s
  Pass LensFlareLerp (vp, metal) finished in 0.00 seconds. Local cache hits 4 (0.00s CPU time), remote cache hits 0 (0.00s CPU time), compiled 0 variants (0.00s CPU time), skipped 0 variants.
    Prepared data for serialisation in 0.00s
  Pass LensFlareLerp (fp, metal) finished in 0.00 seconds. Local cache hits 4 (0.00s CPU time), remote cache hits 0 (0.00s CPU time), compiled 0 variants (0.00s CPU time), skipped 0 variants.
    Prepared data for serialisation in 0.00s
  Pass LensFlareOcclusion (vp, metal) finished in 0.00 seconds. Local cache hits 1 (0.00s CPU time), remote cache hits 0 (0.00s CPU time), compiled 0 variants (0.00s CPU time), skipped 0 variants.
    Prepared data for serialisation in 0.00s
  Pass LensFlareOcclusion (fp, metal) finished in 0.00 seconds. Local cache hits 1 (0.00s CPU time), remote cache hits 0 (0.00s CPU time), compiled 0 variants (0.00s CPU time), skipped 0 variants.
    Prepared data for serialisation in 0.00s
Serialized binary data for shader Hidden/Universal Render Pipeline/LensFlareDataDriven in 0.00s
    metal (total internal programs: 34, unique: 14)
Compiling shader "Hidden/Universal Render Pipeline/LensFlareScreenSpace"
  Pass "LensFlareScreenSpac Prefilter" (vp)
    Target graphics API: metal
    Full variant space:         1
    After settings filtering:   1
    After built-in stripping:   1
    After scriptable stripping: 1
    Processed in 0.00 seconds
  Pass "LensFlareScreenSpac Prefilter" (fp)
    Target graphics API: metal
    Full variant space:         1
    After settings filtering:   1
    After built-in stripping:   1
    After scriptable stripping: 1
    Processed in 0.00 seconds
  Pass "LensFlareScreenSpace Downsample" (vp)
    Target graphics API: metal
    Full variant space:         1
    After settings filtering:   1
    After built-in stripping:   1
    After scriptable stripping: 1
    Processed in 0.00 seconds
  Pass "LensFlareScreenSpace Downsample" (fp)
    Target graphics API: metal
    Full variant space:         1
    After settings filtering:   1
    After built-in stripping:   1
    After scriptable stripping: 1
    Processed in 0.00 seconds
  Pass "LensFlareScreenSpace Upsample" (vp)
    Target graphics API: metal
    Full variant space:         1
    After settings filtering:   1
    After built-in stripping:   1
    After scriptable stripping: 1
    Processed in 0.00 seconds
  Pass "LensFlareScreenSpace Upsample" (fp)
    Target graphics API: metal
    Full variant space:         1
    After settings filtering:   1
    After built-in stripping:   1
    After scriptable stripping: 1
    Processed in 0.00 seconds
  Pass "LensFlareScreenSpace Composition" (vp)
    Target graphics API: metal
    Full variant space:         1
    After settings filtering:   1
    After built-in stripping:   1
    After scriptable stripping: 1
    Processed in 0.00 seconds
  Pass "LensFlareScreenSpace Composition" (fp)
    Target graphics API: metal
    Full variant space:         1
    After settings filtering:   1
    After built-in stripping:   1
    After scriptable stripping: 1
    Processed in 0.00 seconds
  Pass "LensFlareScreenSpace Write to BloomTexture" (vp)
    Target graphics API: metal
    Full variant space:         1
    After settings filtering:   1
    After built-in stripping:   1
    After scriptable stripping: 1
    Processed in 0.00 seconds
  Pass "LensFlareScreenSpace Write to BloomTexture" (fp)
    Target graphics API: metal
    Full variant space:         1
    After settings filtering:   1
    After built-in stripping:   1
    After scriptable stripping: 1
    Processed in 0.00 seconds
  Pass LensFlareScreenSpac Prefilter (vp, metal) finished in 0.00 seconds. Local cache hits 1 (0.00s CPU time), remote cache hits 0 (0.00s CPU time), compiled 0 variants (0.00s CPU time), skipped 0 variants.
    Prepared data for serialisation in 0.00s
  Pass LensFlareScreenSpac Prefilter (fp, metal) finished in 0.00 seconds. Local cache hits 1 (0.00s CPU time), remote cache hits 0 (0.00s CPU time), compiled 0 variants (0.00s CPU time), skipped 0 variants.
    Prepared data for serialisation in 0.00s
  Pass LensFlareScreenSpace Downsample (vp, metal) finished in 0.00 seconds. Local cache hits 1 (0.00s CPU time), remote cache hits 0 (0.00s CPU time), compiled 0 variants (0.00s CPU time), skipped 0 variants.
    Prepared data for serialisation in 0.00s
  Pass LensFlareScreenSpace Downsample (fp, metal) finished in 0.00 seconds. Local cache hits 1 (0.00s CPU time), remote cache hits 0 (0.00s CPU time), compiled 0 variants (0.00s CPU time), skipped 0 variants.
    Prepared data for serialisation in 0.00s
  Pass LensFlareScreenSpace Upsample (vp, metal) finished in 0.00 seconds. Local cache hits 1 (0.00s CPU time), remote cache hits 0 (0.00s CPU time), compiled 0 variants (0.00s CPU time), skipped 0 variants.
    Prepared data for serialisation in 0.00s
  Pass LensFlareScreenSpace Upsample (fp, metal) finished in 0.00 seconds. Local cache hits 1 (0.00s CPU time), remote cache hits 0 (0.00s CPU time), compiled 0 variants (0.00s CPU time), skipped 0 variants.
    Prepared data for serialisation in 0.00s
  Pass LensFlareScreenSpace Composition (vp, metal) finished in 0.00 seconds. Local cache hits 1 (0.00s CPU time), remote cache hits 0 (0.00s CPU time), compiled 0 variants (0.00s CPU time), skipped 0 variants.
    Prepared data for serialisation in 0.00s
  Pass LensFlareScreenSpace Composition (fp, metal) finished in 0.00 seconds. Local cache hits 1 (0.00s CPU time), remote cache hits 0 (0.00s CPU time), compiled 0 variants (0.00s CPU time), skipped 0 variants.
    Prepared data for serialisation in 0.00s
  Pass LensFlareScreenSpace Write to BloomTexture (vp, metal) finished in 0.00 seconds. Local cache hits 1 (0.00s CPU time), remote cache hits 0 (0.00s CPU time), compiled 0 variants (0.00s CPU time), skipped 0 variants.
    Prepared data for serialisation in 0.00s
  Pass LensFlareScreenSpace Write to BloomTexture (fp, metal) finished in 0.00 seconds. Local cache hits 1 (0.00s CPU time), remote cache hits 0 (0.00s CPU time), compiled 0 variants (0.00s CPU time), skipped 0 variants.
    Prepared data for serialisation in 0.00s
Serialized binary data for shader Hidden/Universal Render Pipeline/LensFlareScreenSpace in 0.00s
    metal (total internal programs: 10, unique: 6)
Compiling shader "Hidden/Universal Render Pipeline/ComputeScreenSpaceReflection"
  Pass "SSR_Main" (vp)
    Target graphics API: metal
    Full variant space:         1
    After settings filtering:   1
    After built-in stripping:   1
    After scriptable stripping: 1
    Processed in 0.00 seconds
  Pass "SSR_Main" (fp)
    Target graphics API: metal
    Full variant space:         16
    After settings filtering:   8
    After built-in stripping:   8
    After scriptable stripping: 8
    Processed in 0.00 seconds
  Pass "SSR_AfterOpaque" (vp)
    Target graphics API: metal
    Full variant space:         1
    After settings filtering:   1
    After built-in stripping:   1
    After scriptable stripping: 1
    Processed in 0.00 seconds
  Pass "SSR_AfterOpaque" (fp)
    Target graphics API: metal
    Full variant space:         1
    After settings filtering:   1
    After built-in stripping:   1
    After scriptable stripping: 1
    Processed in 0.00 seconds
  Pass "SSR_BilinearUpscale" (vp)
    Target graphics API: metal
    Full variant space:         1
    After settings filtering:   1
    After built-in stripping:   1
    After scriptable stripping: 1
    Processed in 0.00 seconds
  Pass "SSR_BilinearUpscale" (fp)
    Target graphics API: metal
    Full variant space:         1
    After settings filtering:   1
    After built-in stripping:   1
    After scriptable stripping: 1
    Processed in 0.00 seconds
  Pass "SSR_BilateralUpscale" (vp)
    Target graphics API: metal
    Full variant space:         1
    After settings filtering:   1
    After built-in stripping:   1
    After scriptable stripping: 1
    Processed in 0.00 seconds
  Pass "SSR_BilateralUpscale" (fp)
    Target graphics API: metal
    Full variant space:         2
    After settings filtering:   1
    After built-in stripping:   1
    After scriptable stripping: 1
    Processed in 0.00 seconds
  Pass "SSR_TemporalFiltering" (vp)
    Target graphics API: metal
    Full variant space:         1
    After settings filtering:   1
    After built-in stripping:   1
    After scriptable stripping: 1
    Processed in 0.00 seconds
  Pass "SSR_TemporalFiltering" (fp)
    Target graphics API: metal
    Full variant space:         1
    After settings filtering:   1
    After built-in stripping:   1
    After scriptable stripping: 1
    Processed in 0.00 seconds
  Pass SSR_Main (vp, metal) finished in 0.00 seconds. Local cache hits 1 (0.00s CPU time), remote cache hits 0 (0.00s CPU time), compiled 0 variants (0.00s CPU time), skipped 0 variants.
    Prepared data for serialisation in 0.00s
  Pass SSR_Main (fp, metal) finished in 0.00 seconds. Local cache hits 8 (0.02s CPU time), remote cache hits 0 (0.00s CPU time), compiled 0 variants (0.00s CPU time), skipped 0 variants.
    Prepared data for serialisation in 0.00s
  Pass SSR_AfterOpaque (vp, metal) finished in 0.00 seconds. Local cache hits 1 (0.00s CPU time), remote cache hits 0 (0.00s CPU time), compiled 0 variants (0.00s CPU time), skipped 0 variants.
    Prepared data for serialisation in 0.00s
  Pass SSR_AfterOpaque (fp, metal) finished in 0.00 seconds. Local cache hits 1 (0.00s CPU time), remote cache hits 0 (0.00s CPU time), compiled 0 variants (0.00s CPU time), skipped 0 variants.
    Prepared data for serialisation in 0.00s
  Pass SSR_BilinearUpscale (vp, metal) finished in 0.00 seconds. Local cache hits 1 (0.00s CPU time), remote cache hits 0 (0.00s CPU time), compiled 0 variants (0.00s CPU time), skipped 0 variants.
    Prepared data for serialisation in 0.00s
  Pass SSR_BilinearUpscale (fp, metal) finished in 0.00 seconds. Local cache hits 1 (0.00s CPU time), remote cache hits 0 (0.00s CPU time), compiled 0 variants (0.00s CPU time), skipped 0 variants.
    Prepared data for serialisation in 0.00s
  Pass SSR_BilateralUpscale (vp, metal) finished in 0.00 seconds. Local cache hits 1 (0.00s CPU time), remote cache hits 0 (0.00s CPU time), compiled 0 variants (0.00s CPU time), skipped 0 variants.
    Prepared data for serialisation in 0.00s
  Pass SSR_BilateralUpscale (fp, metal) finished in 0.00 seconds. Local cache hits 1 (0.00s CPU time), remote cache hits 0 (0.00s CPU time), compiled 0 variants (0.00s CPU time), skipped 0 variants.
    Prepared data for serialisation in 0.00s
  Pass SSR_TemporalFiltering (vp, metal) finished in 0.00 seconds. Local cache hits 1 (0.00s CPU time), remote cache hits 0 (0.00s CPU time), compiled 0 variants (0.00s CPU time), skipped 0 variants.
    Prepared data for serialisation in 0.00s
  Pass SSR_TemporalFiltering (fp, metal) finished in 0.00 seconds. Local cache hits 1 (0.00s CPU time), remote cache hits 0 (0.00s CPU time), compiled 0 variants (0.00s CPU time), skipped 0 variants.
    Prepared data for serialisation in 0.00s
Serialized binary data for shader Hidden/Universal Render Pipeline/ComputeScreenSpaceReflection in 0.00s
    metal (total internal programs: 17, unique: 13)
Compiling shader "Hidden/Universal/BlitFullPrecision"
  Pass "Nearest" (vp)
    Target graphics API: metal
    Full variant space:         1
    After settings filtering:   1
    After built-in stripping:   1
    After scriptable stripping: 1
    Processed in 0.00 seconds
  Pass "Nearest" (fp)
    Target graphics API: metal
    Full variant space:         1
    After settings filtering:   1
    After built-in stripping:   1
    After scriptable stripping: 1
    Processed in 0.00 seconds
  Pass "Bilinear" (vp)
    Target graphics API: metal
    Full variant space:         1
    After settings filtering:   1
    After built-in stripping:   1
    After scriptable stripping: 1
    Processed in 0.00 seconds
  Pass "Bilinear" (fp)
    Target graphics API: metal
    Full variant space:         1
    After settings filtering:   1
    After built-in stripping:   1
    After scriptable stripping: 1
    Processed in 0.00 seconds
  Pass Nearest (vp, metal) finished in 0.00 seconds. Local cache hits 1 (0.00s CPU time), remote cache hits 0 (0.00s CPU time), compiled 0 variants (0.00s CPU time), skipped 0 variants.
    Prepared data for serialisation in 0.00s
  Pass Nearest (fp, metal) finished in 0.00 seconds. Local cache hits 1 (0.00s CPU time), remote cache hits 0 (0.00s CPU time), compiled 0 variants (0.00s CPU time), skipped 0 variants.
    Prepared data for serialisation in 0.00s
  Pass Bilinear (vp, metal) finished in 0.00 seconds. Local cache hits 1 (0.00s CPU time), remote cache hits 0 (0.00s CPU time), compiled 0 variants (0.00s CPU time), skipped 0 variants.
    Prepared data for serialisation in 0.00s
  Pass Bilinear (fp, metal) finished in 0.00 seconds. Local cache hits 1 (0.00s CPU time), remote cache hits 0 (0.00s CPU time), compiled 0 variants (0.00s CPU time), skipped 0 variants.
    Prepared data for serialisation in 0.00s
Serialized binary data for shader Hidden/Universal/BlitFullPrecision in 0.00s
    metal (total internal programs: 4, unique: 3)
Compiling shader "Hidden/Universal Render Pipeline/UIBackdropFilterComposite"
  Pass "Composite" (vp)
    Target graphics API: metal
    Full variant space:         1
    After settings filtering:   1
    After built-in stripping:   1
    After scriptable stripping: 1
    Processed in 0.00 seconds
  Pass "Composite" (fp)
    Target graphics API: metal
    Full variant space:         1
    After settings filtering:   1
    After built-in stripping:   1
    After scriptable stripping: 1
    Processed in 0.00 seconds
  Pass Composite (vp, metal) finished in 0.00 seconds. Local cache hits 1 (0.00s CPU time), remote cache hits 0 (0.00s CPU time), compiled 0 variants (0.00s CPU time), skipped 0 variants.
    Prepared data for serialisation in 0.00s
  Pass Composite (fp, metal) finished in 0.00 seconds. Local cache hits 1 (0.00s CPU time), remote cache hits 0 (0.00s CPU time), compiled 0 variants (0.00s CPU time), skipped 0 variants.
    Prepared data for serialisation in 0.00s
Serialized binary data for shader Hidden/Universal Render Pipeline/UIBackdropFilterComposite in 0.00s
    metal (total internal programs: 2, unique: 2)
Compiling shader "Hidden/Universal Render Pipeline/StencilDitherMaskSeed"
  Pass "StencilDitherMaskSeed" (vp)
    Target graphics API: metal
    Full variant space:         1
    After settings filtering:   1
    After built-in stripping:   1
    After scriptable stripping: 1
    Processed in 0.00 seconds
  Pass "StencilDitherMaskSeed" (fp)
    Target graphics API: metal
    Full variant space:         1
    After settings filtering:   1
    After built-in stripping:   1
    After scriptable stripping: 1
    Processed in 0.00 seconds
  Pass StencilDitherMaskSeed (vp, metal) finished in 0.00 seconds. Local cache hits 1 (0.00s CPU time), remote cache hits 0 (0.00s CPU time), compiled 0 variants (0.00s CPU time), skipped 0 variants.
    Prepared data for serialisation in 0.00s
  Pass StencilDitherMaskSeed (fp, metal) finished in 0.00 seconds. Local cache hits 1 (0.00s CPU time), remote cache hits 0 (0.00s CPU time), compiled 0 variants (0.00s CPU time), skipped 0 variants.
    Prepared data for serialisation in 0.00s
Serialized binary data for shader Hidden/Universal Render Pipeline/StencilDitherMaskSeed in 0.00s
    metal (total internal programs: 2, unique: 2)
Compiling shader "Hidden/Universal/CoreBlit"
  Pass "Nearest" (vp)
    Target graphics API: metal
    Full variant space:         1
    After settings filtering:   1
    After built-in stripping:   1
    After scriptable stripping: 1
    Processed in 0.00 seconds
  Pass "Nearest" (fp)
    Target graphics API: metal
    Full variant space:         1
    After settings filtering:   1
    After built-in stripping:   1
    After scriptable stripping: 1
    Processed in 0.00 seconds
  Pass "Bilinear" (vp)
    Target graphics API: metal
    Full variant space:         1
    After settings filtering:   1
    After built-in stripping:   1
    After scriptable stripping: 1
    Processed in 0.00 seconds
  Pass "Bilinear" (fp)
    Target graphics API: metal
    Full variant space:         1
    After settings filtering:   1
    After built-in stripping:   1
    After scriptable stripping: 1
    Processed in 0.00 seconds
  Pass "NearestQuad" (vp)
    Target graphics API: metal
    Full variant space:         1
    After settings filtering:   1
    After built-in stripping:   1
    After scriptable stripping: 1
    Processed in 0.00 seconds
  Pass "NearestQuad" (fp)
    Target graphics API: metal
    Full variant space:         1
    After settings filtering:   1
    After built-in stripping:   1
    After scriptable stripping: 1
    Processed in 0.00 seconds
  Pass "BilinearQuad" (vp)
    Target graphics API: metal
    Full variant space:         1
    After settings filtering:   1
    After built-in stripping:   1
    After scriptable stripping: 1
    Processed in 0.00 seconds
  Pass "BilinearQuad" (fp)
    Target graphics API: metal
    Full variant space:         1
    After settings filtering:   1
    After built-in stripping:   1
    After scriptable stripping: 1
    Processed in 0.00 seconds
  Pass "NearestQuadPadding" (vp)
    Target graphics API: metal
    Full variant space:         1
    After settings filtering:   1
    After built-in stripping:   1
    After scriptable stripping: 1
    Processed in 0.00 seconds
  Pass "NearestQuadPadding" (fp)
    Target graphics API: metal
    Full variant space:         1
    After settings filtering:   1
    After built-in stripping:   1
    After scriptable stripping: 1
    Processed in 0.00 seconds
  Pass "BilinearQuadPadding" (vp)
    Target graphics API: metal
    Full variant space:         1
    After settings filtering:   1
    After built-in stripping:   1
    After scriptable stripping: 1
    Processed in 0.00 seconds
  Pass "BilinearQuadPadding" (fp)
    Target graphics API: metal
    Full variant space:         1
    After settings filtering:   1
    After built-in stripping:   1
    After scriptable stripping: 1
    Processed in 0.00 seconds
  Pass "NearestQuadPaddingRepeat" (vp)
    Target graphics API: metal
    Full variant space:         1
    After settings filtering:   1
    After built-in stripping:   1
    After scriptable stripping: 1
    Processed in 0.00 seconds
  Pass "NearestQuadPaddingRepeat" (fp)
    Target graphics API: metal
    Full variant space:         1
    After settings filtering:   1
    After built-in stripping:   1
    After scriptable stripping: 1
    Processed in 0.00 seconds
  Pass "BilinearQuadPaddingRepeat" (vp)
    Target graphics API: metal
    Full variant space:         1
    After settings filtering:   1
    After built-in stripping:   1
    After scriptable stripping: 1
    Processed in 0.00 seconds
  Pass "BilinearQuadPaddingRepeat" (fp)
    Target graphics API: metal
    Full variant space:         1
    After settings filtering:   1
    After built-in stripping:   1
    After scriptable stripping: 1
    Processed in 0.00 seconds
  Pass "BilinearQuadPaddingOctahedral" (vp)
    Target graphics API: metal
    Full variant space:         1
    After settings filtering:   1
    After built-in stripping:   1
    After scriptable stripping: 1
    Processed in 0.00 seconds
  Pass "BilinearQuadPaddingOctahedral" (fp)
    Target graphics API: metal
    Full variant space:         1
    After settings filtering:   1
    After built-in stripping:   1
    After scriptable stripping: 1
    Processed in 0.00 seconds
  Pass "NearestQuadPaddingAlphaBlend" (vp)
    Target graphics API: metal
    Full variant space:         1
    After settings filtering:   1
    After built-in stripping:   1
    After scriptable stripping: 1
    Processed in 0.00 seconds
  Pass "NearestQuadPaddingAlphaBlend" (fp)
    Target graphics API: metal
    Full variant space:         1
    After settings filtering:   1
    After built-in stripping:   1
    After scriptable stripping: 1
    Processed in 0.00 seconds
  Pass "BilinearQuadPaddingAlphaBlend" (vp)
    Target graphics API: metal
    Full variant space:         1
    After settings filtering:   1
    After built-in stripping:   1
    After scriptable stripping: 1
    Processed in 0.00 seconds
  Pass "BilinearQuadPaddingAlphaBlend" (fp)
    Target graphics API: metal
    Full variant space:         1
    After settings filtering:   1
    After built-in stripping:   1
    After scriptable stripping: 1
    Processed in 0.00 seconds
  Pass "NearestQuadPaddingAlphaBlendRepeat" (vp)
    Target graphics API: metal
    Full variant space:         1
    After settings filtering:   1
    After built-in stripping:   1
    After scriptable stripping: 1
    Processed in 0.00 seconds
  Pass "NearestQuadPaddingAlphaBlendRepeat" (fp)
    Target graphics API: metal
    Full variant space:         1
    After settings filtering:   1
    After built-in stripping:   1
    After scriptable stripping: 1
    Processed in 0.00 seconds
  Pass "BilinearQuadPaddingAlphaBlendRepeat" (vp)
    Target graphics API: metal
    Full variant space:         1
    After settings filtering:   1
    After built-in stripping:   1
    After scriptable stripping: 1
    Processed in 0.00 seconds
  Pass "BilinearQuadPaddingAlphaBlendRepeat" (fp)
    Target graphics API: metal
    Full variant space:         1
    After settings filtering:   1
    After built-in stripping:   1
    After scriptable stripping: 1
    Processed in 0.00 seconds
  Pass "BilinearQuadPaddingAlphaBlendOctahedral" (vp)
    Target graphics API: metal
    Full variant space:         1
    After settings filtering:   1
    After built-in stripping:   1
    After scriptable stripping: 1
    Processed in 0.00 seconds
  Pass "BilinearQuadPaddingAlphaBlendOctahedral" (fp)
    Target graphics API: metal
    Full variant space:         1
    After settings filtering:   1
    After built-in stripping:   1
    After scriptable stripping: 1
    Processed in 0.00 seconds
  Pass "CubeToOctahedral" (vp)
    Target graphics API: metal
    Full variant space:         1
    After settings filtering:   1
    After built-in stripping:   1
    After scriptable stripping: 1
    Processed in 0.00 seconds
  Pass "CubeToOctahedral" (fp)
    Target graphics API: metal
    Full variant space:         1
    After settings filtering:   1
    After built-in stripping:   1
    After scriptable stripping: 1
    Processed in 0.00 seconds
  Pass "CubeToOctahedralLuminance" (vp)
    Target graphics API: metal
    Full variant space:         1
    After settings filtering:   1
    After built-in stripping:   1
    After scriptable stripping: 1
    Processed in 0.00 seconds
  Pass "CubeToOctahedralLuminance" (fp)
    Target graphics API: metal
    Full variant space:         1
    After settings filtering:   1
    After built-in stripping:   1
    After scriptable stripping: 1
    Processed in 0.00 seconds
  Pass "CubeToOctahedralAlpha" (vp)
    Target graphics API: metal
    Full variant space:         1
    After settings filtering:   1
    After built-in stripping:   1
    After scriptable stripping: 1
    Processed in 0.00 seconds
  Pass "CubeToOctahedralAlpha" (fp)
    Target graphics API: metal
    Full variant space:         1
    After settings filtering:   1
    After built-in stripping:   1
    After scriptable stripping: 1
    Processed in 0.00 seconds
  Pass "CubeToOctahedralRed" (vp)
    Target graphics API: metal
    Full variant space:         1
    After settings filtering:   1
    After built-in stripping:   1
    After scriptable stripping: 1
    Processed in 0.00 seconds
  Pass "CubeToOctahedralRed" (fp)
    Target graphics API: metal
    Full variant space:         1
    After settings filtering:   1
    After built-in stripping:   1
    After scriptable stripping: 1
    Processed in 0.00 seconds
  Pass "BilinearQuadLuminance" (vp)
    Target graphics API: metal
    Full variant space:         1
    After settings filtering:   1
    After built-in stripping:   1
    After scriptable stripping: 1
    Processed in 0.00 seconds
  Pass "BilinearQuadLuminance" (fp)
    Target graphics API: metal
    Full variant space:         1
    After settings filtering:   1
    After built-in stripping:   1
    After scriptable stripping: 1
    Processed in 0.00 seconds
  Pass "BilinearQuadAlpha" (vp)
    Target graphics API: metal
    Full variant space:         1
    After settings filtering:   1
    After built-in stripping:   1
    After scriptable stripping: 1
    Processed in 0.00 seconds
  Pass "BilinearQuadAlpha" (fp)
    Target graphics API: metal
    Full variant space:         1
    After settings filtering:   1
    After built-in stripping:   1
    After scriptable stripping: 1
    Processed in 0.00 seconds
  Pass "BilinearQuadRed" (vp)
    Target graphics API: metal
    Full variant space:         1
    After settings filtering:   1
    After built-in stripping:   1
    After scriptable stripping: 1
    Processed in 0.00 seconds
  Pass "BilinearQuadRed" (fp)
    Target graphics API: metal
    Full variant space:         1
    After settings filtering:   1
    After built-in stripping:   1
    After scriptable stripping: 1
    Processed in 0.00 seconds
  Pass "NearestCubeToOctahedralPadding" (vp)
    Target graphics API: metal
    Full variant space:         2
    After settings filtering:   2
    After built-in stripping:   2
    After scriptable stripping: 2
    Processed in 0.00 seconds
  Pass "NearestCubeToOctahedralPadding" (fp)
    Target graphics API: metal
    Full variant space:         2
    After settings filtering:   2
    After built-in stripping:   2
    After scriptable stripping: 2
    Processed in 0.00 seconds
  Pass "BilinearCubeToOctahedralPadding" (vp)
    Target graphics API: metal
    Full variant space:         2
    After settings filtering:   2
    After built-in stripping:   2
    After scriptable stripping: 2
    Processed in 0.00 seconds
  Pass "BilinearCubeToOctahedralPadding" (fp)
    Target graphics API: metal
    Full variant space:         2
    After settings filtering:   2
    After built-in stripping:   2
    After scriptable stripping: 2
    Processed in 0.00 seconds
  Pass "BilinearDebugDraw" (vp)
    Target graphics API: metal
    Full variant space:         1
    After settings filtering:   1
    After built-in stripping:   1
    After scriptable stripping: 1
    Processed in 0.00 seconds
  Pass "BilinearDebugDraw" (fp)
    Target graphics API: metal
    Full variant space:         4
    After settings filtering:   2
    After built-in stripping:   2
    After scriptable stripping: 2
    Processed in 0.00 seconds
  Pass "NearestDebugDraw" (vp)
    Target graphics API: metal
    Full variant space:         1
    After settings filtering:   1
    After built-in stripping:   1
    After scriptable stripping: 1
    Processed in 0.00 seconds
  Pass "NearestDebugDraw" (fp)
    Target graphics API: metal
    Full variant space:         4
    After settings filtering:   2
    After built-in stripping:   2
    After scriptable stripping: 2
    Processed in 0.00 seconds
  Pass Nearest (vp, metal) finished in 0.01 seconds. Local cache hits 1 (0.00s CPU time), remote cache hits 0 (0.00s CPU time), compiled 0 variants (0.00s CPU time), skipped 0 variants.
    Prepared data for serialisation in 0.00s
  Pass Nearest (fp, metal) finished in 0.01 seconds. Local cache hits 1 (0.00s CPU time), remote cache hits 0 (0.00s CPU time), compiled 0 variants (0.00s CPU time), skipped 0 variants.
    Prepared data for serialisation in 0.00s
  Pass Bilinear (vp, metal) finished in 0.01 seconds. Local cache hits 1 (0.00s CPU time), remote cache hits 0 (0.00s CPU time), compiled 0 variants (0.00s CPU time), skipped 0 variants.
    Prepared data for serialisation in 0.00s
  Pass Bilinear (fp, metal) finished in 0.01 seconds. Local cache hits 1 (0.00s CPU time), remote cache hits 0 (0.00s CPU time), compiled 0 variants (0.00s CPU time), skipped 0 variants.
    Prepared data for serialisation in 0.00s
  Pass NearestQuad (vp, metal) finished in 0.01 seconds. Local cache hits 1 (0.00s CPU time), remote cache hits 0 (0.00s CPU time), compiled 0 variants (0.00s CPU time), skipped 0 variants.
    Prepared data for serialisation in 0.00s
  Pass NearestQuad (fp, metal) finished in 0.01 seconds. Local cache hits 1 (0.00s CPU time), remote cache hits 0 (0.00s CPU time), compiled 0 variants (0.00s CPU time), skipped 0 variants.
    Prepared data for serialisation in 0.00s
  Pass BilinearQuad (vp, metal) finished in 0.01 seconds. Local cache hits 1 (0.00s CPU time), remote cache hits 0 (0.00s CPU time), compiled 0 variants (0.00s CPU time), skipped 0 variants.
    Prepared data for serialisation in 0.00s
  Pass BilinearQuad (fp, metal) finished in 0.01 seconds. Local cache hits 1 (0.00s CPU time), remote cache hits 0 (0.00s CPU time), compiled 0 variants (0.00s CPU time), skipped 0 variants.
    Prepared data for serialisation in 0.00s
  Pass NearestQuadPadding (vp, metal) finished in 0.01 seconds. Local cache hits 1 (0.00s CPU time), remote cache hits 0 (0.00s CPU time), compiled 0 variants (0.00s CPU time), skipped 0 variants.
    Prepared data for serialisation in 0.00s
  Pass NearestQuadPadding (fp, metal) finished in 0.01 seconds. Local cache hits 1 (0.00s CPU time), remote cache hits 0 (0.00s CPU time), compiled 0 variants (0.00s CPU time), skipped 0 variants.
    Prepared data for serialisation in 0.00s
  Pass BilinearQuadPadding (vp, metal) finished in 0.01 seconds. Local cache hits 1 (0.00s CPU time), remote cache hits 0 (0.00s CPU time), compiled 0 variants (0.00s CPU time), skipped 0 variants.
    Prepared data for serialisation in 0.00s
  Pass BilinearQuadPadding (fp, metal) finished in 0.01 seconds. Local cache hits 1 (0.00s CPU time), remote cache hits 0 (0.00s CPU time), compiled 0 variants (0.00s CPU time), skipped 0 variants.
    Prepared data for serialisation in 0.00s
  Pass NearestQuadPaddingRepeat (vp, metal) finished in 0.01 seconds. Local cache hits 1 (0.00s CPU time), remote cache hits 0 (0.00s CPU time), compiled 0 variants (0.00s CPU time), skipped 0 variants.
    Prepared data for serialisation in 0.00s
  Pass NearestQuadPaddingRepeat (fp, metal) finished in 0.01 seconds. Local cache hits 1 (0.00s CPU time), remote cache hits 0 (0.00s CPU time), compiled 0 variants (0.00s CPU time), skipped 0 variants.
    Prepared data for serialisation in 0.00s
  Pass BilinearQuadPaddingRepeat (vp, metal) finished in 0.01 seconds. Local cache hits 1 (0.00s CPU time), remote cache hits 0 (0.00s CPU time), compiled 0 variants (0.00s CPU time), skipped 0 variants.
    Prepared data for serialisation in 0.00s
  Pass BilinearQuadPaddingRepeat (fp, metal) finished in 0.01 seconds. Local cache hits 1 (0.00s CPU time), remote cache hits 0 (0.00s CPU time), compiled 0 variants (0.00s CPU time), skipped 0 variants.
    Prepared data for serialisation in 0.00s
  Pass BilinearQuadPaddingOctahedral (vp, metal) finished in 0.01 seconds. Local cache hits 1 (0.00s CPU time), remote cache hits 0 (0.00s CPU time), compiled 0 variants (0.00s CPU time), skipped 0 variants.
    Prepared data for serialisation in 0.00s
  Pass BilinearQuadPaddingOctahedral (fp, metal) finished in 0.01 seconds. Local cache hits 1 (0.00s CPU time), remote cache hits 0 (0.00s CPU time), compiled 0 variants (0.00s CPU time), skipped 0 variants.
    Prepared data for serialisation in 0.00s
  Pass NearestQuadPaddingAlphaBlend (vp, metal) finished in 0.01 seconds. Local cache hits 1 (0.00s CPU time), remote cache hits 0 (0.00s CPU time), compiled 0 variants (0.00s CPU time), skipped 0 variants.
    Prepared data for serialisation in 0.00s
  Pass NearestQuadPaddingAlphaBlend (fp, metal) finished in 0.01 seconds. Local cache hits 1 (0.00s CPU time), remote cache hits 0 (0.00s CPU time), compiled 0 variants (0.00s CPU time), skipped 0 variants.
    Prepared data for serialisation in 0.00s
  Pass BilinearQuadPaddingAlphaBlend (vp, metal) finished in 0.01 seconds. Local cache hits 1 (0.00s CPU time), remote cache hits 0 (0.00s CPU time), compiled 0 variants (0.00s CPU time), skipped 0 variants.
    Prepared data for serialisation in 0.00s
  Pass BilinearQuadPaddingAlphaBlend (fp, metal) finished in 0.01 seconds. Local cache hits 1 (0.00s CPU time), remote cache hits 0 (0.00s CPU time), compiled 0 variants (0.00s CPU time), skipped 0 variants.
    Prepared data for serialisation in 0.00s
  Pass NearestQuadPaddingAlphaBlendRepeat (vp, metal) finished in 0.01 seconds. Local cache hits 1 (0.00s CPU time), remote cache hits 0 (0.00s CPU time), compiled 0 variants (0.00s CPU time), skipped 0 variants.
    Prepared data for serialisation in 0.00s
  Pass NearestQuadPaddingAlphaBlendRepeat (fp, metal) finished in 0.01 seconds. Local cache hits 1 (0.00s CPU time), remote cache hits 0 (0.00s CPU time), compiled 0 variants (0.00s CPU time), skipped 0 variants.
    Prepared data for serialisation in 0.00s
  Pass BilinearQuadPaddingAlphaBlendRepeat (vp, metal) finished in 0.01 seconds. Local cache hits 1 (0.00s CPU time), remote cache hits 0 (0.00s CPU time), compiled 0 variants (0.00s CPU time), skipped 0 variants.
    Prepared data for serialisation in 0.00s
  Pass BilinearQuadPaddingAlphaBlendRepeat (fp, metal) finished in 0.01 seconds. Local cache hits 1 (0.00s CPU time), remote cache hits 0 (0.00s CPU time), compiled 0 variants (0.00s CPU time), skipped 0 variants.
    Prepared data for serialisation in 0.00s
  Pass BilinearQuadPaddingAlphaBlendOctahedral (vp, metal) finished in 0.01 seconds. Local cache hits 1 (0.00s CPU time), remote cache hits 0 (0.00s CPU time), compiled 0 variants (0.00s CPU time), skipped 0 variants.
    Prepared data for serialisation in 0.00s
  Pass BilinearQuadPaddingAlphaBlendOctahedral (fp, metal) finished in 0.01 seconds. Local cache hits 1 (0.00s CPU time), remote cache hits 0 (0.00s CPU time), compiled 0 variants (0.00s CPU time), skipped 0 variants.
    Prepared data for serialisation in 0.00s
  Pass CubeToOctahedral (vp, metal) finished in 0.01 seconds. Local cache hits 1 (0.00s CPU time), remote cache hits 0 (0.00s CPU time), compiled 0 variants (0.00s CPU time), skipped 0 variants.
    Prepared data for serialisation in 0.00s
  Pass CubeToOctahedral (fp, metal) finished in 0.00 seconds. Local cache hits 1 (0.00s CPU time), remote cache hits 0 (0.00s CPU time), compiled 0 variants (0.00s CPU time), skipped 0 variants.
    Prepared data for serialisation in 0.00s
  Pass CubeToOctahedralLuminance (vp, metal) finished in 0.00 seconds. Local cache hits 1 (0.00s CPU time), remote cache hits 0 (0.00s CPU time), compiled 0 variants (0.00s CPU time), skipped 0 variants.
    Prepared data for serialisation in 0.00s
  Pass CubeToOctahedralLuminance (fp, metal) finished in 0.00 seconds. Local cache hits 1 (0.00s CPU time), remote cache hits 0 (0.00s CPU time), compiled 0 variants (0.00s CPU time), skipped 0 variants.
    Prepared data for serialisation in 0.00s
  Pass CubeToOctahedralAlpha (vp, metal) finished in 0.00 seconds. Local cache hits 1 (0.00s CPU time), remote cache hits 0 (0.00s CPU time), compiled 0 variants (0.00s CPU time), skipped 0 variants.
    Prepared data for serialisation in 0.00s
  Pass CubeToOctahedralAlpha (fp, metal) finished in 0.00 seconds. Local cache hits 1 (0.00s CPU time), remote cache hits 0 (0.00s CPU time), compiled 0 variants (0.00s CPU time), skipped 0 variants.
    Prepared data for serialisation in 0.00s
  Pass CubeToOctahedralRed (vp, metal) finished in 0.00 seconds. Local cache hits 1 (0.00s CPU time), remote cache hits 0 (0.00s CPU time), compiled 0 variants (0.00s CPU time), skipped 0 variants.
    Prepared data for serialisation in 0.00s
  Pass CubeToOctahedralRed (fp, metal) finished in 0.00 seconds. Local cache hits 1 (0.00s CPU time), remote cache hits 0 (0.00s CPU time), compiled 0 variants (0.00s CPU time), skipped 0 variants.
    Prepared data for serialisation in 0.00s
  Pass BilinearQuadLuminance (vp, metal) finished in 0.00 seconds. Local cache hits 1 (0.00s CPU time), remote cache hits 0 (0.00s CPU time), compiled 0 variants (0.00s CPU time), skipped 0 variants.
    Prepared data for serialisation in 0.00s
  Pass BilinearQuadLuminance (fp, metal) finished in 0.00 seconds. Local cache hits 1 (0.00s CPU time), remote cache hits 0 (0.00s CPU time), compiled 0 variants (0.00s CPU time), skipped 0 variants.
    Prepared data for serialisation in 0.00s
  Pass BilinearQuadAlpha (vp, metal) finished in 0.00 seconds. Local cache hits 1 (0.00s CPU time), remote cache hits 0 (0.00s CPU time), compiled 0 variants (0.00s CPU time), skipped 0 variants.
    Prepared data for serialisation in 0.00s
  Pass BilinearQuadAlpha (fp, metal) finished in 0.00 seconds. Local cache hits 1 (0.00s CPU time), remote cache hits 0 (0.00s CPU time), compiled 0 variants (0.00s CPU time), skipped 0 variants.
    Prepared data for serialisation in 0.00s
  Pass BilinearQuadRed (vp, metal) finished in 0.00 seconds. Local cache hits 1 (0.00s CPU time), remote cache hits 0 (0.00s CPU time), compiled 0 variants (0.00s CPU time), skipped 0 variants.
    Prepared data for serialisation in 0.00s
  Pass BilinearQuadRed (fp, metal) finished in 0.00 seconds. Local cache hits 1 (0.00s CPU time), remote cache hits 0 (0.00s CPU time), compiled 0 variants (0.00s CPU time), skipped 0 variants.
    Prepared data for serialisation in 0.00s
  Pass NearestCubeToOctahedralPadding (vp, metal) finished in 0.00 seconds. Local cache hits 2 (0.00s CPU time), remote cache hits 0 (0.00s CPU time), compiled 0 variants (0.00s CPU time), skipped 0 variants.
    Prepared data for serialisation in 0.00s
  Pass NearestCubeToOctahedralPadding (fp, metal) finished in 0.00 seconds. Local cache hits 2 (0.00s CPU time), remote cache hits 0 (0.00s CPU time), compiled 0 variants (0.00s CPU time), skipped 0 variants.
    Prepared data for serialisation in 0.00s
  Pass BilinearCubeToOctahedralPadding (vp, metal) finished in 0.00 seconds. Local cache hits 2 (0.00s CPU time), remote cache hits 0 (0.00s CPU time), compiled 0 variants (0.00s CPU time), skipped 0 variants.
    Prepared data for serialisation in 0.00s
  Pass BilinearCubeToOctahedralPadding (fp, metal) finished in 0.00 seconds. Local cache hits 2 (0.00s CPU time), remote cache hits 0 (0.00s CPU time), compiled 0 variants (0.00s CPU time), skipped 0 variants.
    Prepared data for serialisation in 0.00s
  Pass BilinearDebugDraw (vp, metal) finished in 0.00 seconds. Local cache hits 1 (0.00s CPU time), remote cache hits 0 (0.00s CPU time), compiled 0 variants (0.00s CPU time), skipped 0 variants.
    Prepared data for serialisation in 0.00s
  Pass BilinearDebugDraw (fp, metal) finished in 0.00 seconds. Local cache hits 2 (0.00s CPU time), remote cache hits 0 (0.00s CPU time), compiled 0 variants (0.00s CPU time), skipped 0 variants.
    Prepared data for serialisation in 0.00s
  Pass NearestDebugDraw (vp, metal) finished in 0.00 seconds. Local cache hits 1 (0.00s CPU time), remote cache hits 0 (0.00s CPU time), compiled 0 variants (0.00s CPU time), skipped 0 variants.
    Prepared data for serialisation in 0.00s
  Pass NearestDebugDraw (fp, metal) finished in 0.00 seconds. Local cache hits 2 (0.00s CPU time), remote cache hits 0 (0.00s CPU time), compiled 0 variants (0.00s CPU time), skipped 0 variants.
    Prepared data for serialisation in 0.00s
Serialized binary data for shader Hidden/Universal/CoreBlit in 0.00s
    metal (total internal programs: 56, unique: 22)
Compiling shader "Hidden/Universal Render Pipeline/TemporalAA"
  Pass "TemporalAA - Accumulate - Quality Very Low" (vp)
    Target graphics API: metal
    Full variant space:         1
    After settings filtering:   1
    After built-in stripping:   1
    After scriptable stripping: 1
    Processed in 0.00 seconds
  Pass "TemporalAA - Accumulate - Quality Very Low" (fp)
    Target graphics API: metal
    Full variant space:         2
    After settings filtering:   1
    After built-in stripping:   1
    After scriptable stripping: 1
    Processed in 0.00 seconds
  Pass "TemporalAA - Accumulate - Quality Low" (vp)
    Target graphics API: metal
    Full variant space:         1
    After settings filtering:   1
    After built-in stripping:   1
    After scriptable stripping: 1
    Processed in 0.00 seconds
  Pass "TemporalAA - Accumulate - Quality Low" (fp)
    Target graphics API: metal
    Full variant space:         2
    After settings filtering:   1
    After built-in stripping:   1
    After scriptable stripping: 1
    Processed in 0.00 seconds
  Pass "TemporalAA - Accumulate - Quality Medium" (vp)
    Target graphics API: metal
    Full variant space:         1
    After settings filtering:   1
    After built-in stripping:   1
    After scriptable stripping: 1
    Processed in 0.00 seconds
  Pass "TemporalAA - Accumulate - Quality Medium" (fp)
    Target graphics API: metal
    Full variant space:         2
    After settings filtering:   1
    After built-in stripping:   1
    After scriptable stripping: 1
    Processed in 0.00 seconds
  Pass "TemporalAA - Accumulate - Quality High" (vp)
    Target graphics API: metal
    Full variant space:         1
    After settings filtering:   1
    After built-in stripping:   1
    After scriptable stripping: 1
    Processed in 0.00 seconds
  Pass "TemporalAA - Accumulate - Quality High" (fp)
    Target graphics API: metal
    Full variant space:         2
    After settings filtering:   1
    After built-in stripping:   1
    After scriptable stripping: 1
    Processed in 0.00 seconds
  Pass "TemporalAA - Accumulate - Quality Very High" (vp)
    Target graphics API: metal
    Full variant space:         1
    After settings filtering:   1
    After built-in stripping:   1
    After scriptable stripping: 1
    Processed in 0.00 seconds
  Pass "TemporalAA - Accumulate - Quality Very High" (fp)
    Target graphics API: metal
    Full variant space:         4
    After settings filtering:   2
    After built-in stripping:   2
    After scriptable stripping: 2
    Processed in 0.00 seconds
  Pass "TemporalAA - Copy History" (vp)
    Target graphics API: metal
    Full variant space:         1
    After settings filtering:   1
    After built-in stripping:   1
    After scriptable stripping: 1
    Processed in 0.00 seconds
  Pass "TemporalAA - Copy History" (fp)
    Target graphics API: metal
    Full variant space:         2
    After settings filtering:   1
    After built-in stripping:   1
    After scriptable stripping: 1
    Processed in 0.00 seconds
  Pass TemporalAA - Accumulate - Quality Very Low (vp, metal) finished in 0.00 seconds. Local cache hits 1 (0.00s CPU time), remote cache hits 0 (0.00s CPU time), compiled 0 variants (0.00s CPU time), skipped 0 variants.
    Prepared data for serialisation in 0.00s
  Pass TemporalAA - Accumulate - Quality Very Low (fp, metal) finished in 0.00 seconds. Local cache hits 1 (0.00s CPU time), remote cache hits 0 (0.00s CPU time), compiled 0 variants (0.00s CPU time), skipped 0 variants.
    Prepared data for serialisation in 0.00s
  Pass TemporalAA - Accumulate - Quality Low (vp, metal) finished in 0.00 seconds. Local cache hits 1 (0.00s CPU time), remote cache hits 0 (0.00s CPU time), compiled 0 variants (0.00s CPU time), skipped 0 variants.
    Prepared data for serialisation in 0.00s
  Pass TemporalAA - Accumulate - Quality Low (fp, metal) finished in 0.00 seconds. Local cache hits 1 (0.00s CPU time), remote cache hits 0 (0.00s CPU time), compiled 0 variants (0.00s CPU time), skipped 0 variants.
    Prepared data for serialisation in 0.00s
  Pass TemporalAA - Accumulate - Quality Medium (vp, metal) finished in 0.00 seconds. Local cache hits 1 (0.00s CPU time), remote cache hits 0 (0.00s CPU time), compiled 0 variants (0.00s CPU time), skipped 0 variants.
    Prepared data for serialisation in 0.00s
  Pass TemporalAA - Accumulate - Quality Medium (fp, metal) finished in 0.00 seconds. Local cache hits 1 (0.00s CPU time), remote cache hits 0 (0.00s CPU time), compiled 0 variants (0.00s CPU time), skipped 0 variants.
    Prepared data for serialisation in 0.00s
  Pass TemporalAA - Accumulate - Quality High (vp, metal) finished in 0.00 seconds. Local cache hits 1 (0.00s CPU time), remote cache hits 0 (0.00s CPU time), compiled 0 variants (0.00s CPU time), skipped 0 variants.
    Prepared data for serialisation in 0.00s
  Pass TemporalAA - Accumulate - Quality High (fp, metal) finished in 0.00 seconds. Local cache hits 1 (0.00s CPU time), remote cache hits 0 (0.00s CPU time), compiled 0 variants (0.00s CPU time), skipped 0 variants.
    Prepared data for serialisation in 0.00s
  Pass TemporalAA - Accumulate - Quality Very High (vp, metal) finished in 0.00 seconds. Local cache hits 1 (0.00s CPU time), remote cache hits 0 (0.00s CPU time), compiled 0 variants (0.00s CPU time), skipped 0 variants.
    Prepared data for serialisation in 0.00s
  Pass TemporalAA - Accumulate - Quality Very High (fp, metal) finished in 0.00 seconds. Local cache hits 2 (0.00s CPU time), remote cache hits 0 (0.00s CPU time), compiled 0 variants (0.00s CPU time), skipped 0 variants.
    Prepared data for serialisation in 0.00s
  Pass TemporalAA - Copy History (vp, metal) finished in 0.00 seconds. Local cache hits 1 (0.00s CPU time), remote cache hits 0 (0.00s CPU time), compiled 0 variants (0.00s CPU time), skipped 0 variants.
    Prepared data for serialisation in 0.00s
  Pass TemporalAA - Copy History (fp, metal) finished in 0.00 seconds. Local cache hits 1 (0.00s CPU time), remote cache hits 0 (0.00s CPU time), compiled 0 variants (0.00s CPU time), skipped 0 variants.
    Prepared data for serialisation in 0.00s
Serialized binary data for shader Hidden/Universal Render Pipeline/TemporalAA in 0.00s
    metal (total internal programs: 13, unique: 8)
Compiling shader "Hidden/Universal Render Pipeline/PaniniProjection"
  Pass "Panini Projection" (vp)
    Target graphics API: metal
    Full variant space:         2
    After settings filtering:   2
    After built-in stripping:   2
    After scriptable stripping: 0
    Processed in 0.00 seconds
  Pass "Panini Projection" (fp)
    Target graphics API: metal
    Full variant space:         2
    After settings filtering:   2
    After built-in stripping:   2
    After scriptable stripping: 0
    Processed in 0.00 seconds
Serialized binary data for shader Hidden/Universal Render Pipeline/PaniniProjection in 0.00s
    metal (total internal programs: 0, unique: 0)
Compiling shader "Hidden/Universal/BlitHDROverlay"
  Pass "BilinearDebugDraw" (vp)
    Target graphics API: metal
    Full variant space:         1
    After settings filtering:   1
    After built-in stripping:   1
    After scriptable stripping: 0
    Processed in 0.00 seconds
  Pass "BilinearDebugDraw" (fp)
    Target graphics API: metal
    Full variant space:         8
    After settings filtering:   1
    After built-in stripping:   1
    After scriptable stripping: 0
    Processed in 0.00 seconds
  Pass "NearestDebugDraw" (vp)
    Target graphics API: metal
    Full variant space:         1
    After settings filtering:   1
    After built-in stripping:   1
    After scriptable stripping: 0
    Processed in 0.00 seconds
  Pass "NearestDebugDraw" (fp)
    Target graphics API: metal
    Full variant space:         8
    After settings filtering:   1
    After built-in stripping:   1
    After scriptable stripping: 0
    Processed in 0.00 seconds
Serialized binary data for shader Hidden/Universal/BlitHDROverlay in 0.00s
    metal (total internal programs: 0, unique: 0)
Compiling shader "Hidden/Core/DebugOccluder"
Shader 'Hidden/Core/DebugOccluder': All SubShaders were stripped because their RenderPipeline tags do not match any active render pipeline asset configured for this build target. This shader will not render. Configure the matching RenderPipelineAsset in QualitySettings/GraphicsSettings, or remove this shader from the build.
UnityEngine.Debug:ExtractStackTraceNoAlloc (byte*,int,string)
UnityEngine.StackTraceUtility:ExtractStackTrace () (at /Users/bokken/build/output/unity/unity/Runtime/Export/Scripting/StackTrace.cs:23)
UnityEditor.BuildPipeline:BuildPlayerInternal (string[],string,string,UnityEditor.BuildTargetGroup,UnityEditor.BuildTarget,int,UnityEditor.BuildOptions,string[],string[],bool)
UnityEditor.BuildPipeline:BuildPlayer (UnityEditor.BuildPlayerOptions) (at /Users/bokken/build/output/unity/unity/Editor/Mono/BuildPipeline/BuildPipeline.bindings.cs:270)
Escape.EditorTools.PlayerBuild:Build () (at Assets/_Game/Editor/PlayerBuild.cs:42)
Unity.AI.Assistant.Agent.Dynamic.Extension.Editor.CommandScript:Execute (Unity.AI.Assistant.Agent.Dynamic.Extension.Editor.ExecutionResult)
Unity.AI.Assistant.Editor.RunCommand.AgentRunCommand:Execute (Unity.AI.Assistant.Agent.Dynamic.Extension.Editor.ExecutionResult&,string) (at ./Library/PackageCache/com.unity.ai.assistant@8d1e3e89e3a7/Editor/Assistant/RunCommand/AgentRunCommand.cs:56)
Unity.AI.Assistant.Editor.RunCommand.RunCommandUtils:Execute (Unity.AI.Assistant.Editor.RunCommand.AgentRunCommand,string) (at ./Library/PackageCache/com.unity.ai.assistant@8d1e3e89e3a7/Editor/Assistant/RunCommand/RunCommandUtils.cs:75)
Unity.AI.Assistant.Tools.Editor.RunCommandTool/<ExecuteCommand>d__6:MoveNext () (at ./Library/PackageCache/com.unity.ai.assistant@8d1e3e89e3a7/Modules/Unity.AI.Assistant.Tools/Scripting/RunCommandTool.cs:73)
System.Runtime.CompilerServices.AsyncTaskMethodBuilder`1<Unity.AI.Assistant.Tools.Editor.RunCommandTool/ExecutionOutput>:Start<Unity.AI.Assistant.Tools.Editor.RunCommandTool/<ExecuteCommand>d__6> (Unity.AI.Assistant.Tools.Editor.RunCommandTool/<ExecuteCommand>d__6&)
Unity.AI.Assistant.Tools.Editor.RunCommandTool:ExecuteCommand (Unity.AI.Assistant.FunctionCalling.ToolExecutionContext,string,string)
Unity.AI.MCP.Editor.Tools.RunCommand/<HandleCommand>d__4:MoveNext () (at ./Library/PackageCache/com.unity.ai.assistant@8d1e3e89e3a7/Modules/Unity.AI.MCP.Editor/Tools/RunCommand.cs:155)
System.Runtime.CompilerServices.AsyncTaskMethodBuilder`1<object>:Start<Unity.AI.MCP.Editor.Tools.RunCommand/<HandleCommand>d__4> (Unity.AI.MCP.Editor.Tools.RunCommand/<HandleCommand>d__4&)
Unity.AI.MCP.Editor.Tools.RunCommand:HandleCommand (Unity.AI.MCP.Editor.Tools.Parameters.RunCommandParams)
System.Reflection.RuntimeMethodInfo:Invoke (object,System.Reflection.BindingFlags,System.Reflection.Binder,object[],System.Globalization.CultureInfo)
System.Reflection.MethodBase:Invoke (object,object[])
Unity.AI.MCP.Editor.ToolRegistry.TypedToolHandler:ExecuteAsync (Newtonsoft.Json.Linq.JObject) (at ./Library/PackageCache/com.unity.ai.assistant@8d1e3e89e3a7/Modules/Unity.AI.MCP.Editor/ToolRegistry/IToolHandler.cs:164)
Unity.AI.MCP.Editor.ToolRegistry.McpToolRegistry/<ExecuteToolAsync>d__14:MoveNext () (at ./Library/PackageCache/com.unity.ai.assistant@8d1e3e89e3a7/Modules/Unity.AI.MCP.Editor/ToolRegistry/McpToolRegistry.cs:244)
System.Runtime.CompilerServices.AsyncTaskMethodBuilder`1<object>:Start<Unity.AI.MCP.Editor.ToolRegistry.McpToolRegistry/<ExecuteToolAsync>d__14> (Unity.AI.MCP.Editor.ToolRegistry.McpToolRegistry/<ExecuteToolAsync>d__14&)
Unity.AI.MCP.Editor.ToolRegistry.McpToolRegistry:ExecuteToolAsync (string,Newtonsoft.Json.Linq.JObject)
Unity.AI.MCP.Editor.Bridge/<ExecuteCommandAsync>d__75:MoveNext () (at ./Library/PackageCache/com.unity.ai.assistant@8d1e3e89e3a7/Modules/Unity.AI.MCP.Editor/Bridge.cs:1783)
System.Runtime.CompilerServices.AsyncTaskMethodBuilder`1<string>:Start<Unity.AI.MCP.Editor.Bridge/<ExecuteCommandAsync>d__75> (Unity.AI.MCP.Editor.Bridge/<ExecuteCommandAsync>d__75&)
Unity.AI.MCP.Editor.Bridge:ExecuteCommandAsync (Unity.AI.MCP.Editor.Models.Command,Unity.AI.MCP.Editor.Connection.IConnectionTransport,System.Threading.CancellationToken)
Unity.AI.MCP.Editor.Bridge:ProcessCommands () (at ./Library/PackageCache/com.unity.ai.assistant@8d1e3e89e3a7/Modules/Unity.AI.MCP.Editor/Bridge.cs:1537)
Unity.AI.MCP.Editor.Bridge:<RequestDrainOnMainThread>b__69_0 (object) (at ./Library/PackageCache/com.unity.ai.assistant@8d1e3e89e3a7/Modules/Unity.AI.MCP.Editor/Bridge.cs:1468)
UnityEngine.UnitySynchronizationContext/WorkRequest:Invoke () (at /Users/bokken/build/output/unity/unity/Runtime/Export/Scripting/UnitySynchronizationContext.cs:156)
UnityEngine.UnitySynchronizationContext:Exec () (at /Users/bokken/build/output/unity/unity/Runtime/Export/Scripting/UnitySynchronizationContext.cs:84)
UnityEngine.UnitySynchronizationContext:ExecuteTasks () (at /Users/bokken/build/output/unity/unity/Runtime/Export/Scripting/UnitySynchronizationContext.cs:110)

[/Users/bokken/build/output/unity/unity/Runtime/Export/Scripting/StackTrace.cs line 23]

Serialized binary data for shader Hidden/Core/DebugOccluder in 0.00s
    metal (total internal programs: 0, unique: 0)
Compiling shader "Hidden/Universal Render Pipeline/FinalPost"
  Pass "FinalPost" (vp)
    Target graphics API: metal
    Full variant space:         1
    After settings filtering:   1
    After built-in stripping:   1
    After scriptable stripping: 1
    Processed in 0.00 seconds
  Pass "FinalPost" (fp)
    Target graphics API: metal
    Full variant space:         2.560
    After settings filtering:   48
    After built-in stripping:   48
    After scriptable stripping: 32
    Processed in 0.00 seconds
  Pass "FinalPostXR" (vp)
    Target graphics API: metal
    Full variant space:         1
    After settings filtering:   1
    After built-in stripping:   1
    After scriptable stripping: 0
    Processed in 0.00 seconds
  Pass "FinalPostXR" (fp)
    Target graphics API: metal
    Full variant space:         2.560
    After settings filtering:   48
    After built-in stripping:   48
    After scriptable stripping: 0
    Processed in 0.00 seconds
  Pass "FinalPost" (vp)
    Target graphics API: metal
    Full variant space:         1
    After settings filtering:   1
    After built-in stripping:   1
    After scriptable stripping: 1
    Processed in 0.00 seconds
  Pass "FinalPost" (fp)
    Target graphics API: metal
    Full variant space:         2.560
    After settings filtering:   48
    After built-in stripping:   48
    After scriptable stripping: 32
    Processed in 0.00 seconds
  Pass "FinalPostXR" (vp)
    Target graphics API: metal
    Full variant space:         1
    After settings filtering:   1
    After built-in stripping:   1
    After scriptable stripping: 0
    Processed in 0.00 seconds
  Pass "FinalPostXR" (fp)
    Target graphics API: metal
    Full variant space:         2.560
    After settings filtering:   48
    After built-in stripping:   48
    After scriptable stripping: 0
    Processed in 0.00 seconds
  Pass FinalPost (vp, metal) finished in 0.01 seconds. Local cache hits 1 (0.00s CPU time), remote cache hits 0 (0.00s CPU time), compiled 0 variants (0.00s CPU time), skipped 0 variants.
    Prepared data for serialisation in 0.00s
  Pass FinalPost (fp, metal) finished in 0.00 seconds. Local cache hits 32 (0.03s CPU time), remote cache hits 0 (0.00s CPU time), compiled 0 variants (0.00s CPU time), skipped 0 variants.
    Prepared data for serialisation in 0.00s
  Pass FinalPost (vp, metal) finished in 0.00 seconds. Local cache hits 1 (0.00s CPU time), remote cache hits 0 (0.00s CPU time), compiled 0 variants (0.00s CPU time), skipped 0 variants.
    Prepared data for serialisation in 0.00s
  Pass FinalPost (fp, metal) finished in 0.00 seconds. Local cache hits 32 (0.03s CPU time), remote cache hits 0 (0.00s CPU time), compiled 0 variants (0.00s CPU time), skipped 0 variants.
    Prepared data for serialisation in 0.00s
Serialized binary data for shader Hidden/Universal Render Pipeline/FinalPost in 0.00s
    metal (total internal programs: 66, unique: 49)
Compiling shader "Hidden/Universal Render Pipeline/CameraMotionVectors"
  Pass "Camera Motion Vectors" (vp)
    Target graphics API: metal
    Full variant space:         1
    After settings filtering:   1
    After built-in stripping:   1
    After scriptable stripping: 1
    Processed in 0.00 seconds
  Pass "Camera Motion Vectors" (fp)
    Target graphics API: metal
    Full variant space:         1
    After settings filtering:   1
    After built-in stripping:   1
    After scriptable stripping: 1
    Processed in 0.00 seconds
  Pass Camera Motion Vectors (vp, metal) finished in 0.00 seconds. Local cache hits 1 (0.00s CPU time), remote cache hits 0 (0.00s CPU time), compiled 0 variants (0.00s CPU time), skipped 0 variants.
    Prepared data for serialisation in 0.00s
  Pass Camera Motion Vectors (fp, metal) finished in 0.00 seconds. Local cache hits 1 (0.00s CPU time), remote cache hits 0 (0.00s CPU time), compiled 0 variants (0.00s CPU time), skipped 0 variants.
    Prepared data for serialisation in 0.00s
Serialized binary data for shader Hidden/Universal Render Pipeline/CameraMotionVectors in 0.00s
    metal (total internal programs: 2, unique: 2)
Compiling shader "Hidden/Universal Render Pipeline/Debug/DebugReplacement"
  Pass "Vertex Attributes" (vp)
    Target graphics API: metal
    Full variant space:         2
    After settings filtering:   2
    After built-in stripping:   2
    After scriptable stripping: 2
    Processed in 0.00 seconds
  Pass "Vertex Attributes" (fp)
    Target graphics API: metal
    Full variant space:         2
    After settings filtering:   2
    After built-in stripping:   2
    After scriptable stripping: 2
    Processed in 0.00 seconds
  Pass Vertex Attributes (vp, metal) finished in 0.00 seconds. Local cache hits 2 (0.00s CPU time), remote cache hits 0 (0.00s CPU time), compiled 0 variants (0.00s CPU time), skipped 0 variants.
    Prepared data for serialisation in 0.00s
  Pass Vertex Attributes (fp, metal) finished in 0.00 seconds. Local cache hits 2 (0.00s CPU time), remote cache hits 0 (0.00s CPU time), compiled 0 variants (0.00s CPU time), skipped 0 variants.
    Prepared data for serialisation in 0.00s
Serialized binary data for shader Hidden/Universal Render Pipeline/Debug/DebugReplacement in 0.00s
    metal (total internal programs: 4, unique: 4)
Compiling shader "Hidden/Universal/CoreBlitColorAndDepth"
  Pass "ColorOnly" (vp)
    Target graphics API: metal
    Full variant space:         4
    After settings filtering:   4
    After built-in stripping:   4
    After scriptable stripping: 4
    Processed in 0.00 seconds
  Pass "ColorOnly" (fp)
    Target graphics API: metal
    Full variant space:         4
    After settings filtering:   4
    After built-in stripping:   4
    After scriptable stripping: 4
    Processed in 0.00 seconds
  Pass "ColorAndDepth" (vp)
    Target graphics API: metal
    Full variant space:         4
    After settings filtering:   4
    After built-in stripping:   4
    After scriptable stripping: 4
    Processed in 0.00 seconds
  Pass "ColorAndDepth" (fp)
    Target graphics API: metal
    Full variant space:         4
    After settings filtering:   4
    After built-in stripping:   4
    After scriptable stripping: 4
    Processed in 0.00 seconds
  Pass "DepthOnly" (vp)
    Target graphics API: metal
    Full variant space:         4
    After settings filtering:   4
    After built-in stripping:   4
    After scriptable stripping: 4
    Processed in 0.00 seconds
  Pass "DepthOnly" (fp)
    Target graphics API: metal
    Full variant space:         4
    After settings filtering:   4
    After built-in stripping:   4
    After scriptable stripping: 4
    Processed in 0.00 seconds
  Pass ColorOnly (vp, metal) finished in 0.00 seconds. Local cache hits 4 (0.00s CPU time), remote cache hits 0 (0.00s CPU time), compiled 0 variants (0.00s CPU time), skipped 0 variants.
    Prepared data for serialisation in 0.00s
  Pass ColorOnly (fp, metal) finished in 0.00 seconds. Local cache hits 4 (0.00s CPU time), remote cache hits 0 (0.00s CPU time), compiled 0 variants (0.00s CPU time), skipped 0 variants.
    Prepared data for serialisation in 0.00s
  Pass ColorAndDepth (vp, metal) finished in 0.00 seconds. Local cache hits 4 (0.00s CPU time), remote cache hits 0 (0.00s CPU time), compiled 0 variants (0.00s CPU time), skipped 0 variants.
    Prepared data for serialisation in 0.00s
  Pass ColorAndDepth (fp, metal) finished in 0.00 seconds. Local cache hits 4 (0.00s CPU time), remote cache hits 0 (0.00s CPU time), compiled 0 variants (0.00s CPU time), skipped 0 variants.
    Prepared data for serialisation in 0.00s
  Pass DepthOnly (vp, metal) finished in 0.00 seconds. Local cache hits 4 (0.00s CPU time), remote cache hits 0 (0.00s CPU time), compiled 0 variants (0.00s CPU time), skipped 0 variants.
    Prepared data for serialisation in 0.00s
  Pass DepthOnly (fp, metal) finished in 0.00 seconds. Local cache hits 4 (0.00s CPU time), remote cache hits 0 (0.00s CPU time), compiled 0 variants (0.00s CPU time), skipped 0 variants.
    Prepared data for serialisation in 0.00s
Serialized binary data for shader Hidden/Universal/CoreBlitColorAndDepth in 0.00s
    metal (total internal programs: 24, unique: 16)
Compiling shader "Hidden/Core/DebugOcclusionTest"
Shader 'Hidden/Core/DebugOcclusionTest': All SubShaders were stripped because their RenderPipeline tags do not match any active render pipeline asset configured for this build target. This shader will not render. Configure the matching RenderPipelineAsset in QualitySettings/GraphicsSettings, or remove this shader from the build.
UnityEngine.Debug:ExtractStackTraceNoAlloc (byte*,int,string)
UnityEngine.StackTraceUtility:ExtractStackTrace () (at /Users/bokken/build/output/unity/unity/Runtime/Export/Scripting/StackTrace.cs:23)
UnityEditor.BuildPipeline:BuildPlayerInternal (string[],string,string,UnityEditor.BuildTargetGroup,UnityEditor.BuildTarget,int,UnityEditor.BuildOptions,string[],string[],bool)
UnityEditor.BuildPipeline:BuildPlayer (UnityEditor.BuildPlayerOptions) (at /Users/bokken/build/output/unity/unity/Editor/Mono/BuildPipeline/BuildPipeline.bindings.cs:270)
Escape.EditorTools.PlayerBuild:Build () (at Assets/_Game/Editor/PlayerBuild.cs:42)
Unity.AI.Assistant.Agent.Dynamic.Extension.Editor.CommandScript:Execute (Unity.AI.Assistant.Agent.Dynamic.Extension.Editor.ExecutionResult)
Unity.AI.Assistant.Editor.RunCommand.AgentRunCommand:Execute (Unity.AI.Assistant.Agent.Dynamic.Extension.Editor.ExecutionResult&,string) (at ./Library/PackageCache/com.unity.ai.assistant@8d1e3e89e3a7/Editor/Assistant/RunCommand/AgentRunCommand.cs:56)
Unity.AI.Assistant.Editor.RunCommand.RunCommandUtils:Execute (Unity.AI.Assistant.Editor.RunCommand.AgentRunCommand,string) (at ./Library/PackageCache/com.unity.ai.assistant@8d1e3e89e3a7/Editor/Assistant/RunCommand/RunCommandUtils.cs:75)
Unity.AI.Assistant.Tools.Editor.RunCommandTool/<ExecuteCommand>d__6:MoveNext () (at ./Library/PackageCache/com.unity.ai.assistant@8d1e3e89e3a7/Modules/Unity.AI.Assistant.Tools/Scripting/RunCommandTool.cs:73)
System.Runtime.CompilerServices.AsyncTaskMethodBuilder`1<Unity.AI.Assistant.Tools.Editor.RunCommandTool/ExecutionOutput>:Start<Unity.AI.Assistant.Tools.Editor.RunCommandTool/<ExecuteCommand>d__6> (Unity.AI.Assistant.Tools.Editor.RunCommandTool/<ExecuteCommand>d__6&)
Unity.AI.Assistant.Tools.Editor.RunCommandTool:ExecuteCommand (Unity.AI.Assistant.FunctionCalling.ToolExecutionContext,string,string)
Unity.AI.MCP.Editor.Tools.RunCommand/<HandleCommand>d__4:MoveNext () (at ./Library/PackageCache/com.unity.ai.assistant@8d1e3e89e3a7/Modules/Unity.AI.MCP.Editor/Tools/RunCommand.cs:155)
System.Runtime.CompilerServices.AsyncTaskMethodBuilder`1<object>:Start<Unity.AI.MCP.Editor.Tools.RunCommand/<HandleCommand>d__4> (Unity.AI.MCP.Editor.Tools.RunCommand/<HandleCommand>d__4&)
Unity.AI.MCP.Editor.Tools.RunCommand:HandleCommand (Unity.AI.MCP.Editor.Tools.Parameters.RunCommandParams)
System.Reflection.RuntimeMethodInfo:Invoke (object,System.Reflection.BindingFlags,System.Reflection.Binder,object[],System.Globalization.CultureInfo)
System.Reflection.MethodBase:Invoke (object,object[])
Unity.AI.MCP.Editor.ToolRegistry.TypedToolHandler:ExecuteAsync (Newtonsoft.Json.Linq.JObject) (at ./Library/PackageCache/com.unity.ai.assistant@8d1e3e89e3a7/Modules/Unity.AI.MCP.Editor/ToolRegistry/IToolHandler.cs:164)
Unity.AI.MCP.Editor.ToolRegistry.McpToolRegistry/<ExecuteToolAsync>d__14:MoveNext () (at ./Library/PackageCache/com.unity.ai.assistant@8d1e3e89e3a7/Modules/Unity.AI.MCP.Editor/ToolRegistry/McpToolRegistry.cs:244)
System.Runtime.CompilerServices.AsyncTaskMethodBuilder`1<object>:Start<Unity.AI.MCP.Editor.ToolRegistry.McpToolRegistry/<ExecuteToolAsync>d__14> (Unity.AI.MCP.Editor.ToolRegistry.McpToolRegistry/<ExecuteToolAsync>d__14&)
Unity.AI.MCP.Editor.ToolRegistry.McpToolRegistry:ExecuteToolAsync (string,Newtonsoft.Json.Linq.JObject)
Unity.AI.MCP.Editor.Bridge/<ExecuteCommandAsync>d__75:MoveNext () (at ./Library/PackageCache/com.unity.ai.assistant@8d1e3e89e3a7/Modules/Unity.AI.MCP.Editor/Bridge.cs:1783)
System.Runtime.CompilerServices.AsyncTaskMethodBuilder`1<string>:Start<Unity.AI.MCP.Editor.Bridge/<ExecuteCommandAsync>d__75> (Unity.AI.MCP.Editor.Bridge/<ExecuteCommandAsync>d__75&)
Unity.AI.MCP.Editor.Bridge:ExecuteCommandAsync (Unity.AI.MCP.Editor.Models.Command,Unity.AI.MCP.Editor.Connection.IConnectionTransport,System.Threading.CancellationToken)
Unity.AI.MCP.Editor.Bridge:ProcessCommands () (at ./Library/PackageCache/com.unity.ai.assistant@8d1e3e89e3a7/Modules/Unity.AI.MCP.Editor/Bridge.cs:1537)
Unity.AI.MCP.Editor.Bridge:<RequestDrainOnMainThread>b__69_0 (object) (at ./Library/PackageCache/com.unity.ai.assistant@8d1e3e89e3a7/Modules/Unity.AI.MCP.Editor/Bridge.cs:1468)
UnityEngine.UnitySynchronizationContext/WorkRequest:Invoke () (at /Users/bokken/build/output/unity/unity/Runtime/Export/Scripting/UnitySynchronizationContext.cs:156)
UnityEngine.UnitySynchronizationContext:Exec () (at /Users/bokken/build/output/unity/unity/Runtime/Export/Scripting/UnitySynchronizationContext.cs:84)
UnityEngine.UnitySynchronizationContext:ExecuteTasks () (at /Users/bokken/build/output/unity/unity/Runtime/Export/Scripting/UnitySynchronizationContext.cs:110)

[/Users/bokken/build/output/unity/unity/Runtime/Export/Scripting/StackTrace.cs line 23]

Serialized binary data for shader Hidden/Core/DebugOcclusionTest in 0.00s
    metal (total internal programs: 0, unique: 0)
Compiling shader "Hidden/Universal Render Pipeline/XR/XRMirrorView"
  Pass "" (vp)
    Target graphics API: metal
    Full variant space:         1
    After settings filtering:   1
    After built-in stripping:   1
    After scriptable stripping: 0
    Processed in 0.00 seconds
  Pass "" (fp)
    Target graphics API: metal
    Full variant space:         4
    After settings filtering:   2
    After built-in stripping:   2
    After scriptable stripping: 0
    Processed in 0.00 seconds
Serialized binary data for shader Hidden/Universal Render Pipeline/XR/XRMirrorView in 0.00s
    metal (total internal programs: 0, unique: 0)
Compiling shader "Hidden/Universal Render Pipeline/CopyDepth"
  Pass "CopyDepth" (vp)
    Target graphics API: metal
    Full variant space:         8
    After settings filtering:   8
    After built-in stripping:   8
    After scriptable stripping: 8
    Processed in 0.00 seconds
  Pass "CopyDepth" (fp)
    Target graphics API: metal
    Full variant space:         8
    After settings filtering:   8
    After built-in stripping:   8
    After scriptable stripping: 8
    Processed in 0.00 seconds
  Pass CopyDepth (vp, metal) finished in 0.00 seconds. Local cache hits 8 (0.00s CPU time), remote cache hits 0 (0.00s CPU time), compiled 0 variants (0.00s CPU time), skipped 0 variants.
    Prepared data for serialisation in 0.00s
  Pass CopyDepth (fp, metal) finished in 0.00 seconds. Local cache hits 8 (0.00s CPU time), remote cache hits 0 (0.00s CPU time), compiled 0 variants (0.00s CPU time), skipped 0 variants.
    Prepared data for serialisation in 0.00s
Serialized binary data for shader Hidden/Universal Render Pipeline/CopyDepth in 0.00s
    metal (total internal programs: 16, unique: 16)
Compiling shader "Hidden/TerrainEngine/Details/UniversalPipeline/WavingDoublePass"
  Pass "ForwardLit" (vp)
    Target graphics API: metal
    Full variant space:         55.296
    After settings filtering:   768
    After built-in stripping:   18
    After scriptable stripping: 6
    Processed in 0.00 seconds
  Pass "ForwardLit" (fp)
    Target graphics API: metal
    Full variant space:         35.389.440
    After settings filtering:   3.072
    After built-in stripping:   72
    After scriptable stripping: 24
    Processed in 0.00 seconds
  Pass "GBuffer" (vp)
    Target graphics API: metal
    Full variant space:         1.152
    After settings filtering:   192
    After built-in stripping:   6
    After scriptable stripping: 0
    Processed in 0.00 seconds
  Pass "GBuffer" (fp)
    Target graphics API: metal
    Full variant space:         737.280
    After settings filtering:   768
    After built-in stripping:   24
    After scriptable stripping: 0
    Processed in 0.00 seconds
  Pass "DepthOnly" (vp)
    Target graphics API: metal
    Full variant space:         2
    After settings filtering:   2
    After built-in stripping:   1
    After scriptable stripping: 1
    Processed in 0.00 seconds
  Pass "DepthOnly" (fp)
    Target graphics API: metal
    Full variant space:         2
    After settings filtering:   2
    After built-in stripping:   1
    After scriptable stripping: 1
    Processed in 0.00 seconds
  Pass "DepthNormalsOnly" (vp)
    Target graphics API: metal
    Full variant space:         2
    After settings filtering:   2
    After built-in stripping:   1
    After scriptable stripping: 1
    Processed in 0.00 seconds
  Pass "DepthNormalsOnly" (fp)
    Target graphics API: metal
    Full variant space:         8
    After settings filtering:   2
    After built-in stripping:   1
    After scriptable stripping: 1
    Processed in 0.00 seconds
  Pass ForwardLit (vp, metal) finished in 0.00 seconds. Local cache hits 6 (0.00s CPU time), remote cache hits 0 (0.00s CPU time), compiled 0 variants (0.00s CPU time), skipped 0 variants.
    Prepared data for serialisation in 0.00s
  Pass ForwardLit (fp, metal) finished in 0.01 seconds. Local cache hits 24 (0.06s CPU time), remote cache hits 0 (0.00s CPU time), compiled 0 variants (0.00s CPU time), skipped 0 variants.
    Prepared data for serialisation in 0.00s
  Pass DepthOnly (vp, metal) finished in 0.00 seconds. Local cache hits 1 (0.00s CPU time), remote cache hits 0 (0.00s CPU time), compiled 0 variants (0.00s CPU time), skipped 0 variants.
    Prepared data for serialisation in 0.00s
  Pass DepthOnly (fp, metal) finished in 0.00 seconds. Local cache hits 1 (0.00s CPU time), remote cache hits 0 (0.00s CPU time), compiled 0 variants (0.00s CPU time), skipped 0 variants.
    Prepared data for serialisation in 0.00s
  Pass DepthNormalsOnly (vp, metal) finished in 0.00 seconds. Local cache hits 1 (0.00s CPU time), remote cache hits 0 (0.00s CPU time), compiled 0 variants (0.00s CPU time), skipped 0 variants.
    Prepared data for serialisation in 0.00s
  Pass DepthNormalsOnly (fp, metal) finished in 0.00 seconds. Local cache hits 1 (0.00s CPU time), remote cache hits 0 (0.00s CPU time), compiled 0 variants (0.00s CPU time), skipped 0 variants.
    Prepared data for serialisation in 0.00s
Serialized binary data for shader Hidden/TerrainEngine/Details/UniversalPipeline/WavingDoublePass in 0.00s
    metal (total internal programs: 34, unique: 34)
Compressed shader 'Hidden/TerrainEngine/Details/UniversalPipeline/WavingDoublePass' on metal from 1.30MB to 0.15MB
Compressed shader 'Hidden/TerrainEngine/Details/UniversalPipeline/WavingDoublePass' in 0.03s
Compiling shader "Hidden/Universal Render Pipeline/FallbackError"
  Pass "" (vp)
    Target graphics API: metal
    Full variant space:         6
    After settings filtering:   6
    After built-in stripping:   2
    After scriptable stripping: 2
    Processed in 0.00 seconds
  Pass "" (fp)
    Target graphics API: metal
    Full variant space:         6
    After settings filtering:   6
    After built-in stripping:   2
    After scriptable stripping: 2
    Processed in 0.00 seconds
  Pass  (vp, metal) finished in 0.00 seconds. Local cache hits 2 (0.00s CPU time), remote cache hits 0 (0.00s CPU time), compiled 0 variants (0.00s CPU time), skipped 0 variants.
    Prepared data for serialisation in 0.00s
  Pass  (fp, metal) finished in 0.00 seconds. Local cache hits 2 (0.00s CPU time), remote cache hits 0 (0.00s CPU time), compiled 0 variants (0.00s CPU time), skipped 0 variants.
    Prepared data for serialisation in 0.00s
Serialized binary data for shader Hidden/Universal Render Pipeline/FallbackError in 0.00s
    metal (total internal programs: 4, unique: 4)
Compiling shader "Hidden/Universal Render Pipeline/UberPost"
  Pass "UberPost" (vp)
    Target graphics API: metal
    Full variant space:         1
    After settings filtering:   1
    After built-in stripping:   1
    After scriptable stripping: 1
    Processed in 0.00 seconds
  Pass "UberPost" (fp)
    Target graphics API: metal
    Full variant space:         92.160
    After settings filtering:   960
    After built-in stripping:   960
    After scriptable stripping: 72
    Processed in 0.00 seconds
  Pass "UberPostXR" (vp)
    Target graphics API: metal
    Full variant space:         1
    After settings filtering:   1
    After built-in stripping:   1
    After scriptable stripping: 0
    Processed in 0.00 seconds
  Pass "UberPostXR" (fp)
    Target graphics API: metal
    Full variant space:         92.160
    After settings filtering:   960
    After built-in stripping:   960
    After scriptable stripping: 0
    Processed in 0.00 seconds
  Pass UberPost (vp, metal) finished in 0.01 seconds. Local cache hits 1 (0.00s CPU time), remote cache hits 0 (0.00s CPU time), compiled 0 variants (0.00s CPU time), skipped 0 variants.
    Prepared data for serialisation in 0.00s
  Pass UberPost (fp, metal) finished in 0.85 seconds. Local cache hits 37 (0.05s CPU time), remote cache hits 0 (0.00s CPU time), compiled 35 variants (9.22s CPU time), skipped 0 variants.
    Prepared data for serialisation in 0.00s
Serialized binary data for shader Hidden/Universal Render Pipeline/UberPost in 0.00s
    metal (total internal programs: 73, unique: 73)
Compiling shader "Hidden/Universal Render Pipeline/Scaling Setup"
  Pass "ScalingSetup" (vp)
    Target graphics API: metal
    Full variant space:         1
    After settings filtering:   1
    After built-in stripping:   1
    After scriptable stripping: 1
    Processed in 0.00 seconds
  Pass "ScalingSetup" (fp)
    Target graphics API: metal
    Full variant space:         12
    After settings filtering:   6
    After built-in stripping:   6
    After scriptable stripping: 4
    Processed in 0.00 seconds
  Pass ScalingSetup (vp, metal) finished in 0.00 seconds. Local cache hits 1 (0.00s CPU time), remote cache hits 0 (0.00s CPU time), compiled 0 variants (0.00s CPU time), skipped 0 variants.
    Prepared data for serialisation in 0.00s
  Pass ScalingSetup (fp, metal) finished in 0.00 seconds. Local cache hits 4 (0.00s CPU time), remote cache hits 0 (0.00s CPU time), compiled 0 variants (0.00s CPU time), skipped 0 variants.
    Prepared data for serialisation in 0.00s
Serialized binary data for shader Hidden/Universal Render Pipeline/Scaling Setup in 0.00s
    metal (total internal programs: 5, unique: 5)
Compiling shader "Hidden/Universal Render Pipeline/StencilDeferred"
  Pass "Stencil Volume" (vp)
    Target graphics API: metal
    Full variant space:         2
    After settings filtering:   2
    After built-in stripping:   2
    After scriptable stripping: 0
    Processed in 0.00 seconds
  Pass "Stencil Volume" (fp)
    Target graphics API: metal
    Full variant space:         1
    After settings filtering:   1
    After built-in stripping:   1
    After scriptable stripping: 0
    Processed in 0.00 seconds
  Pass "Deferred Punctual Light (Lit)" (vp)
    Target graphics API: metal
    Full variant space:         4
    After settings filtering:   2
    After built-in stripping:   2
    After scriptable stripping: 0
    Processed in 0.00 seconds
  Pass "Deferred Punctual Light (Lit)" (fp)
    Target graphics API: metal
    Full variant space:         5.120
    After settings filtering:   32
    After built-in stripping:   8
    After scriptable stripping: 0
    Processed in 0.00 seconds
  Pass "Deferred Punctual Light (SimpleLit)" (vp)
    Target graphics API: metal
    Full variant space:         4
    After settings filtering:   2
    After built-in stripping:   2
    After scriptable stripping: 0
    Processed in 0.00 seconds
  Pass "Deferred Punctual Light (SimpleLit)" (fp)
    Target graphics API: metal
    Full variant space:         5.120
    After settings filtering:   32
    After built-in stripping:   8
    After scriptable stripping: 0
    Processed in 0.00 seconds
  Pass "Deferred Directional Light (Lit)" (vp)
    Target graphics API: metal
    Full variant space:         2
    After settings filtering:   1
    After built-in stripping:   1
    After scriptable stripping: 0
    Processed in 0.00 seconds
  Pass "Deferred Directional Light (Lit)" (fp)
    Target graphics API: metal
    Full variant space:         40.960
    After settings filtering:   32
    After built-in stripping:   8
    After scriptable stripping: 0
    Processed in 0.00 seconds
  Pass "Deferred Directional Light (SimpleLit)" (vp)
    Target graphics API: metal
    Full variant space:         2
    After settings filtering:   1
    After built-in stripping:   1
    After scriptable stripping: 0
    Processed in 0.00 seconds
  Pass "Deferred Directional Light (SimpleLit)" (fp)
    Target graphics API: metal
    Full variant space:         40.960
    After settings filtering:   32
    After built-in stripping:   8
    After scriptable stripping: 0
    Processed in 0.00 seconds
  Pass "Fog" (vp)
    Target graphics API: metal
    Full variant space:         4
    After settings filtering:   4
    After built-in stripping:   3
    After scriptable stripping: 0
    Processed in 0.00 seconds
  Pass "Fog" (fp)
    Target graphics API: metal
    Full variant space:         8
    After settings filtering:   4
    After built-in stripping:   3
    After scriptable stripping: 0
    Processed in 0.00 seconds
  Pass "SSAOOnly" (vp)
    Target graphics API: metal
    Full variant space:         2
    After settings filtering:   1
    After built-in stripping:   1
    After scriptable stripping: 0
    Processed in 0.00 seconds
  Pass "SSAOOnly" (fp)
    Target graphics API: metal
    Full variant space:         4
    After settings filtering:   1
    After built-in stripping:   1
    After scriptable stripping: 0
    Processed in 0.00 seconds
Serialized binary data for shader Hidden/Universal Render Pipeline/StencilDeferred in 0.00s
    metal (total internal programs: 0, unique: 0)
Compiling shader "Hidden/Universal Render Pipeline/LutBuilderHdr"
  Pass "LutBuilderHdr" (vp)
    Target graphics API: metal
    Full variant space:         3
    After settings filtering:   3
    After built-in stripping:   3
    After scriptable stripping: 3
    Processed in 0.00 seconds
  Pass "LutBuilderHdr" (fp)
    Target graphics API: metal
    Full variant space:         6
    After settings filtering:   3
    After built-in stripping:   3
    After scriptable stripping: 3
    Processed in 0.00 seconds
  Pass LutBuilderHdr (vp, metal) finished in 0.00 seconds. Local cache hits 3 (0.00s CPU time), remote cache hits 0 (0.00s CPU time), compiled 0 variants (0.00s CPU time), skipped 0 variants.
    Prepared data for serialisation in 0.00s
  Pass LutBuilderHdr (fp, metal) finished in 0.00 seconds. Local cache hits 3 (0.00s CPU time), remote cache hits 0 (0.00s CPU time), compiled 0 variants (0.00s CPU time), skipped 0 variants.
    Prepared data for serialisation in 0.00s
Serialized binary data for shader Hidden/Universal Render Pipeline/LutBuilderHdr in 0.00s
    metal (total internal programs: 6, unique: 6)
Compiling shader "Hidden/Universal Render Pipeline/DBufferClear"
  Pass "DBufferClear" (vp)
    Target graphics API: metal
    Full variant space:         1
    After settings filtering:   1
    After built-in stripping:   1
    After scriptable stripping: 1
    Processed in 0.00 seconds
  Pass "DBufferClear" (fp)
    Target graphics API: metal
    Full variant space:         3
    After settings filtering:   1
    After built-in stripping:   1
    After scriptable stripping: 0
    Processed in 0.00 seconds
Serialized binary data for shader Hidden/Universal Render Pipeline/DBufferClear in 0.00s
    metal (total internal programs: 0, unique: 0)
Compiling shader "Hidden/TerrainEngine/Details/UniversalPipeline/Vertexlit"
  Pass "TerrainDetailVertex" (vp)
    Target graphics API: metal
    Full variant space:         9.216
    After settings filtering:   128
    After built-in stripping:   6
    After scriptable stripping: 6
    Processed in 0.00 seconds
  Pass "TerrainDetailVertex" (fp)
    Target graphics API: metal
    Full variant space:         1.474.560
    After settings filtering:   512
    After built-in stripping:   24
    After scriptable stripping: 24
    Processed in 0.00 seconds
  Pass "TerrainDetailVertex - GBuffer" (vp)
    Target graphics API: metal
    Full variant space:         192
    After settings filtering:   16
    After built-in stripping:   4
    After scriptable stripping: 4
    Processed in 0.00 seconds
  Pass "TerrainDetailVertex - GBuffer" (fp)
    Target graphics API: metal
    Full variant space:         15.360
    After settings filtering:   32
    After built-in stripping:   8
    After scriptable stripping: 8
    Processed in 0.00 seconds
  Pass "DepthOnly" (vp)
    Target graphics API: metal
    Full variant space:         2
    After settings filtering:   2
    After built-in stripping:   1
    After scriptable stripping: 1
    Processed in 0.00 seconds
  Pass "DepthOnly" (fp)
    Target graphics API: metal
    Full variant space:         2
    After settings filtering:   2
    After built-in stripping:   1
    After scriptable stripping: 1
    Processed in 0.00 seconds
  Pass "DepthNormals" (vp)
    Target graphics API: metal
    Full variant space:         2
    After settings filtering:   2
    After built-in stripping:   1
    After scriptable stripping: 1
    Processed in 0.00 seconds
  Pass "DepthNormals" (fp)
    Target graphics API: metal
    Full variant space:         4
    After settings filtering:   2
    After built-in stripping:   1
    After scriptable stripping: 1
    Processed in 0.00 seconds
  Pass TerrainDetailVertex (vp, metal) finished in 0.01 seconds. Local cache hits 6 (0.01s CPU time), remote cache hits 0 (0.00s CPU time), compiled 0 variants (0.00s CPU time), skipped 0 variants.
    Prepared data for serialisation in 0.00s
  Pass TerrainDetailVertex (fp, metal) finished in 0.00 seconds. Local cache hits 24 (0.04s CPU time), remote cache hits 0 (0.00s CPU time), compiled 0 variants (0.00s CPU time), skipped 0 variants.
    Prepared data for serialisation in 0.00s
  Pass TerrainDetailVertex - GBuffer (vp, metal) finished in 0.00 seconds. Local cache hits 4 (0.00s CPU time), remote cache hits 0 (0.00s CPU time), compiled 0 variants (0.00s CPU time), skipped 0 variants.
    Prepared data for serialisation in 0.00s
  Pass TerrainDetailVertex - GBuffer (fp, metal) finished in 0.00 seconds. Local cache hits 8 (0.01s CPU time), remote cache hits 0 (0.00s CPU time), compiled 0 variants (0.00s CPU time), skipped 0 variants.
    Prepared data for serialisation in 0.00s
  Pass DepthOnly (vp, metal) finished in 0.00 seconds. Local cache hits 1 (0.00s CPU time), remote cache hits 0 (0.00s CPU time), compiled 0 variants (0.00s CPU time), skipped 0 variants.
    Prepared data for serialisation in 0.00s
  Pass DepthOnly (fp, metal) finished in 0.00 seconds. Local cache hits 1 (0.00s CPU time), remote cache hits 0 (0.00s CPU time), compiled 0 variants (0.00s CPU time), skipped 0 variants.
    Prepared data for serialisation in 0.00s
  Pass DepthNormals (vp, metal) finished in 0.00 seconds. Local cache hits 1 (0.00s CPU time), remote cache hits 0 (0.00s CPU time), compiled 0 variants (0.00s CPU time), skipped 0 variants.
    Prepared data for serialisation in 0.00s
  Pass DepthNormals (fp, metal) finished in 0.00 seconds. Local cache hits 1 (0.00s CPU time), remote cache hits 0 (0.00s CPU time), compiled 0 variants (0.00s CPU time), skipped 0 variants.
    Prepared data for serialisation in 0.00s
Serialized binary data for shader Hidden/TerrainEngine/Details/UniversalPipeline/Vertexlit in 0.00s
    metal (total internal programs: 46, unique: 46)
Compiling shader "Hidden/Universal Render Pipeline/XR/XRMotionVector"
  Pass "XR Camera MotionVectors" (vp)
    Target graphics API: metal
    Full variant space:         1
    After settings filtering:   1
    After built-in stripping:   1
    After scriptable stripping: 0
    Processed in 0.00 seconds
  Pass "XR Camera MotionVectors" (fp)
    Target graphics API: metal
    Full variant space:         1
    After settings filtering:   1
    After built-in stripping:   1
    After scriptable stripping: 0
    Processed in 0.00 seconds
Serialized binary data for shader Hidden/Universal Render Pipeline/XR/XRMotionVector in 0.00s
    metal (total internal programs: 0, unique: 0)
Compiling compute shader "OccluderDepthPyramidKernels"
    starting stripping...
    finished in 0.01 seconds. 8 of 8 variants left
    8 variants, starting compilation...
    finished in 0.00 seconds. Local cache hits 8, remote cache hits 0, compiled 0 variants
Compiling compute shader "ColorPyramid"
    starting stripping...
    finished in 0.00 seconds. 4 of 4 variants left
    4 variants, starting compilation...
    finished in 0.00 seconds. Local cache hits 4, remote cache hits 0, compiled 0 variants
Compiling compute shader "InstanceTransformUpdateKernels"
    starting stripping...
    finished in 0.00 seconds. 8 of 8 variants left
    8 variants, starting compilation...
    finished in 0.00 seconds. Local cache hits 8, remote cache hits 0, compiled 0 variants
Compiling compute shader "InstanceDataBufferUploadKernels"
    starting stripping...
    finished in 0.00 seconds. 1 of 1 variants left
    1 variants, starting compilation...
    finished in 0.00 seconds. Local cache hits 1, remote cache hits 0, compiled 0 variants
Compiling compute shader "DepthPyramid"
    starting stripping...
    finished in 0.00 seconds. 4 of 4 variants left
    4 variants, starting compilation...
    finished in 0.00 seconds. Local cache hits 4, remote cache hits 0, compiled 0 variants
Compiling compute shader "OcclusionCullingDebug"
    starting stripping...
    finished in 0.00 seconds. 1 of 1 variants left
    1 variants, starting compilation...
    finished in 0.00 seconds. Local cache hits 1, remote cache hits 0, compiled 0 variants
Compiling compute shader "VrsTexture"
    starting stripping...
    finished in 0.00 seconds. 24 of 24 variants left
    24 variants, starting compilation...
    finished in 0.00 seconds. Local cache hits 24, remote cache hits 0, compiled 0 variants
Compiling compute shader "InstanceOcclusionCullingKernels"
    starting stripping...
    finished in 0.00 seconds. 36 of 36 variants left
    36 variants, starting compilation...
    finished in 0.00 seconds. Local cache hits 36, remote cache hits 0, compiled 0 variants
Compiling compute shader "InstanceDataBufferCopyKernels"
    starting stripping...
    finished in 0.00 seconds. 1 of 1 variants left
    1 variants, starting compilation...
    finished in 0.00 seconds. Local cache hits 1, remote cache hits 0, compiled 0 variants
Compiling compute shader "InstanceWindDataUpdateKernels"
    starting stripping...
    finished in 0.00 seconds. 1 of 1 variants left
    1 variants, starting compilation...
    finished in 0.00 seconds. Local cache hits 1, remote cache hits 0, compiled 0 variants
Compiling shader "TextMeshPro/SRP/TMP_SDF-URP Lit"
  Pass "ForwardLit" (vp)
    Target graphics API: metal
    Full variant space:         884.736
    After settings filtering:   3.072
    After built-in stripping:   36
    After scriptable stripping: 12
    Processed in 0.00 seconds
  Pass "ForwardLit" (fp)
    Target graphics API: metal
    Full variant space:         36.238.786.560
    After settings filtering:   24.576
    After built-in stripping:   288
    After scriptable stripping: 48
    Processed in 0.00 seconds
  Pass "GBuffer" (vp)
    Target graphics API: metal
    Full variant space:         196.608
    After settings filtering:   2.048
    After built-in stripping:   24
    After scriptable stripping: 0
    Processed in 0.00 seconds
  Pass "GBuffer" (fp)
    Target graphics API: metal
    Full variant space:         1.006.632.960
    After settings filtering:   4.096
    After built-in stripping:   48
    After scriptable stripping: 0
    Processed in 0.00 seconds
  Pass "ShadowCaster" (vp)
    Target graphics API: metal
    Full variant space:         8
    After settings filtering:   8
    After built-in stripping:   4
    After scriptable stripping: 4
    Processed in 0.00 seconds
  Pass "ShadowCaster" (fp)
    Target graphics API: metal
    Full variant space:         4
    After settings filtering:   4
    After built-in stripping:   2
    After scriptable stripping: 2
    Processed in 0.00 seconds
  Pass "MotionVectors" (vp)
    Target graphics API: metal
    Full variant space:         4
    After settings filtering:   4
    After built-in stripping:   2
    After scriptable stripping: 2
    Processed in 0.00 seconds
  Pass "MotionVectors" (fp)
    Target graphics API: metal
    Full variant space:         8
    After settings filtering:   4
    After built-in stripping:   2
    After scriptable stripping: 2
    Processed in 0.00 seconds
  Pass "DepthNormals" (vp)
    Target graphics API: metal
    Full variant space:         8
    After settings filtering:   4
    After built-in stripping:   2
    After scriptable stripping: 2
    Processed in 0.00 seconds
  Pass "DepthNormals" (fp)
    Target graphics API: metal
    Full variant space:         32
    After settings filtering:   4
    After built-in stripping:   2
    After scriptable stripping: 2
    Processed in 0.00 seconds
  Pass "Universal 2D" (vp)
    Target graphics API: metal
    Full variant space:         1
    After settings filtering:   1
    After built-in stripping:   1
    After scriptable stripping: 1
    Processed in 0.00 seconds
  Pass "Universal 2D" (fp)
    Target graphics API: metal
    Full variant space:         1
    After settings filtering:   1
    After built-in stripping:   1
    After scriptable stripping: 1
    Processed in 0.00 seconds
  Pass ForwardLit (vp, metal) finished in 0.01 seconds. Local cache hits 12 (0.02s CPU time), remote cache hits 0 (0.00s CPU time), compiled 0 variants (0.00s CPU time), skipped 0 variants.
    Prepared data for serialisation in 0.00s
  Pass ForwardLit (fp, metal) finished in 0.02 seconds. Local cache hits 48 (0.23s CPU time), remote cache hits 0 (0.00s CPU time), compiled 0 variants (0.00s CPU time), skipped 0 variants.
    Prepared data for serialisation in 0.02s
  Pass ShadowCaster (vp, metal) finished in 0.02 seconds. Local cache hits 4 (0.01s CPU time), remote cache hits 0 (0.00s CPU time), compiled 0 variants (0.00s CPU time), skipped 0 variants.
    Prepared data for serialisation in 0.00s
  Pass ShadowCaster (fp, metal) finished in 0.03 seconds. Local cache hits 2 (0.00s CPU time), remote cache hits 0 (0.00s CPU time), compiled 0 variants (0.00s CPU time), skipped 0 variants.
    Prepared data for serialisation in 0.00s
  Pass MotionVectors (vp, metal) finished in 0.02 seconds. Local cache hits 2 (0.00s CPU time), remote cache hits 0 (0.00s CPU time), compiled 0 variants (0.00s CPU time), skipped 0 variants.
    Prepared data for serialisation in 0.00s
  Pass MotionVectors (fp, metal) finished in 0.03 seconds. Local cache hits 2 (0.01s CPU time), remote cache hits 0 (0.00s CPU time), compiled 0 variants (0.00s CPU time), skipped 0 variants.
    Prepared data for serialisation in 0.00s
  Pass DepthNormals (vp, metal) finished in 0.02 seconds. Local cache hits 2 (0.00s CPU time), remote cache hits 0 (0.00s CPU time), compiled 0 variants (0.00s CPU time), skipped 0 variants.
    Prepared data for serialisation in 0.00s
  Pass DepthNormals (fp, metal) finished in 0.03 seconds. Local cache hits 2 (0.00s CPU time), remote cache hits 0 (0.00s CPU time), compiled 0 variants (0.00s CPU time), skipped 0 variants.
    Prepared data for serialisation in 0.00s
  Pass Universal 2D (vp, metal) finished in 0.02 seconds. Local cache hits 1 (0.00s CPU time), remote cache hits 0 (0.00s CPU time), compiled 0 variants (0.00s CPU time), skipped 0 variants.
    Prepared data for serialisation in 0.00s
  Pass Universal 2D (fp, metal) finished in 0.03 seconds. Local cache hits 1 (0.00s CPU time), remote cache hits 0 (0.00s CPU time), compiled 0 variants (0.00s CPU time), skipped 0 variants.
    Prepared data for serialisation in 0.00s
Serialized binary data for shader TextMeshPro/SRP/TMP_SDF-URP Lit in 0.03s
    metal (total internal programs: 76, unique: 76)
Compressed shader 'TextMeshPro/SRP/TMP_SDF-URP Lit' on metal from 3.98MB to 0.52MB
Compressed shader 'TextMeshPro/SRP/TMP_SDF-URP Lit' in 0.10s
Compiling shader "TextMeshPro/SRP/TMP_SDF-HDRP LIT"
Serialized binary data for shader TextMeshPro/SRP/TMP_SDF-HDRP LIT in 0.00s
    metal (total internal programs: 0, unique: 0)
Compiling shader "TextMeshPro/SRP/TMP_SDF-HDRP UNLIT"
Serialized binary data for shader TextMeshPro/SRP/TMP_SDF-HDRP UNLIT in 0.00s
    metal (total internal programs: 0, unique: 0)
Compiling shader "Legacy Shaders/Particles/Alpha Blended"
  Pass "" (vp)
    Target graphics API: metal
    Full variant space:         8
    After settings filtering:   8
    After built-in stripping:   6
    After scriptable stripping: 6
    Processed in 0.00 seconds
  Pass "" (fp)
    Target graphics API: metal
    Full variant space:         8
    After settings filtering:   8
    After built-in stripping:   6
    After scriptable stripping: 6
    Processed in 0.00 seconds
  Pass  (vp, metal) finished in 0.00 seconds. Local cache hits 6 (0.01s CPU time), remote cache hits 0 (0.00s CPU time), compiled 0 variants (0.00s CPU time), skipped 0 variants.
    Prepared data for serialisation in 0.00s
  Pass  (fp, metal) finished in 0.00 seconds. Local cache hits 6 (0.01s CPU time), remote cache hits 0 (0.00s CPU time), compiled 0 variants (0.00s CPU time), skipped 0 variants.
    Prepared data for serialisation in 0.00s
Serialized binary data for shader Legacy Shaders/Particles/Alpha Blended in 0.00s
    metal (total internal programs: 12, unique: 12)
Compiling shader "Unlit/Texture"
  Pass "" (vp)
    Target graphics API: metal
    Full variant space:         4
    After settings filtering:   4
    After built-in stripping:   3
    After scriptable stripping: 3
    Processed in 0.00 seconds
  Pass "" (fp)
    Target graphics API: metal
    Full variant space:         4
    After settings filtering:   4
    After built-in stripping:   3
    After scriptable stripping: 3
    Processed in 0.00 seconds
  Pass  (vp, metal) finished in 0.00 seconds. Local cache hits 3 (0.00s CPU time), remote cache hits 0 (0.00s CPU time), compiled 0 variants (0.00s CPU time), skipped 0 variants.
    Prepared data for serialisation in 0.00s
  Pass  (fp, metal) finished in 0.00 seconds. Local cache hits 3 (0.00s CPU time), remote cache hits 0 (0.00s CPU time), compiled 0 variants (0.00s CPU time), skipped 0 variants.
    Prepared data for serialisation in 0.00s
Serialized binary data for shader Unlit/Texture in 0.00s
    metal (total internal programs: 6, unique: 6)
Compiling shader "TextMeshPro/Mobile/Distance Field - 2 Pass"
  Pass "Outline" (vp)
    Target graphics API: metal
    Full variant space:         8
    After settings filtering:   8
    After built-in stripping:   8
    After scriptable stripping: 8
    Processed in 0.00 seconds
  Pass "Outline" (fp)
    Target graphics API: metal
    Full variant space:         8
    After settings filtering:   8
    After built-in stripping:   8
    After scriptable stripping: 8
    Processed in 0.00 seconds
  Pass "Face" (vp)
    Target graphics API: metal
    Full variant space:         4
    After settings filtering:   4
    After built-in stripping:   4
    After scriptable stripping: 4
    Processed in 0.00 seconds
  Pass "Face" (fp)
    Target graphics API: metal
    Full variant space:         4
    After settings filtering:   4
    After built-in stripping:   4
    After scriptable stripping: 4
    Processed in 0.00 seconds
  Pass Outline (vp, metal) finished in 0.00 seconds. Local cache hits 8 (0.01s CPU time), remote cache hits 0 (0.00s CPU time), compiled 0 variants (0.00s CPU time), skipped 0 variants.
    Prepared data for serialisation in 0.00s
  Pass Outline (fp, metal) finished in 0.00 seconds. Local cache hits 8 (0.01s CPU time), remote cache hits 0 (0.00s CPU time), compiled 0 variants (0.00s CPU time), skipped 0 variants.
    Prepared data for serialisation in 0.00s
  Pass Face (vp, metal) finished in 0.00 seconds. Local cache hits 4 (0.01s CPU time), remote cache hits 0 (0.00s CPU time), compiled 0 variants (0.00s CPU time), skipped 0 variants.
    Prepared data for serialisation in 0.00s
  Pass Face (fp, metal) finished in 0.00 seconds. Local cache hits 4 (0.00s CPU time), remote cache hits 0 (0.00s CPU time), compiled 0 variants (0.00s CPU time), skipped 0 variants.
    Prepared data for serialisation in 0.00s
Serialized binary data for shader TextMeshPro/Mobile/Distance Field - 2 Pass in 0.00s
    metal (total internal programs: 24, unique: 24)
Compiling shader "Hidden/ProBuilder/VertexPickerURP"
  Pass "Vertices" (vp)
    Target graphics API: metal
    Full variant space:         1
    After settings filtering:   1
    After built-in stripping:   1
    After scriptable stripping: 1
    Processed in 0.00 seconds
  Pass "Vertices" (fp)
    Target graphics API: metal
    Full variant space:         1
    After settings filtering:   1
    After built-in stripping:   1
    After scriptable stripping: 1
    Processed in 0.00 seconds
  Pass Vertices (vp, metal) finished in 0.00 seconds. Local cache hits 1 (0.00s CPU time), remote cache hits 0 (0.00s CPU time), compiled 0 variants (0.00s CPU time), skipped 0 variants.
    Prepared data for serialisation in 0.00s
  Pass Vertices (fp, metal) finished in 0.00 seconds. Local cache hits 1 (0.00s CPU time), remote cache hits 0 (0.00s CPU time), compiled 0 variants (0.00s CPU time), skipped 0 variants.
    Prepared data for serialisation in 0.00s
Serialized binary data for shader Hidden/ProBuilder/VertexPickerURP in 0.00s
    metal (total internal programs: 2, unique: 2)
Compiling shader "Hidden/ProBuilder/EdgePickerURP"
  Pass "Edges" (vp)
    Target graphics API: metal
    Full variant space:         1
    After settings filtering:   1
    After built-in stripping:   1
    After scriptable stripping: 1
    Processed in 0.00 seconds
  Pass "Edges" (fp)
    Target graphics API: metal
    Full variant space:         1
    After settings filtering:   1
    After built-in stripping:   1
    After scriptable stripping: 1
    Processed in 0.00 seconds
  Pass Edges (vp, metal) finished in 0.00 seconds. Local cache hits 1 (0.00s CPU time), remote cache hits 0 (0.00s CPU time), compiled 0 variants (0.00s CPU time), skipped 0 variants.
    Prepared data for serialisation in 0.00s
  Pass Edges (fp, metal) finished in 0.00 seconds. Local cache hits 1 (0.00s CPU time), remote cache hits 0 (0.00s CPU time), compiled 0 variants (0.00s CPU time), skipped 0 variants.
    Prepared data for serialisation in 0.00s
Serialized binary data for shader Hidden/ProBuilder/EdgePickerURP in 0.00s
    metal (total internal programs: 2, unique: 2)
Compiling shader "TextMeshPro/Distance Field"
  Pass "" (vp)
    Target graphics API: metal
    Full variant space:         16
    After settings filtering:   16
    After built-in stripping:   16
    After scriptable stripping: 16
    Processed in 0.00 seconds
  Pass "" (fp)
    Target graphics API: metal
    Full variant space:         16
    After settings filtering:   16
    After built-in stripping:   16
    After scriptable stripping: 16
    Processed in 0.00 seconds
  Pass  (vp, metal) finished in 0.01 seconds. Local cache hits 16 (0.04s CPU time), remote cache hits 0 (0.00s CPU time), compiled 0 variants (0.00s CPU time), skipped 0 variants.
    Prepared data for serialisation in 0.00s
  Pass  (fp, metal) finished in 0.00 seconds. Local cache hits 16 (0.02s CPU time), remote cache hits 0 (0.00s CPU time), compiled 0 variants (0.00s CPU time), skipped 0 variants.
    Prepared data for serialisation in 0.00s
Serialized binary data for shader TextMeshPro/Distance Field in 0.00s
    metal (total internal programs: 32, unique: 32)
Compiling shader "TextMeshPro/Mobile/Distance Field (Surface)"
  Pass "FORWARD" (vp)
    Target graphics API: metal
    Full variant space:         24
    After settings filtering:   24
    After built-in stripping:   9
    After scriptable stripping: 9
    Processed in 0.00 seconds
  Pass "FORWARD" (fp)
    Target graphics API: metal
    Full variant space:         16
    After settings filtering:   16
    After built-in stripping:   6
    After scriptable stripping: 6
    Processed in 0.00 seconds
  Pass "Caster" (vp)
    Target graphics API: metal
    Full variant space:         2
    After settings filtering:   2
    After built-in stripping:   2
    After scriptable stripping: 2
    Processed in 0.00 seconds
  Pass "Caster" (fp)
    Target graphics API: metal
    Full variant space:         2
    After settings filtering:   2
    After built-in stripping:   2
    After scriptable stripping: 2
    Processed in 0.00 seconds
  Pass FORWARD (vp, metal) finished in 0.01 seconds. Local cache hits 9 (0.05s CPU time), remote cache hits 0 (0.00s CPU time), compiled 0 variants (0.00s CPU time), skipped 0 variants.
    Prepared data for serialisation in 0.00s
  Pass FORWARD (fp, metal) finished in 0.01 seconds. Local cache hits 6 (0.03s CPU time), remote cache hits 0 (0.00s CPU time), compiled 0 variants (0.00s CPU time), skipped 0 variants.
    Prepared data for serialisation in 0.00s
  Pass Caster (vp, metal) finished in 0.01 seconds. Local cache hits 2 (0.00s CPU time), remote cache hits 0 (0.00s CPU time), compiled 0 variants (0.00s CPU time), skipped 0 variants.
    Prepared data for serialisation in 0.00s
  Pass Caster (fp, metal) finished in 0.01 seconds. Local cache hits 2 (0.01s CPU time), remote cache hits 0 (0.00s CPU time), compiled 0 variants (0.00s CPU time), skipped 0 variants.
    Prepared data for serialisation in 0.00s
Serialized binary data for shader TextMeshPro/Mobile/Distance Field (Surface) in 0.00s
    metal (total internal programs: 19, unique: 19)
Compiling shader "Hidden/ProBuilder/EdgePicker"
  Pass "Edges" (vp)
    Target graphics API: metal
    Full variant space:         1
    After settings filtering:   1
    After built-in stripping:   1
    After scriptable stripping: 1
    Processed in 0.00 seconds
  Pass "Edges" (fp)
    Target graphics API: metal
    Full variant space:         1
    After settings filtering:   1
    After built-in stripping:   1
    After scriptable stripping: 1
    Processed in 0.00 seconds
  Pass Edges (vp, metal) finished in 0.00 seconds. Local cache hits 1 (0.00s CPU time), remote cache hits 0 (0.00s CPU time), compiled 0 variants (0.00s CPU time), skipped 0 variants.
    Prepared data for serialisation in 0.00s
  Pass Edges (fp, metal) finished in 0.00 seconds. Local cache hits 1 (0.00s CPU time), remote cache hits 0 (0.00s CPU time), compiled 0 variants (0.00s CPU time), skipped 0 variants.
    Prepared data for serialisation in 0.00s
Serialized binary data for shader Hidden/ProBuilder/EdgePicker in 0.00s
    metal (total internal programs: 2, unique: 2)
Compiling shader "Hidden/ProBuilder/FacePickerURP"
  Pass "Base" (vp)
    Target graphics API: metal
    Full variant space:         1
    After settings filtering:   1
    After built-in stripping:   1
    After scriptable stripping: 1
    Processed in 0.00 seconds
  Pass "Base" (fp)
    Target graphics API: metal
    Full variant space:         1
    After settings filtering:   1
    After built-in stripping:   1
    After scriptable stripping: 1
    Processed in 0.00 seconds
  Pass Base (vp, metal) finished in 0.00 seconds. Local cache hits 1 (0.00s CPU time), remote cache hits 0 (0.00s CPU time), compiled 0 variants (0.00s CPU time), skipped 0 variants.
    Prepared data for serialisation in 0.00s
  Pass Base (fp, metal) finished in 0.00 seconds. Local cache hits 1 (0.00s CPU time), remote cache hits 0 (0.00s CPU time), compiled 0 variants (0.00s CPU time), skipped 0 variants.
    Prepared data for serialisation in 0.00s
Serialized binary data for shader Hidden/ProBuilder/FacePickerURP in 0.00s
    metal (total internal programs: 2, unique: 2)
Compiling shader "TextMeshPro/Mobile/Distance Field Overlay"
  Pass "" (vp)
    Target graphics API: metal
    Full variant space:         4
    After settings filtering:   4
    After built-in stripping:   4
    After scriptable stripping: 4
    Processed in 0.00 seconds
  Pass "" (fp)
    Target graphics API: metal
    Full variant space:         4
    After settings filtering:   4
    After built-in stripping:   4
    After scriptable stripping: 4
    Processed in 0.00 seconds
  Pass  (vp, metal) finished in 0.00 seconds. Local cache hits 4 (0.01s CPU time), remote cache hits 0 (0.00s CPU time), compiled 0 variants (0.00s CPU time), skipped 0 variants.
    Prepared data for serialisation in 0.00s
  Pass  (fp, metal) finished in 0.00 seconds. Local cache hits 4 (0.01s CPU time), remote cache hits 0 (0.00s CPU time), compiled 0 variants (0.00s CPU time), skipped 0 variants.
    Prepared data for serialisation in 0.00s
Serialized binary data for shader TextMeshPro/Mobile/Distance Field Overlay in 0.00s
    metal (total internal programs: 8, unique: 8)
Compiling shader "TextMeshPro/Mobile/Distance Field - Masking"
  Pass "" (vp)
    Target graphics API: metal
    Full variant space:         4
    After settings filtering:   4
    After built-in stripping:   4
    After scriptable stripping: 4
    Processed in 0.00 seconds
  Pass "" (fp)
    Target graphics API: metal
    Full variant space:         4
    After settings filtering:   4
    After built-in stripping:   4
    After scriptable stripping: 4
    Processed in 0.00 seconds
  Pass  (vp, metal) finished in 0.00 seconds. Local cache hits 4 (0.01s CPU time), remote cache hits 0 (0.00s CPU time), compiled 0 variants (0.00s CPU time), skipped 0 variants.
    Prepared data for serialisation in 0.00s
  Pass  (fp, metal) finished in 0.00 seconds. Local cache hits 4 (0.00s CPU time), remote cache hits 0 (0.00s CPU time), compiled 0 variants (0.00s CPU time), skipped 0 variants.
    Prepared data for serialisation in 0.00s
Serialized binary data for shader TextMeshPro/Mobile/Distance Field - Masking in 0.00s
    metal (total internal programs: 8, unique: 8)
Compiling shader "Hidden/ProBuilder/VertexPicker"
  Pass "Vertices" (vp)
    Target graphics API: metal
    Full variant space:         1
    After settings filtering:   1
    After built-in stripping:   1
    After scriptable stripping: 1
    Processed in 0.00 seconds
  Pass "Vertices" (fp)
    Target graphics API: metal
    Full variant space:         1
    After settings filtering:   1
    After built-in stripping:   1
    After scriptable stripping: 1
    Processed in 0.00 seconds
  Pass Vertices (vp, metal) finished in 0.00 seconds. Local cache hits 1 (0.00s CPU time), remote cache hits 0 (0.00s CPU time), compiled 0 variants (0.00s CPU time), skipped 0 variants.
    Prepared data for serialisation in 0.00s
  Pass Vertices (fp, metal) finished in 0.00 seconds. Local cache hits 1 (0.00s CPU time), remote cache hits 0 (0.00s CPU time), compiled 0 variants (0.00s CPU time), skipped 0 variants.
    Prepared data for serialisation in 0.00s
Serialized binary data for shader Hidden/ProBuilder/VertexPicker in 0.00s
    metal (total internal programs: 2, unique: 2)
Compiling shader "Hidden/ProBuilder/FacePicker"
  Pass "Base" (vp)
    Target graphics API: metal
    Full variant space:         1
    After settings filtering:   1
    After built-in stripping:   1
    After scriptable stripping: 1
    Processed in 0.00 seconds
  Pass "Base" (fp)
    Target graphics API: metal
    Full variant space:         1
    After settings filtering:   1
    After built-in stripping:   1
    After scriptable stripping: 1
    Processed in 0.00 seconds
  Pass Base (vp, metal) finished in 0.00 seconds. Local cache hits 1 (0.00s CPU time), remote cache hits 0 (0.00s CPU time), compiled 0 variants (0.00s CPU time), skipped 0 variants.
    Prepared data for serialisation in 0.00s
  Pass Base (fp, metal) finished in 0.00 seconds. Local cache hits 1 (0.00s CPU time), remote cache hits 0 (0.00s CPU time), compiled 0 variants (0.00s CPU time), skipped 0 variants.
    Prepared data for serialisation in 0.00s
Serialized binary data for shader Hidden/ProBuilder/FacePicker in 0.00s
    metal (total internal programs: 2, unique: 2)
Compiling shader "TextMeshPro/Sprite"
  Pass "Default" (vp)
    Target graphics API: metal
    Full variant space:         4
    After settings filtering:   4
    After built-in stripping:   4
    After scriptable stripping: 4
    Processed in 0.00 seconds
  Pass "Default" (fp)
    Target graphics API: metal
    Full variant space:         4
    After settings filtering:   4
    After built-in stripping:   4
    After scriptable stripping: 4
    Processed in 0.00 seconds
  Pass Default (vp, metal) finished in 0.00 seconds. Local cache hits 4 (0.00s CPU time), remote cache hits 0 (0.00s CPU time), compiled 0 variants (0.00s CPU time), skipped 0 variants.
    Prepared data for serialisation in 0.00s
  Pass Default (fp, metal) finished in 0.00 seconds. Local cache hits 4 (0.00s CPU time), remote cache hits 0 (0.00s CPU time), compiled 0 variants (0.00s CPU time), skipped 0 variants.
    Prepared data for serialisation in 0.00s
Serialized binary data for shader TextMeshPro/Sprite in 0.00s
    metal (total internal programs: 8, unique: 8)
Compiling shader "Hidden/ProBuilder/HideVertices"
  Pass "" (vp)
    Target graphics API: metal
    Full variant space:         1
    After settings filtering:   1
    After built-in stripping:   1
    After scriptable stripping: 1
    Processed in 0.00 seconds
  Pass "" (fp)
    Target graphics API: metal
    Full variant space:         1
    After settings filtering:   1
    After built-in stripping:   1
    After scriptable stripping: 1
    Processed in 0.00 seconds
  Pass  (vp, metal) finished in 0.00 seconds. Local cache hits 1 (0.00s CPU time), remote cache hits 0 (0.00s CPU time), compiled 0 variants (0.00s CPU time), skipped 0 variants.
    Prepared data for serialisation in 0.00s
  Pass  (fp, metal) finished in 0.00 seconds. Local cache hits 1 (0.00s CPU time), remote cache hits 0 (0.00s CPU time), compiled 0 variants (0.00s CPU time), skipped 0 variants.
    Prepared data for serialisation in 0.00s
Serialized binary data for shader Hidden/ProBuilder/HideVertices in 0.00s
    metal (total internal programs: 2, unique: 2)
Compiling shader "Hidden/Shader Graph/FallbackError"
  Pass "" (vp)
    Target graphics API: metal
    Full variant space:         4
    After settings filtering:   4
    After built-in stripping:   1
    After scriptable stripping: 1
    Processed in 0.00 seconds
  Pass "" (fp)
    Target graphics API: metal
    Full variant space:         4
    After settings filtering:   4
    After built-in stripping:   1
    After scriptable stripping: 1
    Processed in 0.00 seconds
  Pass  (vp, metal) finished in 0.00 seconds. Local cache hits 1 (0.00s CPU time), remote cache hits 0 (0.00s CPU time), compiled 0 variants (0.00s CPU time), skipped 0 variants.
    Prepared data for serialisation in 0.00s
  Pass  (fp, metal) finished in 0.00 seconds. Local cache hits 1 (0.00s CPU time), remote cache hits 0 (0.00s CPU time), compiled 0 variants (0.00s CPU time), skipped 0 variants.
    Prepared data for serialisation in 0.00s
Serialized binary data for shader Hidden/Shader Graph/FallbackError in 0.00s
    metal (total internal programs: 2, unique: 2)
Compiling shader "TextMeshPro/Distance Field (Surface)"
  Pass "FORWARD" (vp)
    Target graphics API: metal
    Full variant space:         48
    After settings filtering:   48
    After built-in stripping:   18
    After scriptable stripping: 18
    Processed in 0.00 seconds
  Pass "FORWARD" (fp)
    Target graphics API: metal
    Full variant space:         32
    After settings filtering:   32
    After built-in stripping:   12
    After scriptable stripping: 12
    Processed in 0.00 seconds
  Pass "FORWARD" (vp)
    Target graphics API: metal
    Full variant space:         40
    After settings filtering:   40
    After built-in stripping:   30
    After scriptable stripping: 30
    Processed in 0.00 seconds
  Pass "FORWARD" (fp)
    Target graphics API: metal
    Full variant space:         40
    After settings filtering:   40
    After built-in stripping:   30
    After scriptable stripping: 30
    Processed in 0.00 seconds
  Pass "Caster" (vp)
    Target graphics API: metal
    Full variant space:         2
    After settings filtering:   2
    After built-in stripping:   2
    After scriptable stripping: 2
    Processed in 0.00 seconds
  Pass "Caster" (fp)
    Target graphics API: metal
    Full variant space:         2
    After settings filtering:   2
    After built-in stripping:   2
    After scriptable stripping: 2
    Processed in 0.00 seconds
  Pass FORWARD (vp, metal) finished in 0.01 seconds. Local cache hits 18 (0.10s CPU time), remote cache hits 0 (0.00s CPU time), compiled 0 variants (0.00s CPU time), skipped 0 variants.
    Prepared data for serialisation in 0.00s
  Pass FORWARD (fp, metal) finished in 0.02 seconds. Local cache hits 12 (0.07s CPU time), remote cache hits 0 (0.00s CPU time), compiled 0 variants (0.00s CPU time), skipped 0 variants.
    Prepared data for serialisation in 0.00s
  Pass FORWARD (vp, metal) finished in 0.02 seconds. Local cache hits 30 (0.09s CPU time), remote cache hits 0 (0.00s CPU time), compiled 0 variants (0.00s CPU time), skipped 0 variants.
    Prepared data for serialisation in 0.00s
  Pass FORWARD (fp, metal) finished in 0.02 seconds. Local cache hits 30 (0.10s CPU time), remote cache hits 0 (0.00s CPU time), compiled 0 variants (0.00s CPU time), skipped 0 variants.
    Prepared data for serialisation in 0.00s
  Pass Caster (vp, metal) finished in 0.02 seconds. Local cache hits 2 (0.01s CPU time), remote cache hits 0 (0.00s CPU time), compiled 0 variants (0.00s CPU time), skipped 0 variants.
    Prepared data for serialisation in 0.00s
  Pass Caster (fp, metal) finished in 0.00 seconds. Local cache hits 2 (0.00s CPU time), remote cache hits 0 (0.00s CPU time), compiled 0 variants (0.00s CPU time), skipped 0 variants.
    Prepared data for serialisation in 0.00s
Serialized binary data for shader TextMeshPro/Distance Field (Surface) in 0.00s
    metal (total internal programs: 94, unique: 94)
Compressed shader 'TextMeshPro/Distance Field (Surface)' on metal from 1.04MB to 0.03MB
Compressed shader 'TextMeshPro/Distance Field (Surface)' in 0.01s
Compiling shader "TextMeshPro/Mobile/Distance Field"
  Pass "" (vp)
    Target graphics API: metal
    Full variant space:         16
    After settings filtering:   16
    After built-in stripping:   16
    After scriptable stripping: 16
    Processed in 0.00 seconds
  Pass "" (fp)
    Target graphics API: metal
    Full variant space:         16
    After settings filtering:   16
    After built-in stripping:   16
    After scriptable stripping: 16
    Processed in 0.00 seconds
  Pass  (vp, metal) finished in 0.02 seconds. Local cache hits 16 (0.14s CPU time), remote cache hits 0 (0.00s CPU time), compiled 0 variants (0.00s CPU time), skipped 0 variants.
    Prepared data for serialisation in 0.00s
  Pass  (fp, metal) finished in 0.01 seconds. Local cache hits 16 (0.05s CPU time), remote cache hits 0 (0.00s CPU time), compiled 0 variants (0.00s CPU time), skipped 0 variants.
    Prepared data for serialisation in 0.00s
Serialized binary data for shader TextMeshPro/Mobile/Distance Field in 0.00s
    metal (total internal programs: 32, unique: 32)
Shader warning in 'TextMeshPro/Mobile/Distance Field': #pragma enable_d3d11_debug_symbols has been deprecated, instead please use #pragma enable_debug_symbols at line 84
Compiling shader "Skybox/Procedural"
  Pass "" (vp)
    Target graphics API: metal
    Full variant space:         3
    After settings filtering:   3
    After built-in stripping:   3
    After scriptable stripping: 3
    Processed in 0.00 seconds
  Pass "" (fp)
    Target graphics API: metal
    Full variant space:         3
    After settings filtering:   3
    After built-in stripping:   3
    After scriptable stripping: 3
    Processed in 0.00 seconds
  Pass  (vp, metal) finished in 0.00 seconds. Local cache hits 3 (0.00s CPU time), remote cache hits 0 (0.00s CPU time), compiled 0 variants (0.00s CPU time), skipped 0 variants.
    Prepared data for serialisation in 0.00s
  Pass  (fp, metal) finished in 0.00 seconds. Local cache hits 3 (0.00s CPU time), remote cache hits 0 (0.00s CPU time), compiled 0 variants (0.00s CPU time), skipped 0 variants.
    Prepared data for serialisation in 0.00s
Serialized binary data for shader Skybox/Procedural in 0.00s
    metal (total internal programs: 6, unique: 6)
Compiling shader "Universal Render Pipeline/Particles/Unlit"
  Pass "ForwardLit" (vp)
    Target graphics API: metal
    Full variant space:         72
    After settings filtering:   24
    After built-in stripping:   9
    After scriptable stripping: 9
    Processed in 0.00 seconds
  Pass "ForwardLit" (fp)
    Target graphics API: metal
    Full variant space:         576
    After settings filtering:   48
    After built-in stripping:   18
    After scriptable stripping: 18
    Processed in 0.00 seconds
  Pass "DepthOnly" (vp)
    Target graphics API: metal
    Full variant space:         6
    After settings filtering:   6
    After built-in stripping:   3
    After scriptable stripping: 3
    Processed in 0.00 seconds
  Pass "DepthOnly" (fp)
    Target graphics API: metal
    Full variant space:         6
    After settings filtering:   6
    After built-in stripping:   3
    After scriptable stripping: 3
    Processed in 0.00 seconds
  Pass "ShadowCaster" (vp)
    Target graphics API: metal
    Full variant space:         12
    After settings filtering:   12
    After built-in stripping:   6
    After scriptable stripping: 6
    Processed in 0.00 seconds
  Pass "ShadowCaster" (fp)
    Target graphics API: metal
    Full variant space:         6
    After settings filtering:   6
    After built-in stripping:   3
    After scriptable stripping: 3
    Processed in 0.00 seconds
  Pass "DepthNormalsOnly" (vp)
    Target graphics API: metal
    Full variant space:         6
    After settings filtering:   6
    After built-in stripping:   3
    After scriptable stripping: 3
    Processed in 0.00 seconds
  Pass "DepthNormalsOnly" (fp)
    Target graphics API: metal
    Full variant space:         12
    After settings filtering:   6
    After built-in stripping:   3
    After scriptable stripping: 3
    Processed in 0.00 seconds
  Pass ForwardLit (vp, metal) finished in 0.00 seconds. Local cache hits 9 (0.01s CPU time), remote cache hits 0 (0.00s CPU time), compiled 0 variants (0.00s CPU time), skipped 0 variants.
    Prepared data for serialisation in 0.00s
  Pass ForwardLit (fp, metal) finished in 0.00 seconds. Local cache hits 18 (0.02s CPU time), remote cache hits 0 (0.00s CPU time), compiled 0 variants (0.00s CPU time), skipped 0 variants.
    Prepared data for serialisation in 0.00s
  Pass DepthOnly (vp, metal) finished in 0.00 seconds. Local cache hits 3 (0.00s CPU time), remote cache hits 0 (0.00s CPU time), compiled 0 variants (0.00s CPU time), skipped 0 variants.
    Prepared data for serialisation in 0.00s
  Pass DepthOnly (fp, metal) finished in 0.00 seconds. Local cache hits 3 (0.00s CPU time), remote cache hits 0 (0.00s CPU time), compiled 0 variants (0.00s CPU time), skipped 0 variants.
    Prepared data for serialisation in 0.00s
  Pass ShadowCaster (vp, metal) finished in 0.00 seconds. Local cache hits 6 (0.00s CPU time), remote cache hits 0 (0.00s CPU time), compiled 0 variants (0.00s CPU time), skipped 0 variants.
    Prepared data for serialisation in 0.00s
  Pass ShadowCaster (fp, metal) finished in 0.00 seconds. Local cache hits 3 (0.00s CPU time), remote cache hits 0 (0.00s CPU time), compiled 0 variants (0.00s CPU time), skipped 0 variants.
    Prepared data for serialisation in 0.00s
  Pass DepthNormalsOnly (vp, metal) finished in 0.00 seconds. Local cache hits 3 (0.00s CPU time), remote cache hits 0 (0.00s CPU time), compiled 0 variants (0.00s CPU time), skipped 0 variants.
    Prepared data for serialisation in 0.00s
  Pass DepthNormalsOnly (fp, metal) finished in 0.00 seconds. Local cache hits 3 (0.00s CPU time), remote cache hits 0 (0.00s CPU time), compiled 0 variants (0.00s CPU time), skipped 0 variants.
    Prepared data for serialisation in 0.00s
Serialized binary data for shader Universal Render Pipeline/Particles/Unlit in 0.00s
    metal (total internal programs: 48, unique: 48)
Compiling shader "Universal Render Pipeline/Unlit"
  Pass "Unlit" (vp)
    Target graphics API: metal
    Full variant space:         64
    After settings filtering:   32
    After built-in stripping:   12
    After scriptable stripping: 12
    Processed in 0.00 seconds
  Pass "Unlit" (fp)
    Target graphics API: metal
    Full variant space:         2.048
    After settings filtering:   64
    After built-in stripping:   24
    After scriptable stripping: 24
    Processed in 0.00 seconds
  Pass "GBuffer" (vp)
    Target graphics API: metal
    Full variant space:         8
    After settings filtering:   8
    After built-in stripping:   4
    After scriptable stripping: 0
    Processed in 0.00 seconds
  Pass "GBuffer" (fp)
    Target graphics API: metal
    Full variant space:         1.024
    After settings filtering:   16
    After built-in stripping:   4
    After scriptable stripping: 0
    Processed in 0.00 seconds
  Pass "DepthOnly" (vp)
    Target graphics API: metal
    Full variant space:         8
    After settings filtering:   8
    After built-in stripping:   4
    After scriptable stripping: 4
    Processed in 0.00 seconds
  Pass "DepthOnly" (fp)
    Target graphics API: metal
    Full variant space:         8
    After settings filtering:   8
    After built-in stripping:   4
    After scriptable stripping: 4
    Processed in 0.00 seconds
  Pass "DepthNormalsOnly" (vp)
    Target graphics API: metal
    Full variant space:         8
    After settings filtering:   8
    After built-in stripping:   4
    After scriptable stripping: 4
    Processed in 0.00 seconds
  Pass "DepthNormalsOnly" (fp)
    Target graphics API: metal
    Full variant space:         32
    After settings filtering:   8
    After built-in stripping:   4
    After scriptable stripping: 4
    Processed in 0.00 seconds
  Pass "MotionVectors" (vp)
    Target graphics API: metal
    Full variant space:         8
    After settings filtering:   8
    After built-in stripping:   4
    After scriptable stripping: 4
    Processed in 0.00 seconds
  Pass "MotionVectors" (fp)
    Target graphics API: metal
    Full variant space:         8
    After settings filtering:   8
    After built-in stripping:   4
    After scriptable stripping: 4
    Processed in 0.00 seconds
  Pass "XRMotionVectors" (vp)
    Target graphics API: metal
    Full variant space:         16
    After settings filtering:   16
    After built-in stripping:   8
    After scriptable stripping: 0
    Processed in 0.00 seconds
  Pass "XRMotionVectors" (fp)
    Target graphics API: metal
    Full variant space:         16
    After settings filtering:   16
    After built-in stripping:   8
    After scriptable stripping: 0
    Processed in 0.00 seconds
  Pass Unlit (vp, metal) finished in 0.01 seconds. Local cache hits 12 (0.02s CPU time), remote cache hits 0 (0.00s CPU time), compiled 0 variants (0.00s CPU time), skipped 0 variants.
    Prepared data for serialisation in 0.00s
  Pass Unlit (fp, metal) finished in 0.00 seconds. Local cache hits 24 (0.02s CPU time), remote cache hits 0 (0.00s CPU time), compiled 0 variants (0.00s CPU time), skipped 0 variants.
    Prepared data for serialisation in 0.00s
  Pass DepthOnly (vp, metal) finished in 0.00 seconds. Local cache hits 4 (0.00s CPU time), remote cache hits 0 (0.00s CPU time), compiled 0 variants (0.00s CPU time), skipped 0 variants.
    Prepared data for serialisation in 0.00s
  Pass DepthOnly (fp, metal) finished in 0.00 seconds. Local cache hits 4 (0.00s CPU time), remote cache hits 0 (0.00s CPU time), compiled 0 variants (0.00s CPU time), skipped 0 variants.
    Prepared data for serialisation in 0.00s
  Pass DepthNormalsOnly (vp, metal) finished in 0.00 seconds. Local cache hits 4 (0.00s CPU time), remote cache hits 0 (0.00s CPU time), compiled 0 variants (0.00s CPU time), skipped 0 variants.
    Prepared data for serialisation in 0.00s
  Pass DepthNormalsOnly (fp, metal) finished in 0.00 seconds. Local cache hits 4 (0.00s CPU time), remote cache hits 0 (0.00s CPU time), compiled 0 variants (0.00s CPU time), skipped 0 variants.
    Prepared data for serialisation in 0.00s
  Pass MotionVectors (vp, metal) finished in 0.00 seconds. Local cache hits 4 (0.00s CPU time), remote cache hits 0 (0.00s CPU time), compiled 0 variants (0.00s CPU time), skipped 0 variants.
    Prepared data for serialisation in 0.00s
  Pass MotionVectors (fp, metal) finished in 0.00 seconds. Local cache hits 4 (0.00s CPU time), remote cache hits 0 (0.00s CPU time), compiled 0 variants (0.00s CPU time), skipped 0 variants.
    Prepared data for serialisation in 0.00s
Serialized binary data for shader Universal Render Pipeline/Unlit in 0.00s
    metal (total internal programs: 60, unique: 60)
Compiling shader "Universal Render Pipeline/Lit"
  Pass "ForwardLit" (vp)
    Target graphics API: metal
    Full variant space:         1.769.472
    After settings filtering:   12.288
    After built-in stripping:   144
    After scriptable stripping: 48
    Processed in 0.00 seconds
  Pass "ForwardLit" (fp)
    Target graphics API: metal
    Full variant space:         217.432.719.360
    After settings filtering:   147.456
    After built-in stripping:   1.728
    After scriptable stripping: 288
    Processed in 0.03 seconds
  Pass "ShadowCaster" (vp)
    Target graphics API: metal
    Full variant space:         16
    After settings filtering:   16
    After built-in stripping:   8
    After scriptable stripping: 8
    Processed in 0.00 seconds
  Pass "ShadowCaster" (fp)
    Target graphics API: metal
    Full variant space:         8
    After settings filtering:   8
    After built-in stripping:   4
    After scriptable stripping: 4
    Processed in 0.00 seconds
  Pass "GBuffer" (vp)
    Target graphics API: metal
    Full variant space:         73.728
    After settings filtering:   3.072
    After built-in stripping:   48
    After scriptable stripping: 0
    Processed in 0.00 seconds
  Pass "GBuffer" (fp)
    Target graphics API: metal
    Full variant space:         1.132.462.080
    After settings filtering:   9.216
    After built-in stripping:   144
    After scriptable stripping: 0
    Processed in 0.00 seconds
  Pass "DepthOnly" (vp)
    Target graphics API: metal
    Full variant space:         8
    After settings filtering:   8
    After built-in stripping:   4
    After scriptable stripping: 4
    Processed in 0.00 seconds
  Pass "DepthOnly" (fp)
    Target graphics API: metal
    Full variant space:         8
    After settings filtering:   8
    After built-in stripping:   4
    After scriptable stripping: 4
    Processed in 0.00 seconds
  Pass "DepthNormals" (vp)
    Target graphics API: metal
    Full variant space:         32
    After settings filtering:   16
    After built-in stripping:   8
    After scriptable stripping: 8
    Processed in 0.00 seconds
  Pass "DepthNormals" (fp)
    Target graphics API: metal
    Full variant space:         128
    After settings filtering:   16
    After built-in stripping:   8
    After scriptable stripping: 8
    Processed in 0.00 seconds
  Pass "Universal2D" (vp)
    Target graphics API: metal
    Full variant space:         2
    After settings filtering:   2
    After built-in stripping:   2
    After scriptable stripping: 0
    Processed in 0.00 seconds
  Pass "Universal2D" (fp)
    Target graphics API: metal
    Full variant space:         2
    After settings filtering:   2
    After built-in stripping:   2
    After scriptable stripping: 0
    Processed in 0.00 seconds
  Pass "MotionVectors" (vp)
    Target graphics API: metal
    Full variant space:         8
    After settings filtering:   8
    After built-in stripping:   4
    After scriptable stripping: 4
    Processed in 0.00 seconds
  Pass "MotionVectors" (fp)
    Target graphics API: metal
    Full variant space:         8
    After settings filtering:   8
    After built-in stripping:   4
    After scriptable stripping: 4
    Processed in 0.00 seconds
  Pass "XRMotionVectors" (vp)
    Target graphics API: metal
    Full variant space:         16
    After settings filtering:   16
    After built-in stripping:   8
    After scriptable stripping: 0
    Processed in 0.00 seconds
  Pass "XRMotionVectors" (fp)
    Target graphics API: metal
    Full variant space:         16
    After settings filtering:   16
    After built-in stripping:   8
    After scriptable stripping: 0
    Processed in 0.00 seconds
  Pass ForwardLit (vp, metal) finished in 0.04 seconds. Local cache hits 48 (0.03s CPU time), remote cache hits 0 (0.00s CPU time), compiled 0 variants (0.00s CPU time), skipped 0 variants.
    Prepared data for serialisation in 0.00s
2026-09-18 21:14:43.189 Unity[86948:436400] [Warning] TouchGestureResponder was not found in the responder chain during removal.
2026-09-18 21:14:43.190 Unity[86948:436400] [Warning] TouchGestureResponder was not found in the responder chain during removal.
    [88827s] 58 / 288 variants ready
    [88891s] 143 / 288 variants ready
    [88968s] 241 / 288 variants ready
  Pass ForwardLit (fp, metal) finished in 229.36 seconds. Local cache hits 100 (0.17s CPU time), remote cache hits 0 (0.00s CPU time), compiled 188 variants (2715.91s CPU time), skipped 0 variants.
    Prepared data for serialisation in 0.31s
  Pass ShadowCaster (vp, metal) finished in 5.87 seconds. Local cache hits 8 (0.00s CPU time), remote cache hits 0 (0.00s CPU time), compiled 0 variants (0.00s CPU time), skipped 0 variants.
    Prepared data for serialisation in 0.00s
  Pass ShadowCaster (fp, metal) finished in 6.11 seconds. Local cache hits 4 (0.00s CPU time), remote cache hits 0 (0.00s CPU time), compiled 0 variants (0.00s CPU time), skipped 0 variants.
    Prepared data for serialisation in 0.00s
  Pass DepthOnly (vp, metal) finished in 5.86 seconds. Local cache hits 4 (0.00s CPU time), remote cache hits 0 (0.00s CPU time), compiled 0 variants (0.00s CPU time), skipped 0 variants.
    Prepared data for serialisation in 0.00s
  Pass DepthOnly (fp, metal) finished in 6.10 seconds. Local cache hits 4 (0.00s CPU time), remote cache hits 0 (0.00s CPU time), compiled 0 variants (0.00s CPU time), skipped 0 variants.
    Prepared data for serialisation in 0.00s
  Pass DepthNormals (vp, metal) finished in 5.86 seconds. Local cache hits 8 (0.00s CPU time), remote cache hits 0 (0.00s CPU time), compiled 0 variants (0.00s CPU time), skipped 0 variants.
    Prepared data for serialisation in 0.00s
  Pass DepthNormals (fp, metal) finished in 6.10 seconds. Local cache hits 6 (0.00s CPU time), remote cache hits 0 (0.00s CPU time), compiled 2 variants (0.23s CPU time), skipped 0 variants.
    Prepared data for serialisation in 0.00s
  Pass MotionVectors (vp, metal) finished in 5.86 seconds. Local cache hits 4 (0.00s CPU time), remote cache hits 0 (0.00s CPU time), compiled 0 variants (0.00s CPU time), skipped 0 variants.
    Prepared data for serialisation in 0.00s
  Pass MotionVectors (fp, metal) finished in 5.87 seconds. Local cache hits 4 (0.00s CPU time), remote cache hits 0 (0.00s CPU time), compiled 0 variants (0.00s CPU time), skipped 0 variants.
    Prepared data for serialisation in 0.00s
Serialized binary data for shader Universal Render Pipeline/Lit in 0.11s
    metal (total internal programs: 380, unique: 380)
Compressed shader 'Universal Render Pipeline/Lit' on metal from 21.75MB to 2.62MB
Compressed shader 'Universal Render Pipeline/Lit' in 0.22s
Compiling shader "Legacy Shaders/VertexLit"
  Pass "" (vp)
    Target graphics API: metal
    Full variant space:         12
    After settings filtering:   12
    After built-in stripping:   9
    After scriptable stripping: 9
    Processed in 0.04 seconds
  Pass "" (fp)
    Target graphics API: metal
    Full variant space:         12
    After settings filtering:   12
    After built-in stripping:   9
    After scriptable stripping: 9
    Processed in 0.00 seconds
  Pass "" (vp)
    Target graphics API: metal
    Full variant space:         4
    After settings filtering:   4
    After built-in stripping:   3
    After scriptable stripping: 3
    Processed in 0.00 seconds
  Pass "" (fp)
    Target graphics API: metal
    Full variant space:         4
    After settings filtering:   4
    After built-in stripping:   3
    After scriptable stripping: 3
    Processed in 0.00 seconds
  Pass "ShadowCaster" (vp)
    Target graphics API: metal
    Full variant space:         4
    After settings filtering:   4
    After built-in stripping:   2
    After scriptable stripping: 2
    Processed in 0.00 seconds
  Pass "ShadowCaster" (fp)
    Target graphics API: metal
    Full variant space:         4
    After settings filtering:   4
    After built-in stripping:   2
    After scriptable stripping: 2
    Processed in 0.00 seconds
  Pass  (vp, metal) finished in 0.01 seconds. Local cache hits 9 (0.02s CPU time), remote cache hits 0 (0.00s CPU time), compiled 0 variants (0.00s CPU time), skipped 0 variants.
    Prepared data for serialisation in 0.00s
  Pass  (fp, metal) finished in 0.01 seconds. Local cache hits 9 (0.01s CPU time), remote cache hits 0 (0.00s CPU time), compiled 0 variants (0.00s CPU time), skipped 0 variants.
    Prepared data for serialisation in 0.00s
  Pass  (vp, metal) finished in 0.01 seconds. Local cache hits 3 (0.00s CPU time), remote cache hits 0 (0.00s CPU time), compiled 0 variants (0.00s CPU time), skipped 0 variants.
    Prepared data for serialisation in 0.00s
  Pass  (fp, metal) finished in 0.01 seconds. Local cache hits 3 (0.00s CPU time), remote cache hits 0 (0.00s CPU time), compiled 0 variants (0.00s CPU time), skipped 0 variants.
    Prepared data for serialisation in 0.00s
  Pass ShadowCaster (vp, metal) finished in 0.00 seconds. Local cache hits 2 (0.00s CPU time), remote cache hits 0 (0.00s CPU time), compiled 0 variants (0.00s CPU time), skipped 0 variants.
    Prepared data for serialisation in 0.00s
  Pass ShadowCaster (fp, metal) finished in 0.00 seconds. Local cache hits 2 (0.00s CPU time), remote cache hits 0 (0.00s CPU time), compiled 0 variants (0.00s CPU time), skipped 0 variants.
    Prepared data for serialisation in 0.00s
Serialized binary data for shader Legacy Shaders/VertexLit in 0.00s
    metal (total internal programs: 28, unique: 28)
Compiling shader "Legacy Shaders/Diffuse"
  Pass "FORWARD" (vp)
    Target graphics API: metal
    Full variant space:         664
    After settings filtering:   664
    After built-in stripping:   24
    After scriptable stripping: 24
    Processed in 0.01 seconds
  Pass "FORWARD" (fp)
    Target graphics API: metal
    Full variant space:         504
    After settings filtering:   504
    After built-in stripping:   12
    After scriptable stripping: 12
    Processed in 0.00 seconds
  Pass "FORWARD" (vp)
    Target graphics API: metal
    Full variant space:         20
    After settings filtering:   20
    After built-in stripping:   15
    After scriptable stripping: 15
    Processed in 0.00 seconds
  Pass "FORWARD" (fp)
    Target graphics API: metal
    Full variant space:         20
    After settings filtering:   20
    After built-in stripping:   15
    After scriptable stripping: 15
    Processed in 0.01 seconds
  Pass "DEFERRED" (vp)
    Target graphics API: metal
    Full variant space:         76
    After settings filtering:   76
    After built-in stripping:   4
    After scriptable stripping: 4
    Processed in 0.00 seconds
  Pass "DEFERRED" (fp)
    Target graphics API: metal
    Full variant space:         76
    After settings filtering:   76
    After built-in stripping:   4
    After scriptable stripping: 4
    Processed in 0.00 seconds
  Pass FORWARD (vp, metal) finished in 0.02 seconds. Local cache hits 24 (0.03s CPU time), remote cache hits 0 (0.00s CPU time), compiled 0 variants (0.00s CPU time), skipped 0 variants.
    Prepared data for serialisation in 0.00s
  Pass FORWARD (fp, metal) finished in 0.01 seconds. Local cache hits 12 (0.01s CPU time), remote cache hits 0 (0.00s CPU time), compiled 0 variants (0.00s CPU time), skipped 0 variants.
    Prepared data for serialisation in 0.00s
  Pass FORWARD (vp, metal) finished in 0.01 seconds. Local cache hits 15 (0.01s CPU time), remote cache hits 0 (0.00s CPU time), compiled 0 variants (0.00s CPU time), skipped 0 variants.
    Prepared data for serialisation in 0.00s
  Pass FORWARD (fp, metal) finished in 0.01 seconds. Local cache hits 15 (0.01s CPU time), remote cache hits 0 (0.00s CPU time), compiled 0 variants (0.00s CPU time), skipped 0 variants.
    Prepared data for serialisation in 0.00s
  Pass DEFERRED (vp, metal) finished in 0.00 seconds. Local cache hits 4 (0.00s CPU time), remote cache hits 0 (0.00s CPU time), compiled 0 variants (0.00s CPU time), skipped 0 variants.
    Prepared data for serialisation in 0.00s
  Pass DEFERRED (fp, metal) finished in 0.00 seconds. Local cache hits 4 (0.00s CPU time), remote cache hits 0 (0.00s CPU time), compiled 0 variants (0.00s CPU time), skipped 0 variants.
    Prepared data for serialisation in 0.00s
Serialized binary data for shader Legacy Shaders/Diffuse in 0.00s
    metal (total internal programs: 74, unique: 73)
Compiling shader "Hidden/Internal-StencilWrite"
  Pass "" (vp)
    Target graphics API: metal
    Full variant space:         1
    After settings filtering:   1
    After built-in stripping:   1
    After scriptable stripping: 1
    Processed in 0.00 seconds
  Pass "" (fp)
    Target graphics API: metal
    Full variant space:         1
    After settings filtering:   1
    After built-in stripping:   1
    After scriptable stripping: 1
    Processed in 0.00 seconds
  Pass  (vp, metal) finished in 0.00 seconds. Local cache hits 1 (0.00s CPU time), remote cache hits 0 (0.00s CPU time), compiled 0 variants (0.00s CPU time), skipped 0 variants.
    Prepared data for serialisation in 0.00s
  Pass  (fp, metal) finished in 0.00 seconds. Local cache hits 1 (0.00s CPU time), remote cache hits 0 (0.00s CPU time), compiled 0 variants (0.00s CPU time), skipped 0 variants.
    Prepared data for serialisation in 0.00s
Serialized binary data for shader Hidden/Internal-StencilWrite in 0.00s
    metal (total internal programs: 2, unique: 2)
Compiling shader "Hidden/Internal-DepthNormalsTexture"
  Pass "" (vp)
    Target graphics API: metal
    Full variant space:         1
    After settings filtering:   1
    After built-in stripping:   1
    After scriptable stripping: 1
    Processed in 0.00 seconds
  Pass "" (fp)
    Target graphics API: metal
    Full variant space:         1
    After settings filtering:   1
    After built-in stripping:   1
    After scriptable stripping: 1
    Processed in 0.00 seconds
  Pass "" (vp)
    Target graphics API: metal
    Full variant space:         1
    After settings filtering:   1
    After built-in stripping:   1
    After scriptable stripping: 1
    Processed in 0.00 seconds
  Pass "" (fp)
    Target graphics API: metal
    Full variant space:         1
    After settings filtering:   1
    After built-in stripping:   1
    After scriptable stripping: 1
    Processed in 0.00 seconds
  Pass "" (vp)
    Target graphics API: metal
    Full variant space:         1
    After settings filtering:   1
    After built-in stripping:   1
    After scriptable stripping: 1
    Processed in 0.00 seconds
  Pass "" (fp)
    Target graphics API: metal
    Full variant space:         1
    After settings filtering:   1
    After built-in stripping:   1
    After scriptable stripping: 1
    Processed in 0.00 seconds
  Pass "" (vp)
    Target graphics API: metal
    Full variant space:         1
    After settings filtering:   1
    After built-in stripping:   1
    After scriptable stripping: 1
    Processed in 0.00 seconds
  Pass "" (fp)
    Target graphics API: metal
    Full variant space:         1
    After settings filtering:   1
    After built-in stripping:   1
    After scriptable stripping: 1
    Processed in 0.00 seconds
  Pass "" (vp)
    Target graphics API: metal
    Full variant space:         1
    After settings filtering:   1
    After built-in stripping:   1
    After scriptable stripping: 1
    Processed in 0.00 seconds
  Pass "" (fp)
    Target graphics API: metal
    Full variant space:         1
    After settings filtering:   1
    After built-in stripping:   1
    After scriptable stripping: 1
    Processed in 0.00 seconds
  Pass "" (vp)
    Target graphics API: metal
    Full variant space:         1
    After settings filtering:   1
    After built-in stripping:   1
    After scriptable stripping: 1
    Processed in 0.00 seconds
  Pass "" (fp)
    Target graphics API: metal
    Full variant space:         1
    After settings filtering:   1
    After built-in stripping:   1
    After scriptable stripping: 1
    Processed in 0.00 seconds
  Pass "" (vp)
    Target graphics API: metal
    Full variant space:         1
    After settings filtering:   1
    After built-in stripping:   1
    After scriptable stripping: 1
    Processed in 0.00 seconds
  Pass "" (fp)
    Target graphics API: metal
    Full variant space:         1
    After settings filtering:   1
    After built-in stripping:   1
    After scriptable stripping: 1
    Processed in 0.00 seconds
  Pass "" (vp)
    Target graphics API: metal
    Full variant space:         1
    After settings filtering:   1
    After built-in stripping:   1
    After scriptable stripping: 1
    Processed in 0.00 seconds
  Pass "" (fp)
    Target graphics API: metal
    Full variant space:         1
    After settings filtering:   1
    After built-in stripping:   1
    After scriptable stripping: 1
    Processed in 0.00 seconds
  Pass "" (vp)
    Target graphics API: metal
    Full variant space:         1
    After settings filtering:   1
    After built-in stripping:   1
    After scriptable stripping: 1
    Processed in 0.00 seconds
  Pass "" (fp)
    Target graphics API: metal
    Full variant space:         1
    After settings filtering:   1
    After built-in stripping:   1
    After scriptable stripping: 1
    Processed in 0.00 seconds
  Pass "" (vp)
    Target graphics API: metal
    Full variant space:         1
    After settings filtering:   1
    After built-in stripping:   1
    After scriptable stripping: 1
    Processed in 0.00 seconds
  Pass "" (fp)
    Target graphics API: metal
    Full variant space:         1
    After settings filtering:   1
    After built-in stripping:   1
    After scriptable stripping: 1
    Processed in 0.00 seconds
  Pass  (vp, metal) finished in 0.01 seconds. Local cache hits 1 (0.00s CPU time), remote cache hits 0 (0.00s CPU time), compiled 0 variants (0.00s CPU time), skipped 0 variants.
    Prepared data for serialisation in 0.00s
  Pass  (fp, metal) finished in 0.01 seconds. Local cache hits 1 (0.00s CPU time), remote cache hits 0 (0.00s CPU time), compiled 0 variants (0.00s CPU time), skipped 0 variants.
    Prepared data for serialisation in 0.00s
  Pass  (vp, metal) finished in 0.01 seconds. Local cache hits 1 (0.00s CPU time), remote cache hits 0 (0.00s CPU time), compiled 0 variants (0.00s CPU time), skipped 0 variants.
    Prepared data for serialisation in 0.00s
  Pass  (fp, metal) finished in 0.01 seconds. Local cache hits 1 (0.00s CPU time), remote cache hits 0 (0.00s CPU time), compiled 0 variants (0.00s CPU time), skipped 0 variants.
    Prepared data for serialisation in 0.00s
  Pass  (vp, metal) finished in 0.01 seconds. Local cache hits 1 (0.00s CPU time), remote cache hits 0 (0.00s CPU time), compiled 0 variants (0.00s CPU time), skipped 0 variants.
    Prepared data for serialisation in 0.00s
  Pass  (fp, metal) finished in 0.01 seconds. Local cache hits 1 (0.00s CPU time), remote cache hits 0 (0.00s CPU time), compiled 0 variants (0.00s CPU time), skipped 0 variants.
    Prepared data for serialisation in 0.00s
  Pass  (vp, metal) finished in 0.01 seconds. Local cache hits 1 (0.00s CPU time), remote cache hits 0 (0.00s CPU time), compiled 0 variants (0.00s CPU time), skipped 0 variants.
    Prepared data for serialisation in 0.00s
  Pass  (fp, metal) finished in 0.01 seconds. Local cache hits 1 (0.00s CPU time), remote cache hits 0 (0.00s CPU time), compiled 0 variants (0.00s CPU time), skipped 0 variants.
    Prepared data for serialisation in 0.00s
  Pass  (vp, metal) finished in 0.01 seconds. Local cache hits 1 (0.00s CPU time), remote cache hits 0 (0.00s CPU time), compiled 0 variants (0.00s CPU time), skipped 0 variants.
    Prepared data for serialisation in 0.00s
  Pass  (fp, metal) finished in 0.01 seconds. Local cache hits 1 (0.00s CPU time), remote cache hits 0 (0.00s CPU time), compiled 0 variants (0.00s CPU time), skipped 0 variants.
    Prepared data for serialisation in 0.00s
  Pass  (vp, metal) finished in 0.01 seconds. Local cache hits 1 (0.00s CPU time), remote cache hits 0 (0.00s CPU time), compiled 0 variants (0.00s CPU time), skipped 0 variants.
    Prepared data for serialisation in 0.00s
  Pass  (fp, metal) finished in 0.01 seconds. Local cache hits 1 (0.00s CPU time), remote cache hits 0 (0.00s CPU time), compiled 0 variants (0.00s CPU time), skipped 0 variants.
    Prepared data for serialisation in 0.00s
  Pass  (vp, metal) finished in 0.00 seconds. Local cache hits 1 (0.00s CPU time), remote cache hits 0 (0.00s CPU time), compiled 0 variants (0.00s CPU time), skipped 0 variants.
    Prepared data for serialisation in 0.00s
  Pass  (fp, metal) finished in 0.00 seconds. Local cache hits 1 (0.00s CPU time), remote cache hits 0 (0.00s CPU time), compiled 0 variants (0.00s CPU time), skipped 0 variants.
    Prepared data for serialisation in 0.00s
  Pass  (vp, metal) finished in 0.00 seconds. Local cache hits 1 (0.00s CPU time), remote cache hits 0 (0.00s CPU time), compiled 0 variants (0.00s CPU time), skipped 0 variants.
    Prepared data for serialisation in 0.00s
  Pass  (fp, metal) finished in 0.00 seconds. Local cache hits 1 (0.00s CPU time), remote cache hits 0 (0.00s CPU time), compiled 0 variants (0.00s CPU time), skipped 0 variants.
    Prepared data for serialisation in 0.00s
  Pass  (vp, metal) finished in 0.00 seconds. Local cache hits 1 (0.00s CPU time), remote cache hits 0 (0.00s CPU time), compiled 0 variants (0.00s CPU time), skipped 0 variants.
    Prepared data for serialisation in 0.00s
  Pass  (fp, metal) finished in 0.00 seconds. Local cache hits 1 (0.00s CPU time), remote cache hits 0 (0.00s CPU time), compiled 0 variants (0.00s CPU time), skipped 0 variants.
    Prepared data for serialisation in 0.00s
  Pass  (vp, metal) finished in 0.00 seconds. Local cache hits 1 (0.00s CPU time), remote cache hits 0 (0.00s CPU time), compiled 0 variants (0.00s CPU time), skipped 0 variants.
    Prepared data for serialisation in 0.00s
  Pass  (fp, metal) finished in 0.00 seconds. Local cache hits 1 (0.00s CPU time), remote cache hits 0 (0.00s CPU time), compiled 0 variants (0.00s CPU time), skipped 0 variants.
    Prepared data for serialisation in 0.00s
Serialized binary data for shader Hidden/Internal-DepthNormalsTexture in 0.00s
    metal (total internal programs: 20, unique: 16)
Compiling shader "Hidden/Internal-ScreenSpaceShadows"
  Pass "" (vp)
    Target graphics API: metal
    Full variant space:         4
    After settings filtering:   4
    After built-in stripping:   4
    After scriptable stripping: 4
    Processed in 0.00 seconds
  Pass "" (fp)
    Target graphics API: metal
    Full variant space:         4
    After settings filtering:   4
    After built-in stripping:   4
    After scriptable stripping: 4
    Processed in 0.00 seconds
  Pass "" (vp)
    Target graphics API: metal
    Full variant space:         4
    After settings filtering:   4
    After built-in stripping:   4
    After scriptable stripping: 4
    Processed in 0.00 seconds
  Pass "" (fp)
    Target graphics API: metal
    Full variant space:         4
    After settings filtering:   4
    After built-in stripping:   4
    After scriptable stripping: 4
    Processed in 0.00 seconds
  Pass "" (vp)
    Target graphics API: metal
    Full variant space:         4
    After settings filtering:   4
    After built-in stripping:   4
    After scriptable stripping: 4
    Processed in 0.00 seconds
  Pass "" (fp)
    Target graphics API: metal
    Full variant space:         4
    After settings filtering:   4
    After built-in stripping:   4
    After scriptable stripping: 4
    Processed in 0.00 seconds
  Pass "" (vp)
    Target graphics API: metal
    Full variant space:         4
    After settings filtering:   4
    After built-in stripping:   4
    After scriptable stripping: 4
    Processed in 0.00 seconds
  Pass "" (fp)
    Target graphics API: metal
    Full variant space:         4
    After settings filtering:   4
    After built-in stripping:   4
    After scriptable stripping: 4
    Processed in 0.00 seconds
  Pass  (vp, metal) finished in 0.01 seconds. Local cache hits 4 (0.00s CPU time), remote cache hits 0 (0.00s CPU time), compiled 0 variants (0.00s CPU time), skipped 0 variants.
    Prepared data for serialisation in 0.00s
  Pass  (fp, metal) finished in 0.01 seconds. Local cache hits 4 (0.00s CPU time), remote cache hits 0 (0.00s CPU time), compiled 0 variants (0.00s CPU time), skipped 0 variants.
    Prepared data for serialisation in 0.00s
  Pass  (vp, metal) finished in 0.01 seconds. Local cache hits 4 (0.00s CPU time), remote cache hits 0 (0.00s CPU time), compiled 0 variants (0.00s CPU time), skipped 0 variants.
    Prepared data for serialisation in 0.00s
  Pass  (fp, metal) finished in 0.01 seconds. Local cache hits 4 (0.00s CPU time), remote cache hits 0 (0.00s CPU time), compiled 0 variants (0.00s CPU time), skipped 0 variants.
    Prepared data for serialisation in 0.00s
  Pass  (vp, metal) finished in 0.00 seconds. Local cache hits 4 (0.01s CPU time), remote cache hits 0 (0.00s CPU time), compiled 0 variants (0.00s CPU time), skipped 0 variants.
    Prepared data for serialisation in 0.00s
  Pass  (fp, metal) finished in 0.00 seconds. Local cache hits 4 (0.00s CPU time), remote cache hits 0 (0.00s CPU time), compiled 0 variants (0.00s CPU time), skipped 0 variants.
    Prepared data for serialisation in 0.00s
  Pass  (vp, metal) finished in 0.00 seconds. Local cache hits 4 (0.00s CPU time), remote cache hits 0 (0.00s CPU time), compiled 0 variants (0.00s CPU time), skipped 0 variants.
    Prepared data for serialisation in 0.00s
  Pass  (fp, metal) finished in 0.00 seconds. Local cache hits 4 (0.00s CPU time), remote cache hits 0 (0.00s CPU time), compiled 0 variants (0.00s CPU time), skipped 0 variants.
    Prepared data for serialisation in 0.00s
Serialized binary data for shader Hidden/Internal-ScreenSpaceShadows in 0.00s
    metal (total internal programs: 32, unique: 20)
Compiling shader "Hidden/Internal-CombineDepthNormals"
  Pass "" (vp)
    Target graphics API: metal
    Full variant space:         1
    After settings filtering:   1
    After built-in stripping:   1
    After scriptable stripping: 1
    Processed in 0.00 seconds
  Pass "" (fp)
    Target graphics API: metal
    Full variant space:         1
    After settings filtering:   1
    After built-in stripping:   1
    After scriptable stripping: 1
    Processed in 0.00 seconds
  Pass  (vp, metal) finished in 0.00 seconds. Local cache hits 1 (0.00s CPU time), remote cache hits 0 (0.00s CPU time), compiled 0 variants (0.00s CPU time), skipped 0 variants.
    Prepared data for serialisation in 0.00s
  Pass  (fp, metal) finished in 0.00 seconds. Local cache hits 1 (0.00s CPU time), remote cache hits 0 (0.00s CPU time), compiled 0 variants (0.00s CPU time), skipped 0 variants.
    Prepared data for serialisation in 0.00s
Serialized binary data for shader Hidden/Internal-CombineDepthNormals in 0.00s
    metal (total internal programs: 2, unique: 2)
Compiling shader "Hidden/BlitCopy"
  Pass "" (vp)
    Target graphics API: metal
    Full variant space:         1
    After settings filtering:   1
    After built-in stripping:   1
    After scriptable stripping: 1
    Processed in 0.00 seconds
  Pass "" (fp)
    Target graphics API: metal
    Full variant space:         1
    After settings filtering:   1
    After built-in stripping:   1
    After scriptable stripping: 1
    Processed in 0.00 seconds
  Pass  (vp, metal) finished in 0.00 seconds. Local cache hits 1 (0.00s CPU time), remote cache hits 0 (0.00s CPU time), compiled 0 variants (0.00s CPU time), skipped 0 variants.
    Prepared data for serialisation in 0.00s
  Pass  (fp, metal) finished in 0.00 seconds. Local cache hits 1 (0.00s CPU time), remote cache hits 0 (0.00s CPU time), compiled 0 variants (0.00s CPU time), skipped 0 variants.
    Prepared data for serialisation in 0.00s
Serialized binary data for shader Hidden/BlitCopy in 0.00s
    metal (total internal programs: 2, unique: 2)
Compiling shader "Hidden/BlitCopyDepth"
  Pass "" (vp)
    Target graphics API: metal
    Full variant space:         1
    After settings filtering:   1
    After built-in stripping:   1
    After scriptable stripping: 1
    Processed in 0.00 seconds
  Pass "" (fp)
    Target graphics API: metal
    Full variant space:         1
    After settings filtering:   1
    After built-in stripping:   1
    After scriptable stripping: 1
    Processed in 0.00 seconds
  Pass  (vp, metal) finished in 0.00 seconds. Local cache hits 1 (0.00s CPU time), remote cache hits 0 (0.00s CPU time), compiled 0 variants (0.00s CPU time), skipped 0 variants.
    Prepared data for serialisation in 0.00s
  Pass  (fp, metal) finished in 0.00 seconds. Local cache hits 1 (0.00s CPU time), remote cache hits 0 (0.00s CPU time), compiled 0 variants (0.00s CPU time), skipped 0 variants.
    Prepared data for serialisation in 0.00s
Serialized binary data for shader Hidden/BlitCopyDepth in 0.00s
    metal (total internal programs: 2, unique: 2)
Compiling shader "Hidden/ConvertTexture"
  Pass "" (vp)
    Target graphics API: metal
    Full variant space:         1
    After settings filtering:   1
    After built-in stripping:   1
    After scriptable stripping: 1
    Processed in 0.00 seconds
  Pass "" (fp)
    Target graphics API: metal
    Full variant space:         1
    After settings filtering:   1
    After built-in stripping:   1
    After scriptable stripping: 1
    Processed in 0.00 seconds
  Pass  (vp, metal) finished in 0.00 seconds. Local cache hits 1 (0.00s CPU time), remote cache hits 0 (0.00s CPU time), compiled 0 variants (0.00s CPU time), skipped 0 variants.
    Prepared data for serialisation in 0.00s
  Pass  (fp, metal) finished in 0.00 seconds. Local cache hits 1 (0.00s CPU time), remote cache hits 0 (0.00s CPU time), compiled 0 variants (0.00s CPU time), skipped 0 variants.
    Prepared data for serialisation in 0.00s
Serialized binary data for shader Hidden/ConvertTexture in 0.00s
    metal (total internal programs: 2, unique: 2)
Compiling shader "Hidden/Internal-DeferredShading"
  Pass "" (vp)
    Target graphics API: metal
    Full variant space:         94
    After settings filtering:   94
    After built-in stripping:   26
    After scriptable stripping: 26
    Processed in 0.00 seconds
  Pass "" (fp)
    Target graphics API: metal
    Full variant space:         94
    After settings filtering:   94
    After built-in stripping:   26
    After scriptable stripping: 26
    Processed in 0.01 seconds
  Pass "" (vp)
    Target graphics API: metal
    Full variant space:         1
    After settings filtering:   1
    After built-in stripping:   1
    After scriptable stripping: 1
    Processed in 0.00 seconds
  Pass "" (fp)
    Target graphics API: metal
    Full variant space:         1
    After settings filtering:   1
    After built-in stripping:   1
    After scriptable stripping: 1
    Processed in 0.00 seconds
  Pass  (vp, metal) finished in 0.01 seconds. Local cache hits 26 (0.02s CPU time), remote cache hits 0 (0.00s CPU time), compiled 0 variants (0.00s CPU time), skipped 0 variants.
    Prepared data for serialisation in 0.00s
  Pass  (fp, metal) finished in 0.00 seconds. Local cache hits 26 (0.03s CPU time), remote cache hits 0 (0.00s CPU time), compiled 0 variants (0.00s CPU time), skipped 0 variants.
    Prepared data for serialisation in 0.00s
  Pass  (vp, metal) finished in 0.00 seconds. Local cache hits 1 (0.00s CPU time), remote cache hits 0 (0.00s CPU time), compiled 0 variants (0.00s CPU time), skipped 0 variants.
    Prepared data for serialisation in 0.00s
  Pass  (fp, metal) finished in 0.00 seconds. Local cache hits 1 (0.00s CPU time), remote cache hits 0 (0.00s CPU time), compiled 0 variants (0.00s CPU time), skipped 0 variants.
    Prepared data for serialisation in 0.00s
Serialized binary data for shader Hidden/Internal-DeferredShading in 0.00s
    metal (total internal programs: 54, unique: 54)
Compiling shader "Hidden/Internal-DeferredReflections"
  Pass "" (vp)
    Target graphics API: metal
    Full variant space:         1
    After settings filtering:   1
    After built-in stripping:   1
    After scriptable stripping: 1
    Processed in 0.00 seconds
  Pass "" (fp)
    Target graphics API: metal
    Full variant space:         1
    After settings filtering:   1
    After built-in stripping:   1
    After scriptable stripping: 1
    Processed in 0.00 seconds
  Pass "" (vp)
    Target graphics API: metal
    Full variant space:         2
    After settings filtering:   2
    After built-in stripping:   2
    After scriptable stripping: 2
    Processed in 0.00 seconds
  Pass "" (fp)
    Target graphics API: metal
    Full variant space:         2
    After settings filtering:   2
    After built-in stripping:   2
    After scriptable stripping: 2
    Processed in 0.00 seconds
  Pass  (vp, metal) finished in 0.00 seconds. Local cache hits 1 (0.00s CPU time), remote cache hits 0 (0.00s CPU time), compiled 0 variants (0.00s CPU time), skipped 0 variants.
    Prepared data for serialisation in 0.00s
  Pass  (fp, metal) finished in 0.00 seconds. Local cache hits 1 (0.00s CPU time), remote cache hits 0 (0.00s CPU time), compiled 0 variants (0.00s CPU time), skipped 0 variants.
    Prepared data for serialisation in 0.00s
  Pass  (vp, metal) finished in 0.00 seconds. Local cache hits 2 (0.00s CPU time), remote cache hits 0 (0.00s CPU time), compiled 0 variants (0.00s CPU time), skipped 0 variants.
    Prepared data for serialisation in 0.00s
  Pass  (fp, metal) finished in 0.00 seconds. Local cache hits 2 (0.00s CPU time), remote cache hits 0 (0.00s CPU time), compiled 0 variants (0.00s CPU time), skipped 0 variants.
    Prepared data for serialisation in 0.00s
Serialized binary data for shader Hidden/Internal-DeferredReflections in 0.00s
    metal (total internal programs: 6, unique: 6)
Compiling shader "Hidden/Internal-MotionVectors"
  Pass "" (vp)
    Target graphics API: metal
    Full variant space:         1
    After settings filtering:   1
    After built-in stripping:   1
    After scriptable stripping: 1
    Processed in 0.00 seconds
  Pass "" (fp)
    Target graphics API: metal
    Full variant space:         1
    After settings filtering:   1
    After built-in stripping:   1
    After scriptable stripping: 1
    Processed in 0.00 seconds
  Pass "" (vp)
    Target graphics API: metal
    Full variant space:         1
    After settings filtering:   1
    After built-in stripping:   1
    After scriptable stripping: 1
    Processed in 0.00 seconds
  Pass "" (fp)
    Target graphics API: metal
    Full variant space:         1
    After settings filtering:   1
    After built-in stripping:   1
    After scriptable stripping: 1
    Processed in 0.00 seconds
  Pass "" (vp)
    Target graphics API: metal
    Full variant space:         1
    After settings filtering:   1
    After built-in stripping:   1
    After scriptable stripping: 1
    Processed in 0.00 seconds
  Pass "" (fp)
    Target graphics API: metal
    Full variant space:         1
    After settings filtering:   1
    After built-in stripping:   1
    After scriptable stripping: 1
    Processed in 0.00 seconds
  Pass  (vp, metal) finished in 0.00 seconds. Local cache hits 1 (0.00s CPU time), remote cache hits 0 (0.00s CPU time), compiled 0 variants (0.00s CPU time), skipped 0 variants.
    Prepared data for serialisation in 0.00s
  Pass  (fp, metal) finished in 0.00 seconds. Local cache hits 1 (0.00s CPU time), remote cache hits 0 (0.00s CPU time), compiled 0 variants (0.00s CPU time), skipped 0 variants.
    Prepared data for serialisation in 0.00s
  Pass  (vp, metal) finished in 0.00 seconds. Local cache hits 1 (0.00s CPU time), remote cache hits 0 (0.00s CPU time), compiled 0 variants (0.00s CPU time), skipped 0 variants.
    Prepared data for serialisation in 0.00s
  Pass  (fp, metal) finished in 0.00 seconds. Local cache hits 1 (0.00s CPU time), remote cache hits 0 (0.00s CPU time), compiled 0 variants (0.00s CPU time), skipped 0 variants.
    Prepared data for serialisation in 0.00s
  Pass  (vp, metal) finished in 0.00 seconds. Local cache hits 1 (0.00s CPU time), remote cache hits 0 (0.00s CPU time), compiled 0 variants (0.00s CPU time), skipped 0 variants.
    Prepared data for serialisation in 0.00s
  Pass  (fp, metal) finished in 0.00 seconds. Local cache hits 1 (0.00s CPU time), remote cache hits 0 (0.00s CPU time), compiled 0 variants (0.00s CPU time), skipped 0 variants.
    Prepared data for serialisation in 0.00s
Serialized binary data for shader Hidden/Internal-MotionVectors in 0.00s
    metal (total internal programs: 6, unique: 5)
Compiling shader "Hidden/Internal-Flare"
  Pass "" (vp)
    Target graphics API: metal
    Full variant space:         1
    After settings filtering:   1
    After built-in stripping:   1
    After scriptable stripping: 1
    Processed in 0.00 seconds
  Pass "" (fp)
    Target graphics API: metal
    Full variant space:         1
    After settings filtering:   1
    After built-in stripping:   1
    After scriptable stripping: 1
    Processed in 0.00 seconds
  Pass  (vp, metal) finished in 0.00 seconds. Local cache hits 1 (0.00s CPU time), remote cache hits 0 (0.00s CPU time), compiled 0 variants (0.00s CPU time), skipped 0 variants.
    Prepared data for serialisation in 0.00s
  Pass  (fp, metal) finished in 0.00 seconds. Local cache hits 1 (0.00s CPU time), remote cache hits 0 (0.00s CPU time), compiled 0 variants (0.00s CPU time), skipped 0 variants.
    Prepared data for serialisation in 0.00s
Serialized binary data for shader Hidden/Internal-Flare in 0.00s
    metal (total internal programs: 2, unique: 2)
Compiling shader "Hidden/Internal-Halo"
  Pass "" (vp)
    Target graphics API: metal
    Full variant space:         4
    After settings filtering:   4
    After built-in stripping:   3
    After scriptable stripping: 3
    Processed in 0.00 seconds
  Pass "" (fp)
    Target graphics API: metal
    Full variant space:         4
    After settings filtering:   4
    After built-in stripping:   3
    After scriptable stripping: 3
    Processed in 0.00 seconds
  Pass  (vp, metal) finished in 0.00 seconds. Local cache hits 3 (0.00s CPU time), remote cache hits 0 (0.00s CPU time), compiled 0 variants (0.00s CPU time), skipped 0 variants.
    Prepared data for serialisation in 0.00s
  Pass  (fp, metal) finished in 0.00 seconds. Local cache hits 3 (0.00s CPU time), remote cache hits 0 (0.00s CPU time), compiled 0 variants (0.00s CPU time), skipped 0 variants.
    Prepared data for serialisation in 0.00s
Serialized binary data for shader Hidden/Internal-Halo in 0.00s
    metal (total internal programs: 6, unique: 6)
Compiling shader "Hidden/BlitCopyWithDepth"
  Pass "" (vp)
    Target graphics API: metal
    Full variant space:         1
    After settings filtering:   1
    After built-in stripping:   1
    After scriptable stripping: 1
    Processed in 0.00 seconds
  Pass "" (fp)
    Target graphics API: metal
    Full variant space:         1
    After settings filtering:   1
    After built-in stripping:   1
    After scriptable stripping: 1
    Processed in 0.00 seconds
  Pass  (vp, metal) finished in 0.00 seconds. Local cache hits 1 (0.00s CPU time), remote cache hits 0 (0.00s CPU time), compiled 0 variants (0.00s CPU time), skipped 0 variants.
    Prepared data for serialisation in 0.00s
  Pass  (fp, metal) finished in 0.00 seconds. Local cache hits 1 (0.00s CPU time), remote cache hits 0 (0.00s CPU time), compiled 0 variants (0.00s CPU time), skipped 0 variants.
    Prepared data for serialisation in 0.00s
Serialized binary data for shader Hidden/BlitCopyWithDepth in 0.00s
    metal (total internal programs: 2, unique: 2)
Compiling shader "Hidden/BlitToDepth"
  Pass "" (vp)
    Target graphics API: metal
    Full variant space:         1
    After settings filtering:   1
    After built-in stripping:   1
    After scriptable stripping: 1
    Processed in 0.00 seconds
  Pass "" (fp)
    Target graphics API: metal
    Full variant space:         1
    After settings filtering:   1
    After built-in stripping:   1
    After scriptable stripping: 1
    Processed in 0.00 seconds
  Pass  (vp, metal) finished in 0.00 seconds. Local cache hits 1 (0.00s CPU time), remote cache hits 0 (0.00s CPU time), compiled 0 variants (0.00s CPU time), skipped 0 variants.
    Prepared data for serialisation in 0.00s
  Pass  (fp, metal) finished in 0.00 seconds. Local cache hits 1 (0.00s CPU time), remote cache hits 0 (0.00s CPU time), compiled 0 variants (0.00s CPU time), skipped 0 variants.
    Prepared data for serialisation in 0.00s
Serialized binary data for shader Hidden/BlitToDepth in 0.00s
    metal (total internal programs: 2, unique: 2)
Compiling shader "Hidden/BlitToDepth_MSAA"
  Pass "" (vp)
    Target graphics API: metal
    Full variant space:         1
    After settings filtering:   1
    After built-in stripping:   1
    After scriptable stripping: 1
    Processed in 0.00 seconds
  Pass "" (fp)
    Target graphics API: metal
    Full variant space:         1
    After settings filtering:   1
    After built-in stripping:   1
    After scriptable stripping: 1
    Processed in 0.00 seconds
  Pass  (vp, metal) finished in 0.00 seconds. Local cache hits 1 (0.00s CPU time), remote cache hits 0 (0.00s CPU time), compiled 0 variants (0.00s CPU time), skipped 0 variants.
    Prepared data for serialisation in 0.00s
  Pass  (fp, metal) finished in 0.00 seconds. Local cache hits 1 (0.00s CPU time), remote cache hits 0 (0.00s CPU time), compiled 0 variants (0.00s CPU time), skipped 0 variants.
    Prepared data for serialisation in 0.00s
Serialized binary data for shader Hidden/BlitToDepth_MSAA in 0.00s
    metal (total internal programs: 2, unique: 2)
Compiling shader "Hidden/BlitCopyHDRTonemap"
  Pass "" (vp)
    Target graphics API: metal
    Full variant space:         1
    After settings filtering:   1
    After built-in stripping:   1
    After scriptable stripping: 1
    Processed in 0.00 seconds
  Pass "" (fp)
    Target graphics API: metal
    Full variant space:         1
    After settings filtering:   1
    After built-in stripping:   1
    After scriptable stripping: 1
    Processed in 0.00 seconds
  Pass  (vp, metal) finished in 0.00 seconds. Local cache hits 1 (0.00s CPU time), remote cache hits 0 (0.00s CPU time), compiled 0 variants (0.00s CPU time), skipped 0 variants.
    Prepared data for serialisation in 0.00s
  Pass  (fp, metal) finished in 0.00 seconds. Local cache hits 1 (0.00s CPU time), remote cache hits 0 (0.00s CPU time), compiled 0 variants (0.00s CPU time), skipped 0 variants.
    Prepared data for serialisation in 0.00s
Serialized binary data for shader Hidden/BlitCopyHDRTonemap in 0.00s
    metal (total internal programs: 2, unique: 2)
Compiling shader "Hidden/Internal-DebugPattern"
  Pass "Target Color and DepthStencil" (vp)
    Target graphics API: metal
    Full variant space:         1
    After settings filtering:   1
    After built-in stripping:   1
    After scriptable stripping: 1
    Processed in 0.00 seconds
  Pass "Target Color and DepthStencil" (fp)
    Target graphics API: metal
    Full variant space:         1
    After settings filtering:   1
    After built-in stripping:   1
    After scriptable stripping: 1
    Processed in 0.00 seconds
  Pass "Target only Color" (vp)
    Target graphics API: metal
    Full variant space:         1
    After settings filtering:   1
    After built-in stripping:   1
    After scriptable stripping: 1
    Processed in 0.00 seconds
  Pass "Target only Color" (fp)
    Target graphics API: metal
    Full variant space:         1
    After settings filtering:   1
    After built-in stripping:   1
    After scriptable stripping: 1
    Processed in 0.00 seconds
  Pass "Target only DepthStencil" (vp)
    Target graphics API: metal
    Full variant space:         1
    After settings filtering:   1
    After built-in stripping:   1
    After scriptable stripping: 1
    Processed in 0.00 seconds
  Pass "Target only DepthStencil" (fp)
    Target graphics API: metal
    Full variant space:         1
    After settings filtering:   1
    After built-in stripping:   1
    After scriptable stripping: 1
    Processed in 0.00 seconds
  Pass Target Color and DepthStencil (vp, metal) finished in 0.00 seconds. Local cache hits 1 (0.00s CPU time), remote cache hits 0 (0.00s CPU time), compiled 0 variants (0.00s CPU time), skipped 0 variants.
    Prepared data for serialisation in 0.00s
  Pass Target Color and DepthStencil (fp, metal) finished in 0.00 seconds. Local cache hits 1 (0.00s CPU time), remote cache hits 0 (0.00s CPU time), compiled 0 variants (0.00s CPU time), skipped 0 variants.
    Prepared data for serialisation in 0.00s
  Pass Target only Color (vp, metal) finished in 0.00 seconds. Local cache hits 1 (0.00s CPU time), remote cache hits 0 (0.00s CPU time), compiled 0 variants (0.00s CPU time), skipped 0 variants.
    Prepared data for serialisation in 0.00s
  Pass Target only Color (fp, metal) finished in 0.00 seconds. Local cache hits 1 (0.00s CPU time), remote cache hits 0 (0.00s CPU time), compiled 0 variants (0.00s CPU time), skipped 0 variants.
    Prepared data for serialisation in 0.00s
  Pass Target only DepthStencil (vp, metal) finished in 0.00 seconds. Local cache hits 1 (0.00s CPU time), remote cache hits 0 (0.00s CPU time), compiled 0 variants (0.00s CPU time), skipped 0 variants.
    Prepared data for serialisation in 0.00s
  Pass Target only DepthStencil (fp, metal) finished in 0.00 seconds. Local cache hits 1 (0.00s CPU time), remote cache hits 0 (0.00s CPU time), compiled 0 variants (0.00s CPU time), skipped 0 variants.
    Prepared data for serialisation in 0.00s
Serialized binary data for shader Hidden/Internal-DebugPattern in 0.00s
    metal (total internal programs: 6, unique: 4)
Compiling shader "Hidden/Internal-GUITextureClip"
  Pass "" (vp)
    Target graphics API: metal
    Full variant space:         1
    After settings filtering:   1
    After built-in stripping:   1
    After scriptable stripping: 1
    Processed in 0.00 seconds
  Pass "" (fp)
    Target graphics API: metal
    Full variant space:         1
    After settings filtering:   1
    After built-in stripping:   1
    After scriptable stripping: 1
    Processed in 0.00 seconds
  Pass "" (vp)
    Target graphics API: metal
    Full variant space:         1
    After settings filtering:   1
    After built-in stripping:   1
    After scriptable stripping: 1
    Processed in 0.00 seconds
  Pass "" (fp)
    Target graphics API: metal
    Full variant space:         1
    After settings filtering:   1
    After built-in stripping:   1
    After scriptable stripping: 1
    Processed in 0.00 seconds
  Pass  (vp, metal) finished in 0.00 seconds. Local cache hits 1 (0.00s CPU time), remote cache hits 0 (0.00s CPU time), compiled 0 variants (0.00s CPU time), skipped 0 variants.
    Prepared data for serialisation in 0.00s
  Pass  (fp, metal) finished in 0.00 seconds. Local cache hits 1 (0.00s CPU time), remote cache hits 0 (0.00s CPU time), compiled 0 variants (0.00s CPU time), skipped 0 variants.
    Prepared data for serialisation in 0.00s
  Pass  (vp, metal) finished in 0.00 seconds. Local cache hits 1 (0.00s CPU time), remote cache hits 0 (0.00s CPU time), compiled 0 variants (0.00s CPU time), skipped 0 variants.
    Prepared data for serialisation in 0.00s
  Pass  (fp, metal) finished in 0.00 seconds. Local cache hits 1 (0.00s CPU time), remote cache hits 0 (0.00s CPU time), compiled 0 variants (0.00s CPU time), skipped 0 variants.
    Prepared data for serialisation in 0.00s
Serialized binary data for shader Hidden/Internal-GUITextureClip in 0.00s
    metal (total internal programs: 4, unique: 2)
Compiling shader "Hidden/Internal-GUITextureClipText"
  Pass "" (vp)
    Target graphics API: metal
    Full variant space:         1
    After settings filtering:   1
    After built-in stripping:   1
    After scriptable stripping: 1
    Processed in 0.00 seconds
  Pass "" (fp)
    Target graphics API: metal
    Full variant space:         1
    After settings filtering:   1
    After built-in stripping:   1
    After scriptable stripping: 1
    Processed in 0.00 seconds
  Pass "" (vp)
    Target graphics API: metal
    Full variant space:         1
    After settings filtering:   1
    After built-in stripping:   1
    After scriptable stripping: 1
    Processed in 0.09 seconds
  Pass "" (fp)
    Target graphics API: metal
    Full variant space:         1
    After settings filtering:   1
    After built-in stripping:   1
    After scriptable stripping: 1
    Processed in 0.00 seconds
  Pass  (vp, metal) finished in 0.09 seconds. Local cache hits 1 (0.00s CPU time), remote cache hits 0 (0.00s CPU time), compiled 0 variants (0.00s CPU time), skipped 0 variants.
    Prepared data for serialisation in 0.00s
  Pass  (fp, metal) finished in 0.09 seconds. Local cache hits 1 (0.00s CPU time), remote cache hits 0 (0.00s CPU time), compiled 0 variants (0.00s CPU time), skipped 0 variants.
    Prepared data for serialisation in 0.00s
  Pass  (vp, metal) finished in 0.00 seconds. Local cache hits 1 (0.00s CPU time), remote cache hits 0 (0.00s CPU time), compiled 0 variants (0.00s CPU time), skipped 0 variants.
    Prepared data for serialisation in 0.00s
  Pass  (fp, metal) finished in 0.00 seconds. Local cache hits 1 (0.00s CPU time), remote cache hits 0 (0.00s CPU time), compiled 0 variants (0.00s CPU time), skipped 0 variants.
    Prepared data for serialisation in 0.00s
Serialized binary data for shader Hidden/Internal-GUITextureClipText in 0.00s
    metal (total internal programs: 4, unique: 2)
Compiling shader "Hidden/Internal-GUITexture"
  Pass "" (vp)
    Target graphics API: metal
    Full variant space:         1
    After settings filtering:   1
    After built-in stripping:   1
    After scriptable stripping: 1
    Processed in 0.00 seconds
  Pass "" (fp)
    Target graphics API: metal
    Full variant space:         1
    After settings filtering:   1
    After built-in stripping:   1
    After scriptable stripping: 1
    Processed in 0.00 seconds
  Pass "" (vp)
    Target graphics API: metal
    Full variant space:         1
    After settings filtering:   1
    After built-in stripping:   1
    After scriptable stripping: 1
    Processed in 0.00 seconds
  Pass "" (fp)
    Target graphics API: metal
    Full variant space:         1
    After settings filtering:   1
    After built-in stripping:   1
    After scriptable stripping: 1
    Processed in 0.00 seconds
  Pass  (vp, metal) finished in 0.00 seconds. Local cache hits 1 (0.00s CPU time), remote cache hits 0 (0.00s CPU time), compiled 0 variants (0.00s CPU time), skipped 0 variants.
    Prepared data for serialisation in 0.00s
  Pass  (fp, metal) finished in 0.00 seconds. Local cache hits 1 (0.00s CPU time), remote cache hits 0 (0.00s CPU time), compiled 0 variants (0.00s CPU time), skipped 0 variants.
    Prepared data for serialisation in 0.00s
  Pass  (vp, metal) finished in 0.00 seconds. Local cache hits 1 (0.00s CPU time), remote cache hits 0 (0.00s CPU time), compiled 0 variants (0.00s CPU time), skipped 0 variants.
    Prepared data for serialisation in 0.00s
  Pass  (fp, metal) finished in 0.00 seconds. Local cache hits 1 (0.00s CPU time), remote cache hits 0 (0.00s CPU time), compiled 0 variants (0.00s CPU time), skipped 0 variants.
    Prepared data for serialisation in 0.00s
Serialized binary data for shader Hidden/Internal-GUITexture in 0.00s
    metal (total internal programs: 4, unique: 2)
Compiling shader "Hidden/Internal-GUITextureBlit"
  Pass "" (vp)
    Target graphics API: metal
    Full variant space:         1
    After settings filtering:   1
    After built-in stripping:   1
    After scriptable stripping: 1
    Processed in 0.00 seconds
  Pass "" (fp)
    Target graphics API: metal
    Full variant space:         1
    After settings filtering:   1
    After built-in stripping:   1
    After scriptable stripping: 1
    Processed in 0.00 seconds
  Pass "" (vp)
    Target graphics API: metal
    Full variant space:         1
    After settings filtering:   1
    After built-in stripping:   1
    After scriptable stripping: 1
    Processed in 0.00 seconds
  Pass "" (fp)
    Target graphics API: metal
    Full variant space:         1
    After settings filtering:   1
    After built-in stripping:   1
    After scriptable stripping: 1
    Processed in 0.00 seconds
  Pass  (vp, metal) finished in 0.00 seconds. Local cache hits 1 (0.00s CPU time), remote cache hits 0 (0.00s CPU time), compiled 0 variants (0.00s CPU time), skipped 0 variants.
    Prepared data for serialisation in 0.00s
  Pass  (fp, metal) finished in 0.00 seconds. Local cache hits 1 (0.00s CPU time), remote cache hits 0 (0.00s CPU time), compiled 0 variants (0.00s CPU time), skipped 0 variants.
    Prepared data for serialisation in 0.00s
  Pass  (vp, metal) finished in 0.00 seconds. Local cache hits 1 (0.00s CPU time), remote cache hits 0 (0.00s CPU time), compiled 0 variants (0.00s CPU time), skipped 0 variants.
    Prepared data for serialisation in 0.00s
  Pass  (fp, metal) finished in 0.00 seconds. Local cache hits 1 (0.00s CPU time), remote cache hits 0 (0.00s CPU time), compiled 0 variants (0.00s CPU time), skipped 0 variants.
    Prepared data for serialisation in 0.00s
Serialized binary data for shader Hidden/Internal-GUITextureBlit in 0.00s
    metal (total internal programs: 4, unique: 2)
Compiling shader "Hidden/Internal-GUIRoundedRect"
  Pass "" (vp)
    Target graphics API: metal
    Full variant space:         1
    After settings filtering:   1
    After built-in stripping:   1
    After scriptable stripping: 1
    Processed in 0.00 seconds
  Pass "" (fp)
    Target graphics API: metal
    Full variant space:         1
    After settings filtering:   1
    After built-in stripping:   1
    After scriptable stripping: 1
    Processed in 0.00 seconds
  Pass "" (vp)
    Target graphics API: metal
    Full variant space:         1
    After settings filtering:   1
    After built-in stripping:   1
    After scriptable stripping: 1
    Processed in 0.00 seconds
  Pass "" (fp)
    Target graphics API: metal
    Full variant space:         1
    After settings filtering:   1
    After built-in stripping:   1
    After scriptable stripping: 1
    Processed in 0.00 seconds
  Pass  (vp, metal) finished in 0.00 seconds. Local cache hits 1 (0.00s CPU time), remote cache hits 0 (0.00s CPU time), compiled 0 variants (0.00s CPU time), skipped 0 variants.
    Prepared data for serialisation in 0.00s
  Pass  (fp, metal) finished in 0.00 seconds. Local cache hits 1 (0.00s CPU time), remote cache hits 0 (0.00s CPU time), compiled 0 variants (0.00s CPU time), skipped 0 variants.
    Prepared data for serialisation in 0.00s
  Pass  (vp, metal) finished in 0.00 seconds. Local cache hits 1 (0.00s CPU time), remote cache hits 0 (0.00s CPU time), compiled 0 variants (0.00s CPU time), skipped 0 variants.
    Prepared data for serialisation in 0.00s
  Pass  (fp, metal) finished in 0.00 seconds. Local cache hits 1 (0.00s CPU time), remote cache hits 0 (0.00s CPU time), compiled 0 variants (0.00s CPU time), skipped 0 variants.
    Prepared data for serialisation in 0.00s
Serialized binary data for shader Hidden/Internal-GUIRoundedRect in 0.00s
    metal (total internal programs: 4, unique: 2)
Compiling shader "Hidden/Internal-GUIRoundedRectWithColorPerBorder"
  Pass "" (vp)
    Target graphics API: metal
    Full variant space:         1
    After settings filtering:   1
    After built-in stripping:   1
    After scriptable stripping: 1
    Processed in 0.00 seconds
  Pass "" (fp)
    Target graphics API: metal
    Full variant space:         1
    After settings filtering:   1
    After built-in stripping:   1
    After scriptable stripping: 1
    Processed in 0.00 seconds
  Pass "" (vp)
    Target graphics API: metal
    Full variant space:         1
    After settings filtering:   1
    After built-in stripping:   1
    After scriptable stripping: 1
    Processed in 0.00 seconds
  Pass "" (fp)
    Target graphics API: metal
    Full variant space:         1
    After settings filtering:   1
    After built-in stripping:   1
    After scriptable stripping: 1
    Processed in 0.00 seconds
  Pass  (vp, metal) finished in 0.00 seconds. Local cache hits 1 (0.00s CPU time), remote cache hits 0 (0.00s CPU time), compiled 0 variants (0.00s CPU time), skipped 0 variants.
    Prepared data for serialisation in 0.00s
  Pass  (fp, metal) finished in 0.00 seconds. Local cache hits 1 (0.00s CPU time), remote cache hits 0 (0.00s CPU time), compiled 0 variants (0.00s CPU time), skipped 0 variants.
    Prepared data for serialisation in 0.00s
  Pass  (vp, metal) finished in 0.00 seconds. Local cache hits 1 (0.00s CPU time), remote cache hits 0 (0.00s CPU time), compiled 0 variants (0.00s CPU time), skipped 0 variants.
    Prepared data for serialisation in 0.00s
  Pass  (fp, metal) finished in 0.00 seconds. Local cache hits 1 (0.00s CPU time), remote cache hits 0 (0.00s CPU time), compiled 0 variants (0.00s CPU time), skipped 0 variants.
    Prepared data for serialisation in 0.00s
Serialized binary data for shader Hidden/Internal-GUIRoundedRectWithColorPerBorder in 0.00s
    metal (total internal programs: 4, unique: 2)
Compiling shader "Hidden/Internal-UIRDefault"
  Pass "" (vp)
    Target graphics API: metal
    Full variant space:         40
    After settings filtering:   40
    After built-in stripping:   40
    After scriptable stripping: 40
    Processed in 0.01 seconds
  Pass "" (fp)
    Target graphics API: metal
    Full variant space:         40
    After settings filtering:   40
    After built-in stripping:   40
    After scriptable stripping: 40
    Processed in 0.01 seconds
  Pass  (vp, metal) finished in 0.01 seconds. Local cache hits 40 (0.06s CPU time), remote cache hits 0 (0.00s CPU time), compiled 0 variants (0.00s CPU time), skipped 0 variants.
    Prepared data for serialisation in 0.00s
  Pass  (fp, metal) finished in 0.00 seconds. Local cache hits 40 (0.04s CPU time), remote cache hits 0 (0.00s CPU time), compiled 0 variants (0.00s CPU time), skipped 0 variants.
    Prepared data for serialisation in 0.00s
Serialized binary data for shader Hidden/Internal-UIRDefault in 0.00s
    metal (total internal programs: 80, unique: 80)
Compiling shader "Hidden/Internal-UIRAtlasBlitCopy"
  Pass "" (vp)
    Target graphics API: metal
    Full variant space:         1
    After settings filtering:   1
    After built-in stripping:   1
    After scriptable stripping: 1
    Processed in 0.00 seconds
  Pass "" (fp)
    Target graphics API: metal
    Full variant space:         1
    After settings filtering:   1
    After built-in stripping:   1
    After scriptable stripping: 1
    Processed in 0.00 seconds
  Pass  (vp, metal) finished in 0.00 seconds. Local cache hits 1 (0.00s CPU time), remote cache hits 0 (0.00s CPU time), compiled 0 variants (0.00s CPU time), skipped 0 variants.
    Prepared data for serialisation in 0.00s
  Pass  (fp, metal) finished in 0.00 seconds. Local cache hits 1 (0.00s CPU time), remote cache hits 0 (0.00s CPU time), compiled 0 variants (0.00s CPU time), skipped 0 variants.
    Prepared data for serialisation in 0.00s
Serialized binary data for shader Hidden/Internal-UIRAtlasBlitCopy in 0.00s
    metal (total internal programs: 2, unique: 2)
Compiling shader "Sprites/Default"
  Pass "" (vp)
    Target graphics API: metal
    Full variant space:         8
    After settings filtering:   8
    After built-in stripping:   4
    After scriptable stripping: 4
    Processed in 0.00 seconds
  Pass "" (fp)
    Target graphics API: metal
    Full variant space:         8
    After settings filtering:   8
    After built-in stripping:   4
    After scriptable stripping: 4
    Processed in 0.00 seconds
  Pass  (vp, metal) finished in 0.00 seconds. Local cache hits 4 (0.00s CPU time), remote cache hits 0 (0.00s CPU time), compiled 0 variants (0.00s CPU time), skipped 0 variants.
    Prepared data for serialisation in 0.00s
  Pass  (fp, metal) finished in 0.00 seconds. Local cache hits 4 (0.00s CPU time), remote cache hits 0 (0.00s CPU time), compiled 0 variants (0.00s CPU time), skipped 0 variants.
    Prepared data for serialisation in 0.00s
Serialized binary data for shader Sprites/Default in 0.00s
    metal (total internal programs: 8, unique: 8)
Compiling shader "Sprites/Mask"
  Pass "" (vp)
    Target graphics API: metal
    Full variant space:         4
    After settings filtering:   4
    After built-in stripping:   4
    After scriptable stripping: 4
    Processed in 0.00 seconds
  Pass "" (fp)
    Target graphics API: metal
    Full variant space:         4
    After settings filtering:   4
    After built-in stripping:   4
    After scriptable stripping: 4
    Processed in 0.00 seconds
  Pass  (vp, metal) finished in 0.00 seconds. Local cache hits 4 (0.00s CPU time), remote cache hits 0 (0.00s CPU time), compiled 0 variants (0.00s CPU time), skipped 0 variants.
    Prepared data for serialisation in 0.00s
  Pass  (fp, metal) finished in 0.00 seconds. Local cache hits 4 (0.00s CPU time), remote cache hits 0 (0.00s CPU time), compiled 0 variants (0.00s CPU time), skipped 0 variants.
    Prepared data for serialisation in 0.00s
Serialized binary data for shader Sprites/Mask in 0.00s
    metal (total internal programs: 8, unique: 8)
Compiling shader "UI/Default"
  Pass "Default" (vp)
    Target graphics API: metal
    Full variant space:         4
    After settings filtering:   4
    After built-in stripping:   4
    After scriptable stripping: 4
    Processed in 0.00 seconds
  Pass "Default" (fp)
    Target graphics API: metal
    Full variant space:         4
    After settings filtering:   4
    After built-in stripping:   4
    After scriptable stripping: 4
    Processed in 0.00 seconds
  Pass "XRMotionVectors" (vp)
    Target graphics API: metal
    Full variant space:         4
    After settings filtering:   4
    After built-in stripping:   4
    After scriptable stripping: 0
    Processed in 0.00 seconds
  Pass "XRMotionVectors" (fp)
    Target graphics API: metal
    Full variant space:         4
    After settings filtering:   4
    After built-in stripping:   4
    After scriptable stripping: 0
    Processed in 0.00 seconds
  Pass Default (vp, metal) finished in 0.00 seconds. Local cache hits 4 (0.00s CPU time), remote cache hits 0 (0.00s CPU time), compiled 0 variants (0.00s CPU time), skipped 0 variants.
    Prepared data for serialisation in 0.00s
  Pass Default (fp, metal) finished in 0.00 seconds. Local cache hits 4 (0.00s CPU time), remote cache hits 0 (0.00s CPU time), compiled 0 variants (0.00s CPU time), skipped 0 variants.
    Prepared data for serialisation in 0.00s
Serialized binary data for shader UI/Default in 0.00s
    metal (total internal programs: 8, unique: 8)
Compiling shader "UI/DefaultETC1"
  Pass "Default" (vp)
    Target graphics API: metal
    Full variant space:         4
    After settings filtering:   4
    After built-in stripping:   4
    After scriptable stripping: 4
    Processed in 0.00 seconds
  Pass "Default" (fp)
    Target graphics API: metal
    Full variant space:         4
    After settings filtering:   4
    After built-in stripping:   4
    After scriptable stripping: 4
    Processed in 0.00 seconds
  Pass "XRMotionVectors" (vp)
    Target graphics API: metal
    Full variant space:         4
    After settings filtering:   4
    After built-in stripping:   4
    After scriptable stripping: 0
    Processed in 0.00 seconds
  Pass "XRMotionVectors" (fp)
    Target graphics API: metal
    Full variant space:         4
    After settings filtering:   4
    After built-in stripping:   4
    After scriptable stripping: 0
    Processed in 0.00 seconds
  Pass Default (vp, metal) finished in 0.00 seconds. Local cache hits 4 (0.00s CPU time), remote cache hits 0 (0.00s CPU time), compiled 0 variants (0.00s CPU time), skipped 0 variants.
    Prepared data for serialisation in 0.00s
  Pass Default (fp, metal) finished in 0.00 seconds. Local cache hits 4 (0.00s CPU time), remote cache hits 0 (0.00s CPU time), compiled 0 variants (0.00s CPU time), skipped 0 variants.
    Prepared data for serialisation in 0.00s
Serialized binary data for shader UI/DefaultETC1 in 0.00s
    metal (total internal programs: 8, unique: 8)
Compiling shader "Hidden/CubeBlur"
  Pass "" (vp)
    Target graphics API: metal
    Full variant space:         1
    After settings filtering:   1
    After built-in stripping:   1
    After scriptable stripping: 1
    Processed in 0.00 seconds
  Pass "" (fp)
    Target graphics API: metal
    Full variant space:         1
    After settings filtering:   1
    After built-in stripping:   1
    After scriptable stripping: 1
    Processed in 0.00 seconds
  Pass "" (vp)
    Target graphics API: metal
    Full variant space:         1
    After settings filtering:   1
    After built-in stripping:   1
    After scriptable stripping: 1
    Processed in 0.00 seconds
  Pass "" (fp)
    Target graphics API: metal
    Full variant space:         1
    After settings filtering:   1
    After built-in stripping:   1
    After scriptable stripping: 1
    Processed in 0.00 seconds
  Pass  (vp, metal) finished in 0.00 seconds. Local cache hits 1 (0.00s CPU time), remote cache hits 0 (0.00s CPU time), compiled 0 variants (0.00s CPU time), skipped 0 variants.
    Prepared data for serialisation in 0.00s
  Pass  (fp, metal) finished in 0.00 seconds. Local cache hits 1 (0.00s CPU time), remote cache hits 0 (0.00s CPU time), compiled 0 variants (0.00s CPU time), skipped 0 variants.
    Prepared data for serialisation in 0.00s
  Pass  (vp, metal) finished in 0.00 seconds. Local cache hits 1 (0.00s CPU time), remote cache hits 0 (0.00s CPU time), compiled 0 variants (0.00s CPU time), skipped 0 variants.
    Prepared data for serialisation in 0.00s
  Pass  (fp, metal) finished in 0.00 seconds. Local cache hits 1 (0.00s CPU time), remote cache hits 0 (0.00s CPU time), compiled 0 variants (0.00s CPU time), skipped 0 variants.
    Prepared data for serialisation in 0.00s
Serialized binary data for shader Hidden/CubeBlur in 0.00s
    metal (total internal programs: 4, unique: 3)
Compiling shader "Hidden/CubeCopy"
  Pass "" (vp)
    Target graphics API: metal
    Full variant space:         1
    After settings filtering:   1
    After built-in stripping:   1
    After scriptable stripping: 1
    Processed in 0.00 seconds
  Pass "" (fp)
    Target graphics API: metal
    Full variant space:         1
    After settings filtering:   1
    After built-in stripping:   1
    After scriptable stripping: 1
    Processed in 0.00 seconds
  Pass "" (vp)
    Target graphics API: metal
    Full variant space:         1
    After settings filtering:   1
    After built-in stripping:   1
    After scriptable stripping: 1
    Processed in 0.00 seconds
  Pass "" (fp)
    Target graphics API: metal
    Full variant space:         1
    After settings filtering:   1
    After built-in stripping:   1
    After scriptable stripping: 1
    Processed in 0.00 seconds
  Pass  (vp, metal) finished in 0.00 seconds. Local cache hits 1 (0.00s CPU time), remote cache hits 0 (0.00s CPU time), compiled 0 variants (0.00s CPU time), skipped 0 variants.
    Prepared data for serialisation in 0.00s
  Pass  (fp, metal) finished in 0.00 seconds. Local cache hits 1 (0.00s CPU time), remote cache hits 0 (0.00s CPU time), compiled 0 variants (0.00s CPU time), skipped 0 variants.
    Prepared data for serialisation in 0.00s
  Pass  (vp, metal) finished in 0.00 seconds. Local cache hits 1 (0.00s CPU time), remote cache hits 0 (0.00s CPU time), compiled 0 variants (0.00s CPU time), skipped 0 variants.
    Prepared data for serialisation in 0.00s
  Pass  (fp, metal) finished in 0.00 seconds. Local cache hits 1 (0.00s CPU time), remote cache hits 0 (0.00s CPU time), compiled 0 variants (0.00s CPU time), skipped 0 variants.
    Prepared data for serialisation in 0.00s
Serialized binary data for shader Hidden/CubeCopy in 0.00s
    metal (total internal programs: 4, unique: 2)
Compiling shader "Hidden/CubeBlend"
  Pass "" (vp)
    Target graphics API: metal
    Full variant space:         1
    After settings filtering:   1
    After built-in stripping:   1
    After scriptable stripping: 1
    Processed in 0.00 seconds
  Pass "" (fp)
    Target graphics API: metal
    Full variant space:         1
    After settings filtering:   1
    After built-in stripping:   1
    After scriptable stripping: 1
    Processed in 0.00 seconds
  Pass "" (vp)
    Target graphics API: metal
    Full variant space:         1
    After settings filtering:   1
    After built-in stripping:   1
    After scriptable stripping: 1
    Processed in 0.00 seconds
  Pass "" (fp)
    Target graphics API: metal
    Full variant space:         1
    After settings filtering:   1
    After built-in stripping:   1
    After scriptable stripping: 1
    Processed in 0.00 seconds
  Pass  (vp, metal) finished in 0.00 seconds. Local cache hits 1 (0.00s CPU time), remote cache hits 0 (0.00s CPU time), compiled 0 variants (0.00s CPU time), skipped 0 variants.
    Prepared data for serialisation in 0.00s
  Pass  (fp, metal) finished in 0.00 seconds. Local cache hits 1 (0.00s CPU time), remote cache hits 0 (0.00s CPU time), compiled 0 variants (0.00s CPU time), skipped 0 variants.
    Prepared data for serialisation in 0.00s
  Pass  (vp, metal) finished in 0.00 seconds. Local cache hits 1 (0.00s CPU time), remote cache hits 0 (0.00s CPU time), compiled 0 variants (0.00s CPU time), skipped 0 variants.
    Prepared data for serialisation in 0.00s
  Pass  (fp, metal) finished in 0.00 seconds. Local cache hits 1 (0.00s CPU time), remote cache hits 0 (0.00s CPU time), compiled 0 variants (0.00s CPU time), skipped 0 variants.
    Prepared data for serialisation in 0.00s
Serialized binary data for shader Hidden/CubeBlend in 0.00s
    metal (total internal programs: 4, unique: 2)
Compiling shader "Hidden/VR/BlitTexArraySlice"
  Pass "" (vp)
    Target graphics API: metal
    Full variant space:         1
    After settings filtering:   1
    After built-in stripping:   1
    After scriptable stripping: 1
    Processed in 0.00 seconds
  Pass "" (fp)
    Target graphics API: metal
    Full variant space:         1
    After settings filtering:   1
    After built-in stripping:   1
    After scriptable stripping: 1
    Processed in 0.00 seconds
  Pass  (vp, metal) finished in 0.00 seconds. Local cache hits 1 (0.00s CPU time), remote cache hits 0 (0.00s CPU time), compiled 0 variants (0.00s CPU time), skipped 0 variants.
    Prepared data for serialisation in 0.00s
  Pass  (fp, metal) finished in 0.00 seconds. Local cache hits 1 (0.00s CPU time), remote cache hits 0 (0.00s CPU time), compiled 0 variants (0.00s CPU time), skipped 0 variants.
    Prepared data for serialisation in 0.00s
Serialized binary data for shader Hidden/VR/BlitTexArraySlice in 0.00s
    metal (total internal programs: 2, unique: 2)
Compiling shader "Hidden/Internal-ODSWorldTexture"
  Pass "" (vp)
    Target graphics API: metal
    Full variant space:         1
    After settings filtering:   1
    After built-in stripping:   1
    After scriptable stripping: 1
    Processed in 0.00 seconds
  Pass "" (fp)
    Target graphics API: metal
    Full variant space:         1
    After settings filtering:   1
    After built-in stripping:   1
    After scriptable stripping: 1
    Processed in 0.00 seconds
  Pass "" (vp)
    Target graphics API: metal
    Full variant space:         1
    After settings filtering:   1
    After built-in stripping:   1
    After scriptable stripping: 1
    Processed in 0.00 seconds
  Pass "" (fp)
    Target graphics API: metal
    Full variant space:         1
    After settings filtering:   1
    After built-in stripping:   1
    After scriptable stripping: 1
    Processed in 0.00 seconds
  Pass "" (vp)
    Target graphics API: metal
    Full variant space:         1
    After settings filtering:   1
    After built-in stripping:   1
    After scriptable stripping: 1
    Processed in 0.00 seconds
  Pass "" (fp)
    Target graphics API: metal
    Full variant space:         1
    After settings filtering:   1
    After built-in stripping:   1
    After scriptable stripping: 1
    Processed in 0.00 seconds
  Pass "" (vp)
    Target graphics API: metal
    Full variant space:         1
    After settings filtering:   1
    After built-in stripping:   1
    After scriptable stripping: 1
    Processed in 0.00 seconds
  Pass "" (fp)
    Target graphics API: metal
    Full variant space:         1
    After settings filtering:   1
    After built-in stripping:   1
    After scriptable stripping: 1
    Processed in 0.00 seconds
  Pass "" (vp)
    Target graphics API: metal
    Full variant space:         1
    After settings filtering:   1
    After built-in stripping:   1
    After scriptable stripping: 1
    Processed in 0.00 seconds
  Pass "" (fp)
    Target graphics API: metal
    Full variant space:         1
    After settings filtering:   1
    After built-in stripping:   1
    After scriptable stripping: 1
    Processed in 0.00 seconds
  Pass "" (vp)
    Target graphics API: metal
    Full variant space:         1
    After settings filtering:   1
    After built-in stripping:   1
    After scriptable stripping: 1
    Processed in 0.00 seconds
  Pass "" (fp)
    Target graphics API: metal
    Full variant space:         1
    After settings filtering:   1
    After built-in stripping:   1
    After scriptable stripping: 1
    Processed in 0.00 seconds
  Pass "" (vp)
    Target graphics API: metal
    Full variant space:         1
    After settings filtering:   1
    After built-in stripping:   1
    After scriptable stripping: 1
    Processed in 0.00 seconds
  Pass "" (fp)
    Target graphics API: metal
    Full variant space:         1
    After settings filtering:   1
    After built-in stripping:   1
    After scriptable stripping: 1
    Processed in 0.00 seconds
  Pass "" (vp)
    Target graphics API: metal
    Full variant space:         1
    After settings filtering:   1
    After built-in stripping:   1
    After scriptable stripping: 1
    Processed in 0.00 seconds
  Pass "" (fp)
    Target graphics API: metal
    Full variant space:         1
    After settings filtering:   1
    After built-in stripping:   1
    After scriptable stripping: 1
    Processed in 0.00 seconds
  Pass "" (vp)
    Target graphics API: metal
    Full variant space:         1
    After settings filtering:   1
    After built-in stripping:   1
    After scriptable stripping: 1
    Processed in 0.00 seconds
  Pass "" (fp)
    Target graphics API: metal
    Full variant space:         1
    After settings filtering:   1
    After built-in stripping:   1
    After scriptable stripping: 1
    Processed in 0.00 seconds
  Pass "" (vp)
    Target graphics API: metal
    Full variant space:         1
    After settings filtering:   1
    After built-in stripping:   1
    After scriptable stripping: 1
    Processed in 0.00 seconds
  Pass "" (fp)
    Target graphics API: metal
    Full variant space:         1
    After settings filtering:   1
    After built-in stripping:   1
    After scriptable stripping: 1
    Processed in 0.00 seconds
  Pass  (vp, metal) finished in 0.00 seconds. Local cache hits 1 (0.00s CPU time), remote cache hits 0 (0.00s CPU time), compiled 0 variants (0.00s CPU time), skipped 0 variants.
    Prepared data for serialisation in 0.00s
  Pass  (fp, metal) finished in 0.00 seconds. Local cache hits 1 (0.00s CPU time), remote cache hits 0 (0.00s CPU time), compiled 0 variants (0.00s CPU time), skipped 0 variants.
    Prepared data for serialisation in 0.00s
  Pass  (vp, metal) finished in 0.00 seconds. Local cache hits 1 (0.00s CPU time), remote cache hits 0 (0.00s CPU time), compiled 0 variants (0.00s CPU time), skipped 0 variants.
    Prepared data for serialisation in 0.00s
  Pass  (fp, metal) finished in 0.00 seconds. Local cache hits 1 (0.00s CPU time), remote cache hits 0 (0.00s CPU time), compiled 0 variants (0.00s CPU time), skipped 0 variants.
    Prepared data for serialisation in 0.00s
  Pass  (vp, metal) finished in 0.00 seconds. Local cache hits 1 (0.00s CPU time), remote cache hits 0 (0.00s CPU time), compiled 0 variants (0.00s CPU time), skipped 0 variants.
    Prepared data for serialisation in 0.00s
  Pass  (fp, metal) finished in 0.00 seconds. Local cache hits 1 (0.00s CPU time), remote cache hits 0 (0.00s CPU time), compiled 0 variants (0.00s CPU time), skipped 0 variants.
    Prepared data for serialisation in 0.00s
  Pass  (vp, metal) finished in 0.00 seconds. Local cache hits 1 (0.00s CPU time), remote cache hits 0 (0.00s CPU time), compiled 0 variants (0.00s CPU time), skipped 0 variants.
    Prepared data for serialisation in 0.00s
  Pass  (fp, metal) finished in 0.00 seconds. Local cache hits 1 (0.00s CPU time), remote cache hits 0 (0.00s CPU time), compiled 0 variants (0.00s CPU time), skipped 0 variants.
    Prepared data for serialisation in 0.00s
  Pass  (vp, metal) finished in 0.00 seconds. Local cache hits 1 (0.00s CPU time), remote cache hits 0 (0.00s CPU time), compiled 0 variants (0.00s CPU time), skipped 0 variants.
    Prepared data for serialisation in 0.00s
  Pass  (fp, metal) finished in 0.00 seconds. Local cache hits 1 (0.00s CPU time), remote cache hits 0 (0.00s CPU time), compiled 0 variants (0.00s CPU time), skipped 0 variants.
    Prepared data for serialisation in 0.00s
  Pass  (vp, metal) finished in 0.00 seconds. Local cache hits 1 (0.00s CPU time), remote cache hits 0 (0.00s CPU time), compiled 0 variants (0.00s CPU time), skipped 0 variants.
    Prepared data for serialisation in 0.00s
  Pass  (fp, metal) finished in 0.00 seconds. Local cache hits 1 (0.00s CPU time), remote cache hits 0 (0.00s CPU time), compiled 0 variants (0.00s CPU time), skipped 0 variants.
    Prepared data for serialisation in 0.00s
  Pass  (vp, metal) finished in 0.00 seconds. Local cache hits 1 (0.00s CPU time), remote cache hits 0 (0.00s CPU time), compiled 0 variants (0.00s CPU time), skipped 0 variants.
    Prepared data for serialisation in 0.00s
  Pass  (fp, metal) finished in 0.00 seconds. Local cache hits 1 (0.00s CPU time), remote cache hits 0 (0.00s CPU time), compiled 0 variants (0.00s CPU time), skipped 0 variants.
    Prepared data for serialisation in 0.00s
  Pass  (vp, metal) finished in 0.01 seconds. Local cache hits 1 (0.01s CPU time), remote cache hits 0 (0.00s CPU time), compiled 0 variants (0.00s CPU time), skipped 0 variants.
    Prepared data for serialisation in 0.00s
  Pass  (fp, metal) finished in 0.01 seconds. Local cache hits 1 (0.00s CPU time), remote cache hits 0 (0.00s CPU time), compiled 0 variants (0.00s CPU time), skipped 0 variants.
    Prepared data for serialisation in 0.00s
  Pass  (vp, metal) finished in 0.01 seconds. Local cache hits 1 (0.00s CPU time), remote cache hits 0 (0.00s CPU time), compiled 0 variants (0.00s CPU time), skipped 0 variants.
    Prepared data for serialisation in 0.00s
  Pass  (fp, metal) finished in 0.01 seconds. Local cache hits 1 (0.00s CPU time), remote cache hits 0 (0.00s CPU time), compiled 0 variants (0.00s CPU time), skipped 0 variants.
    Prepared data for serialisation in 0.00s
  Pass  (vp, metal) finished in 0.01 seconds. Local cache hits 1 (0.00s CPU time), remote cache hits 0 (0.00s CPU time), compiled 0 variants (0.00s CPU time), skipped 0 variants.
    Prepared data for serialisation in 0.00s
  Pass  (fp, metal) finished in 0.01 seconds. Local cache hits 1 (0.00s CPU time), remote cache hits 0 (0.00s CPU time), compiled 0 variants (0.00s CPU time), skipped 0 variants.
    Prepared data for serialisation in 0.00s
Serialized binary data for shader Hidden/Internal-ODSWorldTexture in 0.00s
    metal (total internal programs: 20, unique: 14)
Compiling shader "Hidden/Internal-CubemapToEquirect"
  Pass "" (vp)
    Target graphics API: metal
    Full variant space:         1
    After settings filtering:   1
    After built-in stripping:   1
    After scriptable stripping: 1
    Processed in 0.00 seconds
  Pass "" (fp)
    Target graphics API: metal
    Full variant space:         1
    After settings filtering:   1
    After built-in stripping:   1
    After scriptable stripping: 1
    Processed in 0.00 seconds
  Pass  (vp, metal) finished in 0.00 seconds. Local cache hits 1 (0.00s CPU time), remote cache hits 0 (0.00s CPU time), compiled 0 variants (0.00s CPU time), skipped 0 variants.
    Prepared data for serialisation in 0.00s
  Pass  (fp, metal) finished in 0.00 seconds. Local cache hits 1 (0.00s CPU time), remote cache hits 0 (0.00s CPU time), compiled 0 variants (0.00s CPU time), skipped 0 variants.
    Prepared data for serialisation in 0.00s
Serialized binary data for shader Hidden/Internal-CubemapToEquirect in 0.00s
    metal (total internal programs: 2, unique: 2)
Compiling shader "Hidden/VR/BlitFromTex2DToTexArraySlice"
  Pass "" (vp)
    Target graphics API: metal
    Full variant space:         1
    After settings filtering:   1
    After built-in stripping:   1
    After scriptable stripping: 1
    Processed in 0.00 seconds
  Pass "" (fp)
    Target graphics API: metal
    Full variant space:         1
    After settings filtering:   1
    After built-in stripping:   1
    After scriptable stripping: 1
    Processed in 0.00 seconds
  Pass "" (vp)
    Target graphics API: metal
    Full variant space:         1
    After settings filtering:   1
    After built-in stripping:   1
    After scriptable stripping: 1
    Processed in 0.00 seconds
  Pass "" (fp)
    Target graphics API: metal
    Full variant space:         1
    After settings filtering:   1
    After built-in stripping:   1
    After scriptable stripping: 1
    Processed in 0.00 seconds
  Pass "" (gp)
    Target graphics API: metal
    Full variant space:         1
    After settings filtering:   1
    After built-in stripping:   1
    After scriptable stripping: 1
    Processed in 0.00 seconds
  Pass  (vp, metal) finished in 0.00 seconds. Local cache hits 1 (0.00s CPU time), remote cache hits 0 (0.00s CPU time), compiled 0 variants (0.00s CPU time), skipped 0 variants.
    Prepared data for serialisation in 0.00s
  Pass  (fp, metal) finished in 0.00 seconds. Local cache hits 1 (0.00s CPU time), remote cache hits 0 (0.00s CPU time), compiled 0 variants (0.00s CPU time), skipped 0 variants.
    Prepared data for serialisation in 0.00s
  Pass  (vp, metal) finished in 0.00 seconds. Local cache hits 0 (0.00s CPU time), remote cache hits 0 (0.00s CPU time), compiled 0 variants (0.00s CPU time), skipped 1 variants.
    Prepared data for serialisation in 0.00s
  Pass  (fp, metal) finished in -0.00 seconds. Local cache hits 0 (0.00s CPU time), remote cache hits 0 (0.00s CPU time), compiled 0 variants (0.00s CPU time), skipped 1 variants.
    Prepared data for serialisation in 0.00s
  Pass  (gp, metal) finished in -0.00 seconds. Local cache hits 0 (0.00s CPU time), remote cache hits 0 (0.00s CPU time), compiled 0 variants (0.00s CPU time), skipped 1 variants.
    Prepared data for serialisation in 0.00s
Serialized binary data for shader Hidden/VR/BlitFromTex2DToTexArraySlice in 0.00s
    metal (total internal programs: 2, unique: 2)
Compiling shader "Hidden/VideoComposite"
  Pass "Default" (vp)
    Target graphics API: metal
    Full variant space:         1
    After settings filtering:   1
    After built-in stripping:   1
    After scriptable stripping: 1
    Processed in 0.00 seconds
  Pass "Default" (fp)
    Target graphics API: metal
    Full variant space:         1
    After settings filtering:   1
    After built-in stripping:   1
    After scriptable stripping: 1
    Processed in 0.00 seconds
  Pass Default (vp, metal) finished in 0.00 seconds. Local cache hits 1 (0.00s CPU time), remote cache hits 0 (0.00s CPU time), compiled 0 variants (0.00s CPU time), skipped 0 variants.
    Prepared data for serialisation in 0.00s
  Pass Default (fp, metal) finished in 0.00 seconds. Local cache hits 1 (0.00s CPU time), remote cache hits 0 (0.00s CPU time), compiled 0 variants (0.00s CPU time), skipped 0 variants.
    Prepared data for serialisation in 0.00s
Serialized binary data for shader Hidden/VideoComposite in 0.00s
    metal (total internal programs: 2, unique: 2)
Compiling shader "Hidden/VideoDecode"
  Pass "YCbCr_To_RGB1" (vp)
    Target graphics API: metal
    Full variant space:         2
    After settings filtering:   2
    After built-in stripping:   2
    After scriptable stripping: 2
    Processed in 0.00 seconds
  Pass "YCbCr_To_RGB1" (fp)
    Target graphics API: metal
    Full variant space:         2
    After settings filtering:   2
    After built-in stripping:   2
    After scriptable stripping: 2
    Processed in 0.00 seconds
  Pass "YCbCrA_To_RGBAFull" (vp)
    Target graphics API: metal
    Full variant space:         2
    After settings filtering:   2
    After built-in stripping:   2
    After scriptable stripping: 2
    Processed in 0.00 seconds
  Pass "YCbCrA_To_RGBAFull" (fp)
    Target graphics API: metal
    Full variant space:         2
    After settings filtering:   2
    After built-in stripping:   2
    After scriptable stripping: 2
    Processed in 0.00 seconds
  Pass "YCbCrA_To_RGBA" (vp)
    Target graphics API: metal
    Full variant space:         2
    After settings filtering:   2
    After built-in stripping:   2
    After scriptable stripping: 2
    Processed in 0.00 seconds
  Pass "YCbCrA_To_RGBA" (fp)
    Target graphics API: metal
    Full variant space:         2
    After settings filtering:   2
    After built-in stripping:   2
    After scriptable stripping: 2
    Processed in 0.00 seconds
  Pass "Flip_RGBA_To_RGBA" (vp)
    Target graphics API: metal
    Full variant space:         2
    After settings filtering:   2
    After built-in stripping:   2
    After scriptable stripping: 2
    Processed in 0.00 seconds
  Pass "Flip_RGBA_To_RGBA" (fp)
    Target graphics API: metal
    Full variant space:         2
    After settings filtering:   2
    After built-in stripping:   2
    After scriptable stripping: 2
    Processed in 0.00 seconds
  Pass "Flip_RGBASplit_To_RGBA" (vp)
    Target graphics API: metal
    Full variant space:         2
    After settings filtering:   2
    After built-in stripping:   2
    After scriptable stripping: 2
    Processed in 0.00 seconds
  Pass "Flip_RGBASplit_To_RGBA" (fp)
    Target graphics API: metal
    Full variant space:         2
    After settings filtering:   2
    After built-in stripping:   2
    After scriptable stripping: 2
    Processed in 0.00 seconds
  Pass "Flip_NV12_To_RGB1" (vp)
    Target graphics API: metal
    Full variant space:         2
    After settings filtering:   2
    After built-in stripping:   2
    After scriptable stripping: 2
    Processed in 0.00 seconds
  Pass "Flip_NV12_To_RGB1" (fp)
    Target graphics API: metal
    Full variant space:         2
    After settings filtering:   2
    After built-in stripping:   2
    After scriptable stripping: 2
    Processed in 0.00 seconds
  Pass "Flip_NV12_To_RGBA" (vp)
    Target graphics API: metal
    Full variant space:         2
    After settings filtering:   2
    After built-in stripping:   2
    After scriptable stripping: 2
    Processed in 0.00 seconds
  Pass "Flip_NV12_To_RGBA" (fp)
    Target graphics API: metal
    Full variant space:         2
    After settings filtering:   2
    After built-in stripping:   2
    After scriptable stripping: 2
    Processed in 0.00 seconds
  Pass "Flip_P010_To_RGB1" (vp)
    Target graphics API: metal
    Full variant space:         1
    After settings filtering:   1
    After built-in stripping:   1
    After scriptable stripping: 1
    Processed in 0.00 seconds
  Pass "Flip_P010_To_RGB1" (fp)
    Target graphics API: metal
    Full variant space:         1
    After settings filtering:   1
    After built-in stripping:   1
    After scriptable stripping: 1
    Processed in 0.00 seconds
  Pass YCbCr_To_RGB1 (vp, metal) finished in 0.01 seconds. Local cache hits 2 (0.00s CPU time), remote cache hits 0 (0.00s CPU time), compiled 0 variants (0.00s CPU time), skipped 0 variants.
    Prepared data for serialisation in 0.00s
  Pass YCbCr_To_RGB1 (fp, metal) finished in 0.01 seconds. Local cache hits 2 (0.00s CPU time), remote cache hits 0 (0.00s CPU time), compiled 0 variants (0.00s CPU time), skipped 0 variants.
    Prepared data for serialisation in 0.00s
  Pass YCbCrA_To_RGBAFull (vp, metal) finished in 0.01 seconds. Local cache hits 2 (0.00s CPU time), remote cache hits 0 (0.00s CPU time), compiled 0 variants (0.00s CPU time), skipped 0 variants.
    Prepared data for serialisation in 0.00s
  Pass YCbCrA_To_RGBAFull (fp, metal) finished in 0.01 seconds. Local cache hits 2 (0.00s CPU time), remote cache hits 0 (0.00s CPU time), compiled 0 variants (0.00s CPU time), skipped 0 variants.
    Prepared data for serialisation in 0.00s
  Pass YCbCrA_To_RGBA (vp, metal) finished in 0.01 seconds. Local cache hits 2 (0.00s CPU time), remote cache hits 0 (0.00s CPU time), compiled 0 variants (0.00s CPU time), skipped 0 variants.
    Prepared data for serialisation in 0.00s
  Pass YCbCrA_To_RGBA (fp, metal) finished in 0.01 seconds. Local cache hits 2 (0.00s CPU time), remote cache hits 0 (0.00s CPU time), compiled 0 variants (0.00s CPU time), skipped 0 variants.
    Prepared data for serialisation in 0.00s
  Pass Flip_RGBA_To_RGBA (vp, metal) finished in 0.01 seconds. Local cache hits 2 (0.00s CPU time), remote cache hits 0 (0.00s CPU time), compiled 0 variants (0.00s CPU time), skipped 0 variants.
    Prepared data for serialisation in 0.00s
  Pass Flip_RGBA_To_RGBA (fp, metal) finished in 0.01 seconds. Local cache hits 2 (0.00s CPU time), remote cache hits 0 (0.00s CPU time), compiled 0 variants (0.00s CPU time), skipped 0 variants.
    Prepared data for serialisation in 0.00s
  Pass Flip_RGBASplit_To_RGBA (vp, metal) finished in 0.00 seconds. Local cache hits 2 (0.00s CPU time), remote cache hits 0 (0.00s CPU time), compiled 0 variants (0.00s CPU time), skipped 0 variants.
    Prepared data for serialisation in 0.00s
  Pass Flip_RGBASplit_To_RGBA (fp, metal) finished in 0.00 seconds. Local cache hits 2 (0.00s CPU time), remote cache hits 0 (0.00s CPU time), compiled 0 variants (0.00s CPU time), skipped 0 variants.
    Prepared data for serialisation in 0.00s
  Pass Flip_NV12_To_RGB1 (vp, metal) finished in 0.00 seconds. Local cache hits 2 (0.00s CPU time), remote cache hits 0 (0.00s CPU time), compiled 0 variants (0.00s CPU time), skipped 0 variants.
    Prepared data for serialisation in 0.00s
  Pass Flip_NV12_To_RGB1 (fp, metal) finished in 0.00 seconds. Local cache hits 2 (0.00s CPU time), remote cache hits 0 (0.00s CPU time), compiled 0 variants (0.00s CPU time), skipped 0 variants.
    Prepared data for serialisation in 0.00s
  Pass Flip_NV12_To_RGBA (vp, metal) finished in 0.00 seconds. Local cache hits 2 (0.00s CPU time), remote cache hits 0 (0.00s CPU time), compiled 0 variants (0.00s CPU time), skipped 0 variants.
    Prepared data for serialisation in 0.00s
  Pass Flip_NV12_To_RGBA (fp, metal) finished in 0.00 seconds. Local cache hits 2 (0.00s CPU time), remote cache hits 0 (0.00s CPU time), compiled 0 variants (0.00s CPU time), skipped 0 variants.
    Prepared data for serialisation in 0.00s
  Pass Flip_P010_To_RGB1 (vp, metal) finished in 0.00 seconds. Local cache hits 1 (0.00s CPU time), remote cache hits 0 (0.00s CPU time), compiled 0 variants (0.00s CPU time), skipped 0 variants.
    Prepared data for serialisation in 0.00s
  Pass Flip_P010_To_RGB1 (fp, metal) finished in 0.00 seconds. Local cache hits 1 (0.00s CPU time), remote cache hits 0 (0.00s CPU time), compiled 0 variants (0.00s CPU time), skipped 0 variants.
    Prepared data for serialisation in 0.00s
Serialized binary data for shader Hidden/VideoDecode in 0.00s
    metal (total internal programs: 30, unique: 19)
Compiling shader "Hidden/VideoDecodeOSX"
  Pass "Flip_RGBARect_To_RGBA" (vp)
  Pass "Flip_RGBARect_To_RGBA" (fp)
  Pass "Flip_RGBASplitRect_To_RGBA" (vp)
  Pass "Flip_RGBASplitRect_To_RGBA" (fp)
    Prepared data for serialisation in 0.00s
    Prepared data for serialisation in 0.00s
    Prepared data for serialisation in 0.00s
    Prepared data for serialisation in 0.00s
Serialized binary data for shader Hidden/VideoDecodeOSX in 0.00s
    metal (total internal programs: 0, unique: 0)
Compiling shader "Hidden/Compositing"
  Pass "Mix_RGBA_To_RGBA" (vp)
    Target graphics API: metal
    Full variant space:         1
    After settings filtering:   1
    After built-in stripping:   1
    After scriptable stripping: 1
    Processed in 0.00 seconds
  Pass "Mix_RGBA_To_RGBA" (fp)
    Target graphics API: metal
    Full variant space:         1
    After settings filtering:   1
    After built-in stripping:   1
    After scriptable stripping: 1
    Processed in 0.00 seconds
  Pass Mix_RGBA_To_RGBA (vp, metal) finished in 0.00 seconds. Local cache hits 1 (0.00s CPU time), remote cache hits 0 (0.00s CPU time), compiled 0 variants (0.00s CPU time), skipped 0 variants.
    Prepared data for serialisation in 0.00s
  Pass Mix_RGBA_To_RGBA (fp, metal) finished in 0.00 seconds. Local cache hits 1 (0.00s CPU time), remote cache hits 0 (0.00s CPU time), compiled 0 variants (0.00s CPU time), skipped 0 variants.
    Prepared data for serialisation in 0.00s
Serialized binary data for shader Hidden/Compositing in 0.00s
    metal (total internal programs: 2, unique: 2)
Compiling shader "Hidden/TextCore/Distance Field SSD"
  Pass "" (vp)
    Target graphics API: metal
    Full variant space:         1
    After settings filtering:   1
    After built-in stripping:   1
    After scriptable stripping: 1
    Processed in 0.00 seconds
  Pass "" (fp)
    Target graphics API: metal
    Full variant space:         1
    After settings filtering:   1
    After built-in stripping:   1
    After scriptable stripping: 1
    Processed in 0.00 seconds
  Pass  (vp, metal) finished in 0.00 seconds. Local cache hits 1 (0.00s CPU time), remote cache hits 0 (0.00s CPU time), compiled 0 variants (0.00s CPU time), skipped 0 variants.
    Prepared data for serialisation in 0.00s
  Pass  (fp, metal) finished in 0.00 seconds. Local cache hits 1 (0.00s CPU time), remote cache hits 0 (0.00s CPU time), compiled 0 variants (0.00s CPU time), skipped 0 variants.
    Prepared data for serialisation in 0.00s
Serialized binary data for shader Hidden/TextCore/Distance Field SSD in 0.00s
    metal (total internal programs: 2, unique: 2)
Compiling shader "Hidden/Physics2D/SDF_CircleGeometry"
  Pass "" (vp)
    Target graphics API: metal
    Full variant space:         2
    After settings filtering:   2
    After built-in stripping:   1
    After scriptable stripping: 1
    Processed in 0.00 seconds
  Pass "" (fp)
    Target graphics API: metal
    Full variant space:         2
    After settings filtering:   2
    After built-in stripping:   1
    After scriptable stripping: 1
    Processed in 0.00 seconds
  Pass  (vp, metal) finished in 0.00 seconds. Local cache hits 1 (0.00s CPU time), remote cache hits 0 (0.00s CPU time), compiled 0 variants (0.00s CPU time), skipped 0 variants.
    Prepared data for serialisation in 0.00s
  Pass  (fp, metal) finished in 0.00 seconds. Local cache hits 1 (0.00s CPU time), remote cache hits 0 (0.00s CPU time), compiled 0 variants (0.00s CPU time), skipped 0 variants.
    Prepared data for serialisation in 0.00s
Serialized binary data for shader Hidden/Physics2D/SDF_CircleGeometry in 0.00s
    metal (total internal programs: 2, unique: 2)
Compiling shader "Hidden/Physics2D/SDF_CapsuleGeometry"
  Pass "" (vp)
    Target graphics API: metal
    Full variant space:         2
    After settings filtering:   2
    After built-in stripping:   1
    After scriptable stripping: 1
    Processed in 0.00 seconds
  Pass "" (fp)
    Target graphics API: metal
    Full variant space:         2
    After settings filtering:   2
    After built-in stripping:   1
    After scriptable stripping: 1
    Processed in 0.00 seconds
  Pass  (vp, metal) finished in 0.00 seconds. Local cache hits 1 (0.00s CPU time), remote cache hits 0 (0.00s CPU time), compiled 0 variants (0.00s CPU time), skipped 0 variants.
    Prepared data for serialisation in 0.00s
  Pass  (fp, metal) finished in 0.00 seconds. Local cache hits 1 (0.00s CPU time), remote cache hits 0 (0.00s CPU time), compiled 0 variants (0.00s CPU time), skipped 0 variants.
    Prepared data for serialisation in 0.00s
Serialized binary data for shader Hidden/Physics2D/SDF_CapsuleGeometry in 0.00s
    metal (total internal programs: 2, unique: 2)
Compiling shader "Hidden/Physics2D/SDF_PolygonGeometry"
  Pass "" (vp)
    Target graphics API: metal
    Full variant space:         2
    After settings filtering:   2
    After built-in stripping:   1
    After scriptable stripping: 1
    Processed in 0.00 seconds
  Pass "" (fp)
    Target graphics API: metal
    Full variant space:         2
    After settings filtering:   2
    After built-in stripping:   1
    After scriptable stripping: 1
    Processed in 0.00 seconds
  Pass  (vp, metal) finished in 0.00 seconds. Local cache hits 1 (0.00s CPU time), remote cache hits 0 (0.00s CPU time), compiled 0 variants (0.00s CPU time), skipped 0 variants.
    Prepared data for serialisation in 0.00s
  Pass  (fp, metal) finished in 0.00 seconds. Local cache hits 1 (0.00s CPU time), remote cache hits 0 (0.00s CPU time), compiled 0 variants (0.00s CPU time), skipped 0 variants.
    Prepared data for serialisation in 0.00s
Serialized binary data for shader Hidden/Physics2D/SDF_PolygonGeometry in 0.00s
    metal (total internal programs: 2, unique: 2)
Compiling shader "Hidden/Physics2D/SDF_Line"
  Pass "" (vp)
    Target graphics API: metal
    Full variant space:         2
    After settings filtering:   2
    After built-in stripping:   1
    After scriptable stripping: 1
    Processed in 0.00 seconds
  Pass "" (fp)
    Target graphics API: metal
    Full variant space:         2
    After settings filtering:   2
    After built-in stripping:   1
    After scriptable stripping: 1
    Processed in 0.00 seconds
  Pass  (vp, metal) finished in 0.00 seconds. Local cache hits 1 (0.00s CPU time), remote cache hits 0 (0.00s CPU time), compiled 0 variants (0.00s CPU time), skipped 0 variants.
    Prepared data for serialisation in 0.00s
  Pass  (fp, metal) finished in 0.00 seconds. Local cache hits 1 (0.00s CPU time), remote cache hits 0 (0.00s CPU time), compiled 0 variants (0.00s CPU time), skipped 0 variants.
    Prepared data for serialisation in 0.00s
Serialized binary data for shader Hidden/Physics2D/SDF_Line in 0.00s
    metal (total internal programs: 2, unique: 2)
Compiling shader "Hidden/Physics2D/SDF_Point"
  Pass "" (vp)
    Target graphics API: metal
    Full variant space:         2
    After settings filtering:   2
    After built-in stripping:   1
    After scriptable stripping: 1
    Processed in 0.00 seconds
  Pass "" (fp)
    Target graphics API: metal
    Full variant space:         2
    After settings filtering:   2
    After built-in stripping:   1
    After scriptable stripping: 1
    Processed in 0.00 seconds
  Pass  (vp, metal) finished in 0.00 seconds. Local cache hits 1 (0.00s CPU time), remote cache hits 0 (0.00s CPU time), compiled 0 variants (0.00s CPU time), skipped 0 variants.
    Prepared data for serialisation in 0.00s
  Pass  (fp, metal) finished in 0.00 seconds. Local cache hits 1 (0.00s CPU time), remote cache hits 0 (0.00s CPU time), compiled 0 variants (0.00s CPU time), skipped 0 variants.
    Prepared data for serialisation in 0.00s
Serialized binary data for shader Hidden/Physics2D/SDF_Point in 0.00s
    metal (total internal programs: 2, unique: 2)
SpriteAtlasDatabase::Cleanup
[Licensing::Client] Successfully resolved entitlement details
Starting: /Applications/Unity/Hub/Editor/6000.6.0f1/Unity.app/Contents/Resources/BuildPipeline/bee_backend --ipc --dagfile="Library/Bee/Player704863b0.dag" --profile="Library/Bee/backend1.traceevents" Player
WorkingDir: /Users/dawsonblock/unity/My project (7)
Unity(13454) MallocStackLogging: can't turn off malloc stack logging because it was not enabled.
Rebuilding DAG because FileSignature timestamp changed: Library/Bee/Player704863b0-inputdata.json
*** Tundra requires additional run (0.04 seconds), 0 items updated, 0 evaluated
Starting: /Applications/Unity/Hub/Editor/6000.6.0f1/Unity.app/Contents/Resources/Scripting/DotNetSdk/dotnet "/Applications/Unity/Hub/Editor/6000.6.0f1/PlaybackEngines/MacStandaloneSupport/MacStandalonePlayerBuildProgram.exe" "/Applications/Unity/Hub/Editor/6000.6.0f1/PlaybackEngines/MacStandaloneSupport/Bee:/Applications/Unity/Hub/Editor/6000.6.0f1/Unity.app/Contents/Resources/BuildPipeline" "Library/Bee/Player704863b0.dag.json" "Library/Bee/Player704863b0-inputdata.json" "Library/Bee/buildprogram0.traceevents"
WorkingDir: /Users/dawsonblock/unity/My project (7)
Unity(13457) MallocStackLogging: can't turn off malloc stack logging because it was not enabled.
ExitCode: 4 Duration: 0s251ms
Unity(13476) MallocStackLogging: can't turn off malloc stack logging because it was not enabled.
ExitCode: 0 Duration: 0s762ms
Starting: /Applications/Unity/Hub/Editor/6000.6.0f1/Unity.app/Contents/Resources/BuildPipeline/bee_backend --ipc --dagfile="Library/Bee/Player704863b0.dag" --dagfilejson="Library/Bee/Player704863b0.dag.json" --profile="Library/Bee/backend2.traceevents" Player
WorkingDir: /Users/dawsonblock/unity/My project (7)
Finished compiling graph: 748 nodes, 2227 flattened edges (2227 ToBuild, 0 ToUse), maximum node priority 455
[ 36/747    0s] WriteFile Library/Bee/artifacts/csharpactions/boot.config_l6pt.info
[ 37/747    0s] CopyFiles BuildEvidence/player-build/EscapeTheElites.app/Contents/Resources/Data/level6
[ 38/747    0s] CopyFiles BuildEvidence/player-build/EscapeTheElites.app/Contents/Resources/Data/level4
[ 39/747    0s] CopyFiles BuildEvidence/player-build/EscapeTheElites.app/Contents/Resources/Data/level0
[ 40/747    0s] CopyFiles BuildEvidence/player-build/EscapeTheElites.app/Contents/Resources/Data/globalgamemanagers.assets
[ 41/747    0s] CopyFiles BuildEvidence/player-build/EscapeTheElites.app/Contents/Resources/Data/Resources/unity_builtin_extra
[ 43/747    0s] CopyFiles BuildEvidence/player-build/EscapeTheElites.app/Contents/Resources/Data/globalgamemanagers
[ 45/747    0s] CopyFiles BuildEvidence/player-build/EscapeTheElites.app/Contents/Resources/Data/level3
[ 46/747    0s] CopyFiles BuildEvidence/player-build/EscapeTheElites.app/Contents/Resources/Data/level7
[ 47/747    0s] CopyFiles BuildEvidence/player-build/EscapeTheElites.app/Contents/Resources/Data/level2
[ 48/747    0s] CopyFiles BuildEvidence/player-build/EscapeTheElites.app/Contents/Resources/Data/globalgamemanagers.assets.resS
[ 49/747    0s] CopyFiles BuildEvidence/player-build/EscapeTheElites.app/Contents/Resources/Data/level5
[ 50/747    0s] CopyFiles BuildEvidence/player-build/EscapeTheElites.app/Contents/Resources/Data/resources.assets
[ 51/747    0s] CopyFiles BuildEvidence/player-build/EscapeTheElites.app/Contents/Resources/Data/resources.resource
[ 52/747    0s] CopyFiles BuildEvidence/player-build/EscapeTheElites.app/Contents/Resources/Data/resources.assets.resS
[ 53/747    0s] CopyFiles BuildEvidence/player-build/EscapeTheElites.app/Contents/Resources/Data/sharedassets0.assets.resS
[ 54/747    0s] CopyFiles BuildEvidence/player-build/EscapeTheElites.app/Contents/Resources/Data/sharedassets2.assets.resS
[ 55/747    0s] CopyFiles BuildEvidence/player-build/EscapeTheElites.app/Contents/Resources/Data/sharedassets1.assets
[ 56/747    0s] CopyFiles BuildEvidence/player-build/EscapeTheElites.app/Contents/Resources/Data/sharedassets3.assets
[ 57/747    0s] CopyFiles BuildEvidence/player-build/EscapeTheElites.app/Contents/Resources/Data/sharedassets2.assets
[ 58/747    0s] CopyFiles BuildEvidence/player-build/EscapeTheElites.app/Contents/Resources/Data/sharedassets2.resource
[ 59/747    0s] CopyFiles BuildEvidence/player-build/EscapeTheElites.app/Contents/Resources/Data/sharedassets3.assets.resS
[ 60/747    0s] CopyFiles BuildEvidence/player-build/EscapeTheElites.app/Contents/Resources/Data/sharedassets3.resource
[ 61/747    0s] CopyFiles BuildEvidence/player-build/EscapeTheElites.app/Contents/Resources/Data/sharedassets0.assets
[ 62/747    0s] CopyFiles BuildEvidence/player-build/EscapeTheElites.app/Contents/Resources/Data/sharedassets4.assets
[ 66/747    0s] CopyFiles BuildEvidence/player-build/EscapeTheElites.app/Contents/Resources/Data/level1
[ 67/747    0s] CopyFiles BuildEvidence/player-build/EscapeTheElites.app/Contents/Resources/Data/sharedassets6.resource
[ 68/747    0s] CopyFiles BuildEvidence/player-build/EscapeTheElites.app/Contents/Resources/Data/sharedassets5.assets
[ 86/747    0s] CopyFiles BuildEvidence/player-build/EscapeTheElites.app/Contents/Resources/Data/sharedassets4.assets.resS
[ 87/747    0s] CopyFiles BuildEvidence/player-build/EscapeTheElites.app/Contents/Resources/Data/sharedassets6.assets
[ 94/747    0s] CopyFiles BuildEvidence/player-build/EscapeTheElites.app/Contents/Resources/Data/sharedassets7.assets
[ 96/747    0s] CopyFiles BuildEvidence/player-build/EscapeTheElites.app/Contents/Resources/Data/sharedassets5.resource
[ 98/747    0s] CopyFiles BuildEvidence/player-build/EscapeTheElites.app/Contents/Resources/Data/sharedassets4.resource
[ 99/747    0s] CopyFiles BuildEvidence/player-build/EscapeTheElites.app/Contents/Resources/Data/sharedassets7.resource
[102/747    0s] CopyFiles BuildEvidence/player-build/EscapeTheElites.app/Contents/Resources/Data/StreamingAssets/EntityScenes/scene_info.bin
[196/747    0s] WriteFile Library/Bee/artifacts/csharpactions/My project (7)_ru67.info
[744/747    0s] AddBootConfigGUID Library/Bee/artifacts/MacStandalonePlayerBuildProgram/boot.config
[745/747    0s] CopyFiles BuildEvidence/player-build/EscapeTheElites.app/Contents/Resources/Data/boot.config
[746/747    0s] MacOSCodeSignBundleInPlace BuildEvidence/player-build/EscapeTheElites.app/Contents/MacOS/My project (7) (+1 other)
*** Tundra build success (0.38 seconds), 39 items updated, 747 evaluated
ExitCode: 0 Duration: 0s534ms
Unity(13488) MallocStackLogging: can't turn off malloc stack logging because it was not enabled.
Refreshing native plugins compatible for Editor in 5.48 ms, found 5 plugins.
Preloading 1 native plugins for Editor in 7.60 ms.

-------------------------------------------------------------------------------
Build Report
Uncompressed usage by category (Percentages based on user generated assets only):
Textures               24.2 mb	 77.0% 
Meshes                 0.0 kb	 0.0% 
Animations             0.0 kb	 0.0% 
Sounds                 406.3 kb	 1.3% 
Shaders                4.2 mb	 13.2% 
Other Assets           1.7 mb	 5.4% 
Levels                 312.2 kb	 1.0% 
File headers           228.2 kb	 0.7% 
Total User Assets      31.5 mb	 100.0% 
Complete build size    111.9 mb
Used Assets and files from the Resources folder, sorted by uncompressed size:
 2.7 mb	 2.4% Built-in Texture2D: Splash Screen Unity Logo
 2.7 mb	 2.4% Packages/com.unity.render-pipelines.universal/Shaders/Lit.shader
 1.3 mb	 1.2% Assets/_Game/Art/Textures/PavingStones128/PavingStones128_1K-JPG_MetallicSmoothness.png
 1.3 mb	 1.2% Assets/_Game/Art/Textures/Carpet016/Carpet016_1K-JPG_MetallicSmoothness.png
 1.3 mb	 1.2% Assets/_Game/Art/Textures/PavingStones128/PavingStones128_1K-JPG_NormalGL.jpg
 1.3 mb	 1.2% Assets/_Game/Art/Textures/Carpet016/Carpet016_1K-JPG_NormalGL.jpg
 1.0 mb	 0.9% Assets/TextMesh Pro/Resources/Fonts & Materials/LiberationSans SDF.asset
 1.0 mb	 0.9% Assets/TextMesh Pro/Examples & Extras/Resources/Fonts & Materials/Unity SDF.asset
 682.9 kb	 0.6% Assets/_Game/Art/Textures/CorrugatedSteel009/CorrugatedSteel009_1K-JPG_MetallicSmoothness.png
 682.9 kb	 0.6% Assets/_Game/Art/Textures/WoodFloor043/WoodFloor043_1K-JPG_MetallicSmoothness.png
 682.9 kb	 0.6% Assets/_Game/Art/Textures/Concrete034/Concrete034_1K-JPG_MetallicSmoothness.png
 682.9 kb	 0.6% Assets/_Game/Art/Textures/CorrugatedSteel009/CorrugatedSteel009_1K-JPG_NormalGL.jpg
 682.9 kb	 0.6% Assets/_Game/Art/Textures/WoodFloor043/WoodFloor043_1K-JPG_NormalGL.jpg
 682.9 kb	 0.6% Assets/_Game/Art/Textures/Concrete034/Concrete034_1K-JPG_NormalGL.jpg
 682.9 kb	 0.6% Assets/_Game/Art/Textures/PavingStones128/PavingStones128_1K-JPG_AmbientOcclusion.jpg
 682.9 kb	 0.6% Assets/_Game/Art/Textures/Carpet016/Carpet016_1K-JPG_AmbientOcclusion.jpg
 682.8 kb	 0.6% Assets/_Game/Art/Textures/PavingStones128/PavingStones128_1K-JPG_Color.jpg
 682.8 kb	 0.6% Assets/_Game/Art/Textures/Carpet016/Carpet016_1K-JPG_Color.jpg
 563.9 kb	 0.5% Assets/TextMesh Pro/Shaders/TMP_SDF-URP Lit.shadergraph
 532.2 kb	 0.5% Resources/unity_builtin_extra
 344.5 kb	 0.3% Assets/TextMesh Pro/Fonts/LiberationSans.ttf
 341.5 kb	 0.3% Assets/_Game/Art/Textures/CorrugatedSteel009/CorrugatedSteel009_1K-JPG_AmbientOcclusion.jpg
 341.5 kb	 0.3% Assets/_Game/Art/Textures/WoodFloor043/WoodFloor043_1K-JPG_AmbientOcclusion.jpg
 341.5 kb	 0.3% Assets/_Game/Art/Textures/CorrugatedSteel009/CorrugatedSteel009_1K-JPG_Color.jpg
 341.5 kb	 0.3% Assets/_Game/Art/Textures/WoodFloor043/WoodFloor043_1K-JPG_Color.jpg
 341.5 kb	 0.3% Assets/_Game/Art/Textures/Concrete034/Concrete034_1K-JPG_Color.jpg
 341.5 kb	 0.3% Packages/com.unity.probuilder/Content/Material/Textures/GridBox_Trigger.png
 341.5 kb	 0.3% Packages/com.unity.probuilder/Content/Material/Textures/GridBox_Collider.png
 341.5 kb	 0.3% Assets/TextMesh Pro/Examples & Extras/Sprites/DropCap Numbers.psd
 341.5 kb	 0.3% Assets/TextMesh Pro/Examples & Extras/Sprites/Default Sprites.png
 262.6 kb	 0.2% Packages/com.unity.render-pipelines.universal/Textures/SMAA/AreaTex.tga
 256.1 kb	 0.2% Packages/com.unity.render-pipelines.universal/Textures/FilmGrain/Thin02.png
 256.1 kb	 0.2% Packages/com.unity.render-pipelines.universal/Textures/FilmGrain/Thin01.png
 256.1 kb	 0.2% Packages/com.unity.render-pipelines.universal/Textures/FilmGrain/Medium06.png
 256.1 kb	 0.2% Packages/com.unity.render-pipelines.universal/Textures/FilmGrain/Medium05.png
 256.1 kb	 0.2% Packages/com.unity.render-pipelines.universal/Textures/FilmGrain/Medium04.png
 256.1 kb	 0.2% Packages/com.unity.render-pipelines.universal/Textures/FilmGrain/Medium03.png
 256.1 kb	 0.2% Packages/com.unity.render-pipelines.universal/Textures/FilmGrain/Medium02.png
 256.1 kb	 0.2% Packages/com.unity.render-pipelines.universal/Textures/FilmGrain/Medium01.png
 256.1 kb	 0.2% Packages/com.unity.render-pipelines.universal/Textures/FilmGrain/Large02.png
 256.1 kb	 0.2% Packages/com.unity.render-pipelines.universal/Textures/FilmGrain/Large01.png
 211.7 kb	 0.2% Packages/com.unity.render-pipelines.core/Runtime/RenderPipelineResources/GPUDriven/InstanceOcclusionCullingKernels.compute
 170.8 kb	 0.1% Assets/TextMesh Pro/Examples & Extras/Textures/Fruit Jelly (B&W).jpg
 170.8 kb	 0.1% Packages/com.unity.probuilder/Content/Resources/Textures/GridBox_Default.png
 170.8 kb	 0.1% Packages/com.unity.probuilder/Content/Material/Textures/GridBox_NoDraw.png
 170.8 kb	 0.1% Assets/TextMesh Pro/Examples & Extras/Textures/Floor Cement.jpg
 170.7 kb	 0.1% Packages/com.unity.render-pipelines.universal/Shaders/Terrain/WavingGrass.shader
 167.1 kb	 0.1% Assets/TextMesh Pro/Examples & Extras/Fonts/Roboto-Bold.ttf
 107.9 kb	 0.1% Packages/com.unity.render-pipelines.core/Runtime/RenderPipelineResources/GPUDriven/OccluderDepthPyramidKernels.compute
 85.5 kb	 0.1% Assets/TextMesh Pro/Examples & Extras/Textures/Brushed Metal 3.jpg
 82.7 kb	 0.1% Packages/com.unity.render-pipelines.universal/Shaders/Terrain/WavingGrassBillboard.shader
 81.2 kb	 0.1% Packages/com.unity.render-pipelines.core/Runtime/Vrs/Shaders/VrsTexture.compute
 71.8 kb	 0.1% Assets/TextMesh Pro/Examples & Extras/Fonts/Electronic Highway Sign.TTF
 67.7 kb	 0.1% Packages/com.unity.render-pipelines.universal/Shaders/Utils/CoreBlit.shader
 66.7 kb	 0.1% Packages/com.unity.render-pipelines.core/Runtime/RenderPipelineResources/GPUDriven/InstanceTransformUpdateKernels.compute
 64.2 kb	 0.1% Assets/TextMesh Pro/Examples & Extras/Textures/Sunny Days - Seamless.jpg
 64.2 kb	 0.1% Packages/com.unity.render-pipelines.universal/Textures/BlueNoise256/LDR_LLL1_6.png
 64.2 kb	 0.1% Packages/com.unity.render-pipelines.universal/Textures/BlueNoise256/LDR_LLL1_5.png
 64.2 kb	 0.1% Packages/com.unity.render-pipelines.universal/Textures/BlueNoise256/LDR_LLL1_4.png
 64.2 kb	 0.1% Packages/com.unity.render-pipelines.universal/Textures/BlueNoise256/LDR_LLL1_3.png
 64.2 kb	 0.1% Packages/com.unity.render-pipelines.universal/Textures/BlueNoise256/LDR_LLL1_2.png
 64.2 kb	 0.1% Packages/com.unity.render-pipelines.universal/Textures/BlueNoise256/LDR_LLL1_1.png
 64.2 kb	 0.1% Packages/com.unity.render-pipelines.universal/Textures/BlueNoise256/LDR_LLL1_0.png
 52.8 kb	 0.0% Assets/TextMesh Pro/Shaders/TMP_SDF-Surface.shader
 52.2 kb	 0.0% Assets/TextMesh Pro/Examples & Extras/Fonts/Oswald-Bold.ttf
 48.8 kb	 0.0% Assets/_Game/Audio/Generated/amb_tower.wav
 46.2 kb	 0.0% Assets/_Game/Audio/Generated/amb_dock.wav
 44.7 kb	 0.0% Packages/com.unity.render-pipelines.universal/Shaders/Utils/ScreenSpaceAmbientOcclusion.shader
 43.0 kb	 0.0% Assets/_Game/Scenes/SecurityWing.unity
 41.8 kb	 0.0% Assets/TextMesh Pro/Examples & Extras/Fonts/Anton.ttf
 39.1 kb	 0.0% Assets/TextMesh Pro/Examples & Extras/Fonts/Bangers.ttf
 38.9 kb	 0.0% Assets/_Game/Scenes/BroadcastTower.unity
 37.9 kb	 0.0% Assets/_Game/Audio/Generated/amb_bunker.wav
 37.8 kb	 0.0% Assets/_Game/Scenes/ServiceEntrance.unity
 37.6 kb	 0.0% Assets/_Game/Audio/Generated/amb_office.wav
 36.9 kb	 0.0% Assets/_Game/Audio/Generated/amb_security.wav
 36.8 kb	 0.0% Packages/com.unity.render-pipelines.universal/Runtime/MipGen/Shaders/DepthPyramid.compute
 34.1 kb	 0.0% Assets/_Game/Scenes/Dock.unity
 32.8 kb	 0.0% Assets/_Game/Scenes/MansionOffice.unity
 31.9 kb	 0.0% Packages/com.unity.render-pipelines.universal/Shaders/Terrain/TerrainDetailLit.shader
 31.9 kb	 0.0% Assets/_Game/Scenes/BunkerServerRoom.unity
 29.9 kb	 0.0% Packages/com.unity.render-pipelines.universal/Runtime/MipGen/Shaders/ColorPyramid.compute
 28.8 kb	 0.0% Packages/com.unity.render-pipelines.universal/Shaders/Utils/ComputeScreenSpaceReflection.shader
 27.1 kb	 0.0% Packages/com.unity.render-pipelines.universal/Shaders/Particles/ParticlesUnlit.shader
 25.9 kb	 0.0% Packages/com.unity.render-pipelines.universal/Shaders/Unlit.shader
 25.3 kb	 0.0% Packages/com.unity.render-pipelines.universal/Shaders/PostProcessing/LensFlareDataDriven.shader
 24.8 kb	 0.0% Packages/com.unity.render-pipelines.universal/Shaders/PostProcessing/TemporalAA.shader
 24.4 kb	 0.0% Assets/_Game/Audio/Generated/amb_service.wav
 22.9 kb	 0.0% Packages/com.unity.render-pipelines.universal/Shaders/PostProcessing/UberPost.shader
 22.7 kb	 0.0% Packages/com.unity.render-pipelines.universal/Shaders/PostProcessing/FinalPost.shader
 22.6 kb	 0.0% Packages/com.unity.render-pipelines.universal/Shaders/PostProcessing/Bloom.shader
 19.7 kb	 0.0% Assets/TextMesh Pro/Shaders/TMP_SDF.shader
 18.6 kb	 0.0% Packages/com.unity.render-pipelines.universal/Shaders/PostProcessing/LensFlareScreenSpace.shader
 18.1 kb	 0.0% Assets/TextMesh Pro/Shaders/TMP_SDF-Surface-Mobile.shader
 16.2 kb	 0.0% Packages/com.unity.render-pipelines.universal/Textures/DebugFont.tga
 15.7 kb	 0.0% Assets/TextMesh Pro/Shaders/TMP_SDF-Mobile-2-Pass.shader
 14.9 kb	 0.0% Packages/com.unity.render-pipelines.universal/Shaders/PostProcessing/SubpixelMorphologicalAntialiasing.shader
 13.1 kb	 0.0% Assets/TextMesh Pro/Shaders/TMP_SDF-Mobile.shader
 12.7 kb	 0.0% Assets/_Game/Audio/Generated/fan_loop.wav
 12.1 kb	 0.0% Packages/com.unity.render-pipelines.universal/Shaders/Debug/HDRDebugView.shader
 11.8 kb	 0.0% Packages/com.unity.render-pipelines.core/Runtime/RenderPipelineResources/GPUDriven/InstanceWindDataUpdateKernels.compute
 11.3 kb	 0.0% Assets/TextMesh Pro/Shaders/TMP_SDF-Mobile Masking.shader
 10.7 kb	 0.0% Packages/com.unity.render-pipelines.universal/Shaders/PostProcessing/LutBuilderHdr.shader
 10.5 kb	 0.0% Assets/TextMesh Pro/Shaders/TMP_SDF-Mobile Overlay.shader
 10.3 kb	 0.0% Packages/com.unity.render-pipelines.universal/Shaders/Utils/CoreBlitColorAndDepth.shader
 8.4 kb	 0.0% Packages/com.unity.render-pipelines.core/Shaders/CoreCopy.shader
 7.6 kb	 0.0% Packages/com.unity.render-pipelines.universal/Shaders/PostProcessing/LutBuilderLdr.shader
 7.4 kb	 0.0% Packages/com.unity.render-pipelines.universal/Shaders/PostProcessing/EdgeAdaptiveSpatialUpsampling.shader
 7.2 kb	 0.0% Assets/TextMesh Pro/Shaders/TMP_Sprite.shader
 6.8 kb	 0.0% Packages/com.unity.render-pipelines.universal/Shaders/PostProcessing/ScalingSetup.shader
 6.7 kb	 0.0% Assets/_Game/Scenes/NavMesh/BunkerServerRoom.asset
 6.5 kb	 0.0% Packages/com.unity.render-pipelines.universal/Shaders/Utils/BlitFullPrecision.shader
 6.5 kb	 0.0% Packages/com.unity.render-pipelines.core/Runtime/RenderPipelineResources/GPUDriven/InstanceDataBufferCopyKernels.compute
 6.4 kb	 0.0% Assets/_Game/Audio/SFX/InterfaceSounds/Audio/error_002.ogg
 6.4 kb	 0.0% Assets/_Game/Gameplay/Player/PlayerInputActions.inputactions
 6.1 kb	 0.0% Packages/com.unity.render-pipelines.universal/Shaders/Debug/DebugReplacement.shader
 5.4 kb	 0.0% Assets/_Game/Audio/SFX/ImpactSounds/Audio/footstep_concrete_001.ogg
 5.4 kb	 0.0% Assets/_Game/Audio/SFX/ImpactSounds/Audio/footstep_concrete_002.ogg
 5.4 kb	 0.0% Assets/_Game/Audio/Generated/door_clunk.wav
 5.4 kb	 0.0% Packages/com.unity.render-pipelines.universal/Shaders/Utils/FallbackError.shader
 5.2 kb	 0.0% Assets/_Game/Audio/SFX/ImpactSounds/Audio/footstep_concrete_004.ogg
 5.0 kb	 0.0% Assets/_Game/Scenes/NavMesh/SecurityWing.asset
 5.0 kb	 0.0% Packages/com.unity.probuilder/Content/Shader/VertexPickerURP.shader
 4.9 kb	 0.0% Assets/_Game/Audio/SFX/ImpactSounds/Audio/footstep_carpet_002.ogg
 4.9 kb	 0.0% Assets/_Game/Audio/SFX/ImpactSounds/Audio/footstep_carpet_001.ogg
 4.9 kb	 0.0% Packages/com.unity.render-pipelines.universal/Shaders/Utils/CopyDepth.shader
 4.9 kb	 0.0% Assets/_Game/Audio/SFX/ImpactSounds/Audio/footstep_concrete_003.ogg
 4.9 kb	 0.0% Assets/_Game/Audio/SFX/ImpactSounds/Audio/footstep_concrete_000.ogg
 4.8 kb	 0.0% Packages/com.unity.probuilder/Content/Shader/EdgePickerURP.shader
 4.7 kb	 0.0% Packages/com.unity.probuilder/Content/Shader/VertexPicker.shader
 4.7 kb	 0.0% Assets/_Game/Audio/SFX/ImpactSounds/Audio/impactGlass_medium_003.ogg
 4.7 kb	 0.0% Assets/_Game/Audio/SFX/ImpactSounds/Audio/impactGlass_medium_001.ogg
 4.6 kb	 0.0% Assets/_Game/Audio/UI/UIAudio/Audio/click3.ogg
 4.6 kb	 0.0% Assets/_Game/Audio/SFX/ImpactSounds/Audio/impactGlass_medium_000.ogg
 4.5 kb	 0.0% Assets/_Game/Audio/SFX/ImpactSounds/Audio/footstep_carpet_004.ogg
 4.5 kb	 0.0% Assets/_Game/Audio/SFX/ImpactSounds/Audio/footstep_carpet_003.ogg
 4.4 kb	 0.0% Packages/com.unity.render-pipelines.universal/Runtime/MipGen/Shaders/ColorPyramidPS.shader
 4.4 kb	 0.0% Packages/com.unity.probuilder/Content/Shader/EdgePicker.shader
 4.4 kb	 0.0% Packages/com.unity.render-pipelines.universal/Shaders/CameraMotionVectors.shader
 4.4 kb	 0.0% Assets/_Game/Audio/SFX/ImpactSounds/Audio/impactGlass_medium_002.ogg
 4.4 kb	 0.0% Assets/_Game/Audio/SFX/ImpactSounds/Audio/footstep_carpet_000.ogg
 4.4 kb	 0.0% Assets/_Game/Scenes/NavMesh/BroadcastTower.asset
 4.3 kb	 0.0% Packages/com.unity.render-pipelines.universal/Shaders/Utils/UIBackdropFilterComposite.shader
 4.3 kb	 0.0% Packages/com.unity.render-pipelines.universal/Shaders/Utils/Sampling.shader
 4.3 kb	 0.0% Packages/com.unity.render-pipelines.universal/Shaders/PostProcessing/StopNaN.shader
 4.3 kb	 0.0% Packages/com.unity.probuilder/Content/Shader/FacePickerURP.shader
 4.3 kb	 0.0% Assets/_Game/Scenes/NavMesh/ServiceEntrance.asset
 4.2 kb	 0.0% Packages/com.unity.render-pipelines.universal/Shaders/Utils/StencilDitherMaskSeed.shader
 4.2 kb	 0.0% Assets/_Game/Audio/SFX/ImpactSounds/Audio/impactGlass_medium_004.ogg
 4.2 kb	 0.0% Packages/com.unity.render-pipelines.core/Runtime/RenderPipelineResources/GPUDriven/InstanceDataBufferUploadKernels.compute
 4.2 kb	 0.0% Assets/TextMesh Pro/Examples & Extras/Textures/Wipe Pattern - Circle.psd
 4.2 kb	 0.0% Packages/com.unity.render-pipelines.universal/Textures/BlueNoise64/L/LDR_LLL1_0.png
 4.1 kb	 0.0% Assets/_Game/Scenes/NavMesh/MansionOffice.asset
 4.1 kb	 0.0% Packages/com.unity.render-pipelines.core/Runtime/Vrs/Shaders/VrsVisualization.shader
 4.1 kb	 0.0% Assets/_Game/Audio/Generated/throw_whoosh.wav
 4.0 kb	 0.0% Assets/_Game/Audio/SFX/ImpactSounds/Audio/impactMetal_medium_002.ogg
 3.9 kb	 0.0% Assets/Settings/UniversalRenderPipelineGlobalSettings.asset
 3.9 kb	 0.0% Assets/_Game/Audio/SFX/ImpactSounds/Audio/impactTin_medium_002.ogg
 3.9 kb	 0.0% Assets/_Game/Audio/SFX/ImpactSounds/Audio/impactTin_medium_000.ogg
 3.9 kb	 0.0% Packages/com.unity.shadergraph/Editor/Resources/Shaders/FallbackError.shader
 3.9 kb	 0.0% Packages/com.unity.probuilder/Content/Shader/FacePicker.shader
 3.8 kb	 0.0% Assets/_Game/Audio/UI/UIAudio/Audio/rollover1.ogg
 3.7 kb	 0.0% Assets/_Game/Audio/SFX/ImpactSounds/Audio/impactMetal_medium_001.ogg
 3.7 kb	 0.0% Assets/TextMesh Pro/Examples & Extras/Resources/Fonts & Materials/Unity SDF - HDRP LIT - Bloom.mat
 3.7 kb	 0.0% Packages/com.unity.render-pipelines.core/Runtime/RenderPipelineResources/FallbackShader.shader
 3.7 kb	 0.0% Assets/_Game/Audio/SFX/ImpactSounds/Audio/impactMetal_medium_003.ogg
 3.6 kb	 0.0% Assets/_Game/Audio/SFX/ImpactSounds/Audio/impactTin_medium_001.ogg
 3.5 kb	 0.0% Assets/_Game/Audio/SFX/ImpactSounds/Audio/impactMetal_medium_004.ogg
 3.5 kb	 0.0% Assets/Resources/PerformanceTestRunInfo.json
 3.5 kb	 0.0% Assets/_Game/Audio/SFX/ImpactSounds/Audio/impactMetal_medium_000.ogg
 3.5 kb	 0.0% Assets/TextMesh Pro/Examples & Extras/Resources/Fonts & Materials/Roboto-Bold SDF - HDRP Unlit.mat
 3.3 kb	 0.0% Assets/_Game/Audio/SFX/ImpactSounds/Audio/impactTin_medium_003.ogg
 3.3 kb	 0.0% Packages/com.unity.render-pipelines.core/Runtime/RenderPipelineResources/GPUDriven/OcclusionCullingDebug.compute
 3.3 kb	 0.0% Assets/TextMesh Pro/Resources/Fonts & Materials/LiberationSans SDF - Fallback.asset
 3.2 kb	 0.0% Assets/_Game/Audio/SFX/ImpactSounds/Audio/impactTin_medium_004.ogg
 3.2 kb	 0.0% Assets/_Game/Audio/Generated/drip_loop.wav
 3.2 kb	 0.0% Assets/_Game/Audio/SFX/InterfaceSounds/Audio/select_004.ogg
 3.0 kb	 0.0% Packages/com.unity.probuilder/Content/Shader/HideVertices.shader
 2.9 kb	 0.0% Assets/TextMesh Pro/Examples & Extras/Resources/Fonts & Materials/Oswald Bold SDF.asset
 2.9 kb	 0.0% Assets/TextMesh Pro/Examples & Extras/Resources/Fonts & Materials/Bangers SDF.asset
 2.9 kb	 0.0% Assets/TextMesh Pro/Shaders/TMP_SDF-HDRP UNLIT.shadergraph
 2.9 kb	 0.0% Assets/TextMesh Pro/Shaders/TMP_SDF-HDRP LIT.shadergraph
 2.8 kb	 0.0% Assets/TextMesh Pro/Examples & Extras/Resources/Fonts & Materials/Electronic Highway Sign SDF.asset
 2.8 kb	 0.0% Assets/Settings/DefaultVolumeProfile.asset
 2.8 kb	 0.0% Assets/TextMesh Pro/Examples & Extras/Resources/Fonts & Materials/Roboto-Bold SDF.asset
 2.7 kb	 0.0% Assets/TextMesh Pro/Examples & Extras/Resources/Fonts & Materials/Unity SDF - HDRP LIT - Outline.mat
 2.7 kb	 0.0% Assets/TextMesh Pro/Examples & Extras/Resources/Fonts & Materials/Anton SDF.asset
 2.7 kb	 0.0% Assets/_Game/Audio/SFX/ImpactSounds/Audio/footstep_wood_003.ogg
 2.7 kb	 0.0% Assets/_Game/Audio/SFX/ImpactSounds/Audio/footstep_wood_001.ogg
 2.7 kb	 0.0% Assets/_Game/Audio/SFX/ImpactSounds/Audio/footstep_wood_000.ogg
 2.7 kb	 0.0% Packages/com.unity.render-pipelines.universal/Shaders/Utils/StencilDeferred.shader
 2.7 kb	 0.0% Assets/_Game/Audio/SFX/ImpactSounds/Audio/footstep_wood_002.ogg
 2.5 kb	 0.0% Assets/_Game/Audio/Generated/whistle.wav
 2.5 kb	 0.0% Assets/_Game/Audio/Generated/alert_sting.wav
 2.5 kb	 0.0% Assets/_Game/Audio/SFX/ImpactSounds/Audio/footstep_wood_004.ogg
 2.4 kb	 0.0% Assets/TextMesh Pro/Examples & Extras/Resources/Fonts & Materials/Roboto-Bold SDF - URP.mat
 2.3 kb	 0.0% Assets/TextMesh Pro/Resources/Style Sheets/Default Style Sheet.asset
 2.2 kb	 0.0% Assets/TextMesh Pro/Examples & Extras/Resources/Fonts & Materials/Bangers SDF Logo - URP.mat
 1.9 kb	 0.0% Assets/_Game/Audio/SFX/InterfaceSounds/Audio/confirmation_001.ogg
 1.9 kb	 0.0% Assets/TextMesh Pro/Examples & Extras/Resources/Sprite Assets/Default Sprite Asset.asset
 1.9 kb	 0.0% Assets/_Game/Audio/SFX/InterfaceSounds/Audio/back_001.ogg
 1.8 kb	 0.0% Assets/TextMesh Pro/Examples & Extras/Resources/Fonts & Materials/Bangers SDF Glow.mat
 1.8 kb	 0.0% Assets/_Game/Art/Materials/MAT_Wood_Planks.mat
 1.8 kb	 0.0% Assets/_Game/Art/Materials/MAT_Metal_Pipe.mat
 1.8 kb	 0.0% Assets/_Game/Art/Materials/MAT_Metal_Grate.mat
 1.8 kb	 0.0% Assets/_Game/Art/Materials/MAT_Metal_Dark.mat
 1.8 kb	 0.0% Assets/_Game/Art/Materials/MAT_Carpet_Rug.mat
 1.8 kb	 0.0% Assets/_Game/Art/Materials/MAT_Paving.mat
 1.8 kb	 0.0% Assets/_Game/Art/Materials/MAT_Locker.mat
 1.8 kb	 0.0% Assets/_Game/Art/Materials/MAT_Fence.mat
 1.8 kb	 0.0% Assets/_Game/Art/Materials/MAT_DeskTop.mat
 1.8 kb	 0.0% Assets/_Game/Art/Materials/MAT_Crate.mat
 1.8 kb	 0.0% Assets/_Game/Art/Materials/MAT_Carpet.mat
 1.8 kb	 0.0% Assets/_Game/Art/Materials/MAT_Wood.mat
 1.8 kb	 0.0% Assets/_Game/Art/Materials/MAT_Rust.mat
 1.8 kb	 0.0% Assets/_Game/Art/Materials/MAT_Concrete_Dark.mat
 1.8 kb	 0.0% Assets/TextMesh Pro/Examples & Extras/Resources/Fonts & Materials/LiberationSans SDF - Metalic Green.mat
 1.8 kb	 0.0% Assets/_Game/Art/Materials/MAT_Concrete.mat
 1.8 kb	 0.0% Assets/TextMesh Pro/Examples & Extras/Resources/Sprite Assets/DropCap Numbers.asset
 1.7 kb	 0.0% Assets/TextMesh Pro/Examples & Extras/Resources/Fonts & Materials/Anton SDF - Sunny Days.mat
 1.7 kb	 0.0% Assets/TextMesh Pro/Examples & Extras/Resources/Fonts & Materials/Roboto-Bold SDF - Surface.mat
 1.7 kb	 0.0% Assets/_Game/Art/Materials/MAT_WindowGlass.mat
 1.7 kb	 0.0% Assets/_Game/Art/Materials/MAT_Transition.mat
 1.7 kb	 0.0% Assets/_Game/Art/Materials/MAT_Screen_Red.mat
 1.7 kb	 0.0% Assets/_Game/Art/Materials/MAT_Gold_Frame.mat
 1.7 kb	 0.0% Assets/_Game/Art/Materials/MAT_Bulb_Warm.mat
 1.7 kb	 0.0% Assets/_Game/Art/Materials/MAT_Water.mat
 1.7 kb	 0.0% Assets/_Game/Art/Materials/MAT_Stain.mat
 1.7 kb	 0.0% Assets/_Game/Art/Materials/MAT_Screen.mat
 1.7 kb	 0.0% Assets/_Game/Art/Materials/MAT_RackLed.mat
 1.7 kb	 0.0% Assets/_Game/Art/Materials/MAT_Puddle.mat
 1.7 kb	 0.0% Assets/_Game/Art/Materials/MAT_Portrait.mat
 1.7 kb	 0.0% Assets/_Game/Art/Materials/MAT_Paper.mat
 1.7 kb	 0.0% Assets/_Game/Art/Materials/MAT_Monitor.mat
 1.7 kb	 0.0% Assets/_Game/Art/Materials/MAT_Keycard.mat
 1.7 kb	 0.0% Assets/_Game/Art/Materials/MAT_Guard.mat
 1.7 kb	 0.0% Assets/_Game/Art/Materials/MAT_Curtain.mat
 1.7 kb	 0.0% Assets/_Game/Art/Materials/MAT_Breaker.mat
 1.7 kb	 0.0% Assets/_Game/Art/Materials/MAT_Bottle.mat
 1.7 kb	 0.0% Assets/_Game/Art/Materials/MAT_Book_8.mat
 1.7 kb	 0.0% Assets/_Game/Art/Materials/MAT_Book_7.mat
 1.7 kb	 0.0% Assets/_Game/Art/Materials/MAT_Book_6.mat
 1.7 kb	 0.0% Assets/_Game/Art/Materials/MAT_Book_5.mat
 1.7 kb	 0.0% Assets/_Game/Art/Materials/MAT_Book_4.mat
 1.7 kb	 0.0% Assets/_Game/Art/Materials/MAT_Book_3.mat
 1.7 kb	 0.0% Assets/_Game/Art/Materials/MAT_Book_2.mat
 1.7 kb	 0.0% Assets/_Game/Art/Materials/MAT_Book_1.mat
 1.7 kb	 0.0% Assets/_Game/Art/Materials/MAT_Book_0.mat
 1.7 kb	 0.0% Assets/_Game/Art/Materials/MAT_Tarp.mat
 1.7 kb	 0.0% Assets/_Game/Art/Materials/MAT_Rope.mat
 1.7 kb	 0.0% Assets/_Game/Art/Materials/MAT_Bulb.mat
 1.7 kb	 0.0% Assets/TextMesh Pro/Examples & Extras/Resources/Fonts & Materials/LiberationSans SDF - Soft Mask.mat
 1.7 kb	 0.0% Assets/TextMesh Pro/Examples & Extras/Resources/Fonts & Materials/Bangers SDF Logo.mat
 1.6 kb	 0.0% Assets/TextMesh Pro/Resources/Fonts & Materials/LiberationSans SDF - Drop Shadow.mat
 1.6 kb	 0.0% Assets/TextMesh Pro/Examples & Extras/Resources/Fonts & Materials/Bangers SDF - Drop Shadow - 2 Pass.mat
 1.6 kb	 0.0% Assets/TextMesh Pro/Examples & Extras/Resources/Fonts & Materials/Bangers SDF - Drop Shadow.mat
 1.6 kb	 0.0% Assets/TextMesh Pro/Examples & Extras/Resources/Fonts & Materials/Bangers SDF - Outline.mat
 1.6 kb	 0.0% Assets/TextMesh Pro/Examples & Extras/Resources/Fonts & Materials/Roboto-Bold SDF - Drop Shadow.mat
 1.6 kb	 0.0% Assets/TextMesh Pro/Examples & Extras/Resources/Fonts & Materials/Anton SDF - Drop Shadow.mat
 1.6 kb	 0.0% Assets/TextMesh Pro/Resources/Fonts & Materials/LiberationSans SDF - Outline.mat
 1.6 kb	 0.0% Assets/TextMesh Pro/Examples & Extras/Resources/Fonts & Materials/Anton SDF - Outline.mat
 1.5 kb	 0.0% Packages/com.unity.render-pipelines.universal/Shaders/Utils/ClusterDeferred.shader
 1.3 kb	 0.0% Assets/_Game/Audio/Generated/camera_hum.wav
 1.2 kb	 0.0% Assets/_Game/Art/Materials/MAT_Rain.mat
 1.2 kb	 0.0% Assets/_Game/Resources/Definitions/Terminals/TRM_security_hub_terminal.asset
 1.2 kb	 0.0% Packages/com.unity.render-pipelines.universal/Textures/SMAA/SearchTex.tga
 1.1 kb	 0.0% Assets/_Game/Scenes/MainMenu.unity
 0.9 kb	 0.0% Assets/TextMesh Pro/Examples & Extras/Resources/Fonts & Materials/LiberationSans SDF - Overlay.mat
 0.9 kb	 0.0% Assets/_Game/Prefabs/Gameplay/Lure.prefab
 0.8 kb	 0.0% Assets/_Game/Resources/Definitions/Terminals/TRM_service_terminal.asset
 0.7 kb	 0.0% Assets/_Game/Resources/Definitions/Terminals/TRM_bunker_terminal.asset
 0.7 kb	 0.0% Assets/_Game/Resources/Definitions/Terminals/TRM_office_terminal.asset
 0.6 kb	 0.0% Packages/com.unity.render-pipelines.universal/Runtime/Data/PostProcessData.asset
 0.6 kb	 0.0% Assets/_Game/Art/Materials/MAT_VisionCone.mat
 0.6 kb	 0.0% Assets/_Game/Scenes/Bootstrap.unity
 0.5 kb	 0.0% Assets/_Game/Resources/ClipLibrary.asset
 0.5 kb	 0.0% Packages/com.unity.render-pipelines.universal/Shaders/XR/XRMirrorView.shader
 0.5 kb	 0.0% Packages/com.unity.render-pipelines.universal/Shaders/PostProcessing/BokehDepthOfField.shader
 0.5 kb	 0.0% Packages/com.unity.render-pipelines.universal/Shaders/Utils/BlitHDROverlay.shader
 0.4 kb	 0.0% Assets/Settings/PC_RPAsset.asset
 0.4 kb	 0.0% Packages/com.unity.render-pipelines.universal/Runtime/Decal/DBuffer/DBufferClear.shader
 0.4 kb	 0.0% Built-in Sprite: 
 0.4 kb	 0.0% Packages/com.unity.render-pipelines.universal/Shaders/PostProcessing/PaniniProjection.shader
 0.4 kb	 0.0% Packages/com.unity.render-pipelines.universal/Shaders/PostProcessing/GaussianDepthOfField.shader
 0.4 kb	 0.0% Packages/com.unity.render-pipelines.universal/Shaders/PostProcessing/CameraMotionBlur.shader
 0.4 kb	 0.0% Assets/_Game/Resources/Definitions/Documents/DOC_doc_broadcast_script.asset
 0.4 kb	 0.0% Packages/com.unity.render-pipelines.universal/Textures/BlueNoise16/L/LDR_LLL1_9.png
 0.4 kb	 0.0% Packages/com.unity.render-pipelines.universal/Textures/BlueNoise16/L/LDR_LLL1_8.png
 0.4 kb	 0.0% Packages/com.unity.render-pipelines.universal/Textures/BlueNoise16/L/LDR_LLL1_7.png
 0.4 kb	 0.0% Packages/com.unity.render-pipelines.universal/Textures/BlueNoise16/L/LDR_LLL1_6.png
 0.4 kb	 0.0% Packages/com.unity.render-pipelines.universal/Textures/BlueNoise16/L/LDR_LLL1_5.png
 0.4 kb	 0.0% Packages/com.unity.render-pipelines.universal/Textures/BlueNoise16/L/LDR_LLL1_4.png
 0.4 kb	 0.0% Packages/com.unity.render-pipelines.universal/Textures/BlueNoise16/L/LDR_LLL1_31.png
 0.4 kb	 0.0% Packages/com.unity.render-pipelines.universal/Textures/BlueNoise16/L/LDR_LLL1_30.png
 0.4 kb	 0.0% Packages/com.unity.render-pipelines.universal/Textures/BlueNoise16/L/LDR_LLL1_3.png
 0.4 kb	 0.0% Packages/com.unity.render-pipelines.universal/Textures/BlueNoise16/L/LDR_LLL1_29.png
 0.4 kb	 0.0% Packages/com.unity.render-pipelines.universal/Textures/BlueNoise16/L/LDR_LLL1_28.png
 0.4 kb	 0.0% Packages/com.unity.render-pipelines.universal/Textures/BlueNoise16/L/LDR_LLL1_27.png
 0.4 kb	 0.0% Packages/com.unity.render-pipelines.universal/Textures/BlueNoise16/L/LDR_LLL1_26.png
 0.4 kb	 0.0% Packages/com.unity.render-pipelines.universal/Textures/BlueNoise16/L/LDR_LLL1_25.png
 0.4 kb	 0.0% Packages/com.unity.render-pipelines.universal/Textures/BlueNoise16/L/LDR_LLL1_24.png
 0.4 kb	 0.0% Packages/com.unity.render-pipelines.universal/Textures/BlueNoise16/L/LDR_LLL1_23.png
 0.4 kb	 0.0% Packages/com.unity.render-pipelines.universal/Textures/BlueNoise16/L/LDR_LLL1_22.png
 0.4 kb	 0.0% Packages/com.unity.render-pipelines.universal/Textures/BlueNoise16/L/LDR_LLL1_21.png
 0.4 kb	 0.0% Packages/com.unity.render-pipelines.universal/Textures/BlueNoise16/L/LDR_LLL1_20.png
 0.4 kb	 0.0% Packages/com.unity.render-pipelines.universal/Textures/BlueNoise16/L/LDR_LLL1_2.png
 0.4 kb	 0.0% Packages/com.unity.render-pipelines.universal/Textures/BlueNoise16/L/LDR_LLL1_19.png
 0.4 kb	 0.0% Packages/com.unity.render-pipelines.universal/Textures/BlueNoise16/L/LDR_LLL1_18.png
 0.4 kb	 0.0% Packages/com.unity.render-pipelines.universal/Textures/BlueNoise16/L/LDR_LLL1_17.png
 0.4 kb	 0.0% Packages/com.unity.render-pipelines.universal/Textures/BlueNoise16/L/LDR_LLL1_16.png
 0.4 kb	 0.0% Packages/com.unity.render-pipelines.universal/Textures/BlueNoise16/L/LDR_LLL1_15.png
 0.4 kb	 0.0% Packages/com.unity.render-pipelines.universal/Textures/BlueNoise16/L/LDR_LLL1_14.png
 0.4 kb	 0.0% Packages/com.unity.render-pipelines.universal/Textures/BlueNoise16/L/LDR_LLL1_13.png
 0.4 kb	 0.0% Packages/com.unity.render-pipelines.universal/Textures/BlueNoise16/L/LDR_LLL1_12.png
 0.4 kb	 0.0% Packages/com.unity.render-pipelines.universal/Textures/BlueNoise16/L/LDR_LLL1_11.png
 0.4 kb	 0.0% Packages/com.unity.render-pipelines.universal/Textures/BlueNoise16/L/LDR_LLL1_10.png
 0.4 kb	 0.0% Packages/com.unity.render-pipelines.universal/Textures/BlueNoise16/L/LDR_LLL1_1.png
 0.4 kb	 0.0% Packages/com.unity.render-pipelines.universal/Textures/BlueNoise16/L/LDR_LLL1_0.png
 0.4 kb	 0.0% Assets/_Game/Resources/Definitions/Documents/DOC_doc_incident_report.asset
 0.4 kb	 0.0% Packages/com.unity.render-pipelines.universal/Shaders/XR/XROcclusionMesh.shader
 0.4 kb	 0.0% Assets/Settings/PC_Renderer.asset
 0.4 kb	 0.0% Packages/com.unity.render-pipelines.universal/Shaders/XR/XRMotionVector.shader
 0.3 kb	 0.0% Assets/_Game/Resources/Definitions/Documents/DOC_doc_guest_log.asset
 0.3 kb	 0.0% Assets/TextMesh Pro/Examples & Extras/Textures/Gradient Horizontal (Color).jpg
 0.3 kb	 0.0% Assets/TextMesh Pro/Examples & Extras/Textures/Gradient Diagonal (Color).jpg
 0.3 kb	 0.0% Assets/_Game/Resources/Definitions/Endings/END_ending_secret.asset
 0.3 kb	 0.0% Assets/_Game/Resources/Definitions/Documents/DOC_doc_public_statement.asset
 0.3 kb	 0.0% Assets/_Game/Resources/Definitions/Insights/INS_wing_buried_incident.asset
 0.3 kb	 0.0% Assets/TextMesh Pro/Resources/LineBreaking Following Characters.txt
 0.3 kb	 0.0% Assets/_Game/Resources/Definitions/Evidence/EVD_broadcast_script_001.asset
 0.3 kb	 0.0% Assets/_Game/Resources/Definitions/Insights/INS_vault_logs_scrubbed.asset
 0.3 kb	 0.0% Assets/_Game/Resources/Definitions/Documents/DOC_doc_access_log.asset
 0.3 kb	 0.0% Assets/TextMesh Pro/Resources/TMP Settings.asset
 0.3 kb	 0.0% Assets/_Game/Resources/Definitions/Evidence/EVD_incident_report_001.asset
 0.3 kb	 0.0% Assets/_Game/Resources/Definitions/Endings/END_ending_best.asset
 0.3 kb	 0.0% Assets/_Game/Resources/Definitions/Documents/DOC_doc_ledger.asset
 0.3 kb	 0.0% Packages/com.unity.render-pipelines.core/Runtime/RenderPipelineResources/GPUDriven/DebugOcclusionTest.shader
 0.3 kb	 0.0% Assets/_Game/Resources/Definitions/Documents/DOC_doc_manifest.asset
 0.3 kb	 0.0% Packages/com.unity.render-pipelines.core/Runtime/RenderPipelineResources/GPUDriven/DebugOccluder.shader
 0.3 kb	 0.0% Packages/com.unity.probuilder/Content/Resources/Materials/ProBuilderDefault.mat
 0.3 kb	 0.0% Assets/_Game/Resources/Definitions/StealthTuning.asset
 0.3 kb	 0.0% Assets/_Game/Resources/Definitions/Evidence/EVD_vault_keylog_001.asset
 0.3 kb	 0.0% Assets/_Game/Resources/Definitions/Endings/END_ending_partial.asset
 0.3 kb	 0.0% Assets/_Game/Art/Materials/MAT_Skybox_Night.mat
 0.3 kb	 0.0% Assets/_Game/Resources/Definitions/Documents/DOC_doc_security_memo.asset
 0.3 kb	 0.0% Assets/_Game/Resources/Definitions/Insights/INS_travel_pattern_confirmed.asset
 0.3 kb	 0.0% Assets/_Game/Resources/Definitions/Insights/INS_private_security_coverup.asset
 0.2 kb	 0.0% Assets/_Game/Resources/Definitions/Evidence/EVD_public_statement_001.asset
 0.2 kb	 0.0% Assets/_Game/Resources/Definitions/Objectives/OBJ_corroborate_story.asset
 0.2 kb	 0.0% Assets/_Game/Resources/Definitions/Evidence/EVD_transport_manifest_001.asset
 0.2 kb	 0.0% Assets/_Game/Resources/Definitions/Endings/END_ending_bad.asset
 0.2 kb	 0.0% Assets/_Game/Resources/Definitions/Insights/INS_server_archive_authentic.asset
 0.2 kb	 0.0% Assets/_Game/Resources/Definitions/Evidence/EVD_server_archive_001.asset
 0.2 kb	 0.0% Assets/_Game/Resources/Definitions/Evidence/EVD_guest_log_001.asset
 0.2 kb	 0.0% Assets/_Game/Resources/Definitions/Evidence/EVD_access_log_001.asset
 0.2 kb	 0.0% Packages/com.unity.render-pipelines.core/Runtime-PrivateShared/InternalBridge/RenderPipelineEditorUtilityBridge.cs
 0.2 kb	 0.0% Assets/_Game/Resources/Definitions/Objectives/OBJ_download_archive.asset
 0.2 kb	 0.0% Assets/_Game/Resources/Definitions/Evidence/EVD_keycard_staff.asset
 0.2 kb	 0.0% Assets/_Game/Resources/Definitions/Objectives/OBJ_route_broadcast.asset
 0.2 kb	 0.0% Assets/_Game/Resources/Definitions/Evidence/EVD_security_memo_001.asset
 0.2 kb	 0.0% Assets/_Game/Resources/Definitions/Evidence/EVD_ledger_page_001.asset
 0.2 kb	 0.0% Packages/com.unity.render-pipelines.core/Runtime-PrivateShared/InternalRenderPipelineGlobalSettingsUtils.cs
 0.2 kb	 0.0% Assets/_Game/Resources/Definitions/Objectives/OBJ_unlock_service_door.asset
 0.2 kb	 0.0% Assets/_Game/Resources/Definitions/Objectives/OBJ_find_keycard.asset
 0.2 kb	 0.0% Assets/_Game/Resources/Definitions/Evidence/EVD_broadcast_key_001.asset
 0.2 kb	 0.0% Packages/com.unity.render-pipelines.universal/Runtime/Debug/UniversalRenderPipelineVolumeDebugSettings.deprecated.cs
 0.2 kb	 0.0% Packages/com.unity.collections/Unity.Collections.Tests/Jobs/CoreCLRTestAssemblies/PublicJobPrivateGeneric/PublicJobPrivateGenericTestJob.cs
 0.2 kb	 0.0% Assets/_Game/Resources/Definitions/Objectives/OBJ_search_office.asset
 0.2 kb	 0.0% Assets/_Game/Resources/Definitions/Objectives/OBJ_broadcast_truth.asset
 0.2 kb	 0.0% Assets/_Game/Resources/Definitions/Documents/DOC_doc_archive_code.asset
 0.2 kb	 0.0% Packages/com.unity.probuilder/Content/Resources/com.unity.probuilder/Materials/VertexPickerURP.mat
 0.2 kb	 0.0% Packages/com.unity.probuilder/Content/Resources/com.unity.probuilder/Materials/FacePickerURP.mat
 0.2 kb	 0.0% Packages/com.unity.probuilder/Content/Resources/com.unity.probuilder/Materials/EdgePickerURP.mat
 0.2 kb	 0.0% Packages/com.unity.probuilder/Content/Resources/Materials/Collider.mat
 0.2 kb	 0.0% Packages/com.unity.behavior/Authoring/GenerativeAI/WebApi/Model/ResponseGetConversationV1MuseConversationConversationIdGet.cs
 0.2 kb	 0.0% Assets/_Game/Resources/Definitions/Objectives/OBJ_reach_bunker.asset
 0.2 kb	 0.0% Assets/_Game/Resources/Definitions/Objectives/OBJ_reach_tower.asset
 0.2 kb	 0.0% Packages/com.unity.render-pipelines.universal/Runtime/RenderPipelineResources/UniversalRenderPipelineRuntimeXRResources.cs
 0.2 kb	 0.0% Packages/com.unity.render-pipelines.universal/Runtime/RenderPipelineResources/UniversalRenderPipelineRuntimeTerrainShaders.cs
 0.2 kb	 0.0% Packages/com.unity.render-pipelines.universal/Runtime/RenderPipelineResources/UniversalRenderPipelineFilmGrainResources.cs
 0.2 kb	 0.0% Packages/com.unity.render-pipelines.universal/Runtime/Debug/UniversalRenderPipelineVolumeDebugSettings.cs
 0.2 kb	 0.0% Packages/com.unity.render-pipelines.universal/Runtime/Debug/UniversalRenderPipelineDebugDisplaySettings.cs
 0.2 kb	 0.0% Packages/com.unity.collections/Unity.Collections.Tests/Jobs/CoreCLRTestAssemblies/ProtectedJobNested/NestedProtectedJobTestJob.cs
 0.2 kb	 0.0% Packages/com.unity.collections/Unity.Collections.Tests/Jobs/CoreCLRTestAssemblies/InternalJobNestedPrivate/InternalJobNestedPrivate.cs
 0.2 kb	 0.0% Packages/com.unity.behavior/Authoring/GenerativeAI/WebApi/Model/ResponseGetConversationMuseConversationConversationIdGet.cs
 0.2 kb	 0.0% Packages/com.unity.render-pipelines.core/Runtime/RenderGraph/RenderGraphResourceAccelerationStructure.cs
 0.2 kb	 0.0% Assets/_Game/Resources/Definitions/Objectives/OBJ_infiltrate_service.asset
 0.2 kb	 0.0% Packages/com.unity.services.authentication/Player Accounts/Runtime/PlayerAccountsPackageInitializer.cs
 0.2 kb	 0.0% Packages/com.unity.services.authentication/Player Accounts/Runtime/Exceptions/PlayerAccountsExceptionHandler.cs
 0.2 kb	 0.0% Packages/com.unity.render-pipelines.universal/Runtime/UniversalRenderPipelineGlobalSettings.cs
 0.2 kb	 0.0% Packages/com.unity.render-pipelines.universal/Runtime/RendererFeatures/ScreenSpaceReflectionRendererFeature/ScreenSpaceReflectionPersistentResources.cs
 0.2 kb	 0.0% Packages/com.unity.render-pipelines.universal/Runtime/RenderPipelineResources/UniversalRenderPipelineRuntimeTextures.cs
 0.2 kb	 0.0% Packages/com.unity.render-pipelines.universal/Runtime/RenderPipelineResources/UniversalRenderPipelineRuntimeShaders.cs
 0.2 kb	 0.0% Packages/com.unity.render-pipelines.universal/Runtime/RenderPipelineResources/UniversalRenderPipelineEditorMaterials.cs
 0.2 kb	 0.0% Packages/com.unity.render-pipelines.universal/Runtime/Debug/UniversalRenderPipelineDebugDisplayStats.cs
 0.2 kb	 0.0% Packages/com.unity.render-pipelines.core/Runtime-PrivateShared/InternalRenderGraphValidation.cs
 0.2 kb	 0.0% Packages/com.unity.probuilder/Content/Resources/Materials/Trigger.mat
 0.2 kb	 0.0% Packages/com.unity.render-pipelines.universal/Runtime/2D/Shadows/Providers/ShadowShape2DProvider_SpriteRenderer.cs
 0.2 kb	 0.0% Packages/com.unity.render-pipelines.core/Runtime/Stripping/RenderPipelineGraphicsSettingsStripperFetcher.cs
 0.2 kb	 0.0% Packages/com.unity.render-pipelines.core/Runtime/RenderGraph/IRenderGraphEnabledRenderPipeline.cs
 0.2 kb	 0.0% Packages/com.unity.render-pipelines.core/Runtime/RenderGraph/Compiler/NativePassCompiler.Markers.cs
 0.2 kb	 0.0% Packages/com.unity.collections/Unity.Collections.Tests/Jobs/CoreCLRTestAssemblies/PrivateJobNested/NestedPrivateJobTestJob.cs
 0.2 kb	 0.0% Packages/com.unity.services.core/Runtime/Configuration/StreamingAssetsConfigurationLoader.cs
 0.2 kb	 0.0% Packages/com.unity.services.authentication/Runtime/AuthenticationServiceInternal.UsernamePassword.cs
 0.2 kb	 0.0% Packages/com.unity.services.authentication/Runtime/AuthenticationServiceInternal.RestrictedToken.cs
 0.2 kb	 0.0% Packages/com.unity.services.authentication/Player Accounts/Runtime/UnityPlayerAccountSettings.cs
 0.2 kb	 0.0% Packages/com.unity.services.authentication/Player Accounts/Runtime/PlayerAccountServiceInternal.cs
 0.2 kb	 0.0% Packages/com.unity.services.authentication/Player Accounts/Runtime/Models/PlayerAccountsErrorResponse.cs
 0.2 kb	 0.0% Packages/com.unity.render-pipelines.universal/Runtime/RenderPipelineResources/UniversalRenderPipelineEditorShaders.cs
 0.2 kb	 0.0% Packages/com.unity.render-pipelines.universal/Runtime/RenderPipelineResources/UniversalRenderPipelineEditorAssets.cs
 0.2 kb	 0.0% Packages/com.unity.render-pipelines.universal/Runtime/RenderPipelineResources/UniversalRenderPipelineDebugShaders.cs
 0.2 kb	 0.0% Packages/com.unity.render-pipelines.universal/Runtime/Passes/PostProcess/TemporalAntiAliasingPostProcessPass.cs
 0.2 kb	 0.0% Packages/com.unity.render-pipelines.universal/Runtime/Passes/PostProcess/LensFlareScreenSpacePostProcessPass.cs
 0.2 kb	 0.0% Packages/com.unity.render-pipelines.universal/Runtime/Passes/PostProcess/LensFlareDataDrivenPostProcessPass.cs
 0.2 kb	 0.0% Packages/com.unity.render-pipelines.universal/Runtime/Passes/PostProcess/DepthOfFieldGaussianPostProcessPass.cs
 0.2 kb	 0.0% Packages/com.unity.render-pipelines.universal/Runtime/Passes/AdditionalLightsShadowCasterPass.cs
 0.2 kb	 0.0% Packages/com.unity.render-pipelines.universal/Runtime/Passes/AdditionalLightsShadowAtlasLayout.cs
 0.2 kb	 0.0% Packages/com.unity.render-pipelines.universal/Runtime/2D/Profiler/MeshRenderFrameData.cs
 0.2 kb	 0.0% Packages/com.unity.render-pipelines.core/Runtime/Stripping/RenderPipelineGraphicsSettingsStripperReport.cs
 0.2 kb	 0.0% Packages/com.unity.render-pipelines.core/Runtime/RenderGraph/Compiler/NativePassCompiler.Debug.cs
 0.2 kb	 0.0% Packages/com.unity.render-pipelines.core/Runtime/GPUDriven/Culling/OcclusionCullingCommonShaderVariables.cs
 0.2 kb	 0.0% Packages/com.unity.render-pipelines.core/Runtime/GPUDriven/Culling/InstanceOcclusionCullerShaderVariables.cs
 0.2 kb	 0.0% Packages/com.unity.visualscripting/Runtime/VisualScripting.Core/Listeners/UI/UnityOnScrollbarValueChangedMessageListener.cs
 0.2 kb	 0.0% Packages/com.unity.visualscripting/Runtime/VisualScripting.Core/Listeners/UI/UnityOnScrollRectValueChangedMessageListener.cs
 0.2 kb	 0.0% Packages/com.unity.visualscripting/Runtime/VisualScripting.Core/Listeners/UI/UnityOnInputFieldValueChangedMessageListener.cs
 0.2 kb	 0.0% Packages/com.unity.visualscripting/Runtime/VisualScripting.Core/Listeners/UI/UnityOnDropdownValueChangedMessageListener.cs
 0.2 kb	 0.0% Packages/com.unity.visualscripting/Runtime/VisualScripting.Core/Listeners/MonoBehaviour/UnityOnTransformChildrenChangedMListener.cs
 0.2 kb	 0.0% Packages/com.unity.visualscripting/Runtime/VisualScripting.Core/Listeners/MonoBehaviour/UnityOnControllerColliderHitMessageListener.cs
 0.2 kb	 0.0% Packages/com.unity.services.authentication/Runtime/AuthenticationServiceInternal.PlayerNames.cs
 0.2 kb	 0.0% Packages/com.unity.services.authentication/Runtime/AuthenticationServiceInternal.Notification.cs
 0.2 kb	 0.0% Packages/com.unity.render-pipelines.universal/Runtime/2D/Shadows/Providers/ShadowShape2DProvider_Collider.cs
 0.2 kb	 0.0% Packages/com.unity.render-pipelines.universal/Runtime/2D/CinemachineUniversalPixelPerfect.cs
 0.2 kb	 0.0% Packages/com.unity.render-pipelines.core/Runtime/Stripping/RenderPipelineGraphicsSettingsStripper.cs
 0.2 kb	 0.0% Packages/com.unity.render-pipelines.core/Runtime/RenderPipeline/RenderPipelineGraphicsSettingsContainer.cs
 0.2 kb	 0.0% Packages/com.unity.render-pipelines.core/Runtime/RenderGraph/Compiler/NativePassCompiler.cs
 0.2 kb	 0.0% Packages/com.unity.render-pipelines.core/Runtime/RenderGraph/Compiler/CompilerContextData.cs
 0.2 kb	 0.0% Packages/com.unity.render-pipelines.core/Runtime/Common/IVirtualTexturingEnabledRenderPipeline.cs
 0.2 kb	 0.0% Packages/com.unity.visualscripting/Runtime/VisualScripting.Core/Listeners/MonoBehaviour/UnityOnTransformParentChangedMListener.cs
 0.2 kb	 0.0% Packages/com.unity.visualscripting/Runtime/VisualScripting.Core/Dependencies/AssemblyQualifiedNameParser/ParsedAssemblyQualifiedName.cs
 0.2 kb	 0.0% Packages/com.unity.services.core/Runtime/Configuration/SerializableProjectConfiguration.cs
 0.2 kb	 0.0% Packages/com.unity.services.core/Runtime/Configuration/ConfigurationCollectionHelper.cs
 0.2 kb	 0.0% Packages/com.unity.services.authentication/Runtime/Models/RestrictedTokenOptionsExtensions.cs
 0.2 kb	 0.0% Packages/com.unity.services.authentication/Runtime/AuthenticationServiceInternal.External.cs
 0.2 kb	 0.0% Packages/com.unity.services.authentication/Runtime/AuthenticationServiceInternal.CodeLink.cs
 0.2 kb	 0.0% Packages/com.unity.services.authentication/Player Accounts/Runtime/Utilities/Network/INetworkConfiguration.cs
 0.2 kb	 0.0% Packages/com.unity.services.authentication/Player Accounts/Runtime/Utilities/CodeChallengeGenerator.cs
 0.2 kb	 0.0% Packages/com.unity.services.authentication/Player Accounts/Runtime/Utilities/Browser/StandaloneBrowserUtils.cs
 0.2 kb	 0.0% Packages/com.unity.services.authentication/Player Accounts/Runtime/IPlayerAccountService.cs
 0.2 kb	 0.0% Packages/com.unity.services.authentication/Player Accounts/Runtime/Exceptions/PlayerAccountsException.cs
 0.2 kb	 0.0% Packages/com.unity.services.authentication/Player Accounts/Runtime/Exceptions/PlayerAccountsErrorCodes.cs
 0.2 kb	 0.0% Packages/com.unity.render-pipelines.universal/Textures/BayerMatrix.png
 0.2 kb	 0.0% Packages/com.unity.render-pipelines.universal/Runtime/VolumeRequiresRendererFeatures.cs
 0.2 kb	 0.0% Packages/com.unity.render-pipelines.universal/Runtime/UniversalAdditionalCameraData.cs
 0.2 kb	 0.0% Packages/com.unity.render-pipelines.universal/Runtime/Settings/URPDefaultVolumeProfileSetting.cs
 0.2 kb	 0.0% Packages/com.unity.render-pipelines.universal/Runtime/RendererFeatures/FullScreenPassRendererFeature.cs
 0.2 kb	 0.0% Packages/com.unity.render-pipelines.universal/Runtime/RendererFeatures/DisallowMultipleRendererFeature.cs
 0.2 kb	 0.0% Packages/com.unity.render-pipelines.universal/Runtime/Passes/PostProcess/PaniniProjectionPostProcessPass.cs
 0.2 kb	 0.0% Packages/com.unity.render-pipelines.universal/Runtime/Passes/MainLightShadowCasterPass.cs
 0.2 kb	 0.0% Packages/com.unity.render-pipelines.universal/Runtime/Passes/InvokeOnRenderObjectCallbackPass.cs
 0.2 kb	 0.0% Packages/com.unity.render-pipelines.universal/Runtime/MipGen/MipGenRenderPipelineRuntimeResources.cs
 0.2 kb	 0.0% Packages/com.unity.render-pipelines.universal/Runtime/History/BeforeTransparentsColorHistory.cs
 0.2 kb	 0.0% Packages/com.unity.render-pipelines.universal/Runtime/Decal/Entities/DecalUpdateCullingGroupSystem.cs
 0.2 kb	 0.0% Packages/com.unity.render-pipelines.universal/Runtime/Debug/DebugDisplaySettingsRendering.cs
 0.2 kb	 0.0% Packages/com.unity.render-pipelines.core/Runtime/UnifiedRayTracing/Hardware/HardwareRayTracingAccelStruct.cs
 0.2 kb	 0.0% Packages/com.unity.render-pipelines.core/Runtime/RenderGraph/RenderGraphUtilsResources.cs
 0.2 kb	 0.0% Packages/com.unity.render-pipelines.core/Runtime/Lighting/ProbeVolume/ProbeReferenceVolume.ReflProbeNormalization.cs
 0.2 kb	 0.0% Packages/com.unity.render-pipelines.core/Runtime/GPUDriven/Culling/OcclusionCullingDebugShaderVariables.cs
 0.2 kb	 0.0% Packages/com.unity.render-pipelines.core/Runtime-PrivateShared/OnTileValidationLayer.cs
 0.2 kb	 0.0% Assets/_Game/Resources/Definitions/Objectives/OBJ_reach_compound.asset
 0.2 kb	 0.0% Assets/_Game/Resources/Definitions/Objectives/OBJ_find_ledger.asset
 0.2 kb	 0.0% Packages/com.unity.visualscripting/Runtime/VisualScripting.Core/Listeners/UI/UnityOnToggleValueChangedMessageListener.cs
 0.2 kb	 0.0% Packages/com.unity.visualscripting/Runtime/VisualScripting.Core/Listeners/UI/UnityOnSliderValueChangedMessageListener.cs
 0.2 kb	 0.0% Packages/com.unity.visualscripting/Runtime/VisualScripting.Core/Listeners/UI/UnityOnInputFieldEndEditMessageListener.cs
 0.2 kb	 0.0% Packages/com.unity.visualscripting/Runtime/VisualScripting.Core/Listeners/MonoBehaviour/UnityOnParticleCollisionMessageListener.cs
 0.2 kb	 0.0% Packages/com.unity.visualscripting/Runtime/VisualScripting.Core/Listeners/MonoBehaviour/UnityOnMouseUpAsButtonMessageListener.cs
 0.2 kb	 0.0% Packages/com.unity.visualscripting/Runtime/VisualScripting.Core/Listeners/MonoBehaviour/UnityOnCollisionStay2DMessageListener.cs
 0.2 kb	 0.0% Packages/com.unity.visualscripting/Runtime/VisualScripting.Core/Listeners/MonoBehaviour/UnityOnCollisionExit2DMessageListener.cs
 0.2 kb	 0.0% Packages/com.unity.visualscripting/Runtime/VisualScripting.Core/Listeners/MonoBehaviour/UnityOnCollisionEnter2DMessageListener.cs
 0.2 kb	 0.0% Packages/com.unity.visualscripting/Runtime/VisualScripting.Core/Listeners/MonoBehaviour/UnityOnBecameInvisibleMessageListener.cs
 0.2 kb	 0.0% Packages/com.unity.services.core/Runtime/Core.Internal/Components/Telemetry/IDiagnosticsComponentProvider.cs
 0.2 kb	 0.0% Packages/com.unity.services.core/Runtime/Core.Internal/Components/Analytics/IAnalyticsStandardEventComponent.cs
 0.2 kb	 0.0% Packages/com.unity.services.authentication/Runtime/AuthenticationServiceInternal.BYOI.cs
 0.2 kb	 0.0% Packages/com.unity.render-pipelines.universal/Runtime/UniversalRenderPipelineRenderGraph.cs
 0.2 kb	 0.0% Packages/com.unity.render-pipelines.universal/Runtime/Passes/PostProcess/DepthOfFieldBokehProcessPass.cs
 0.2 kb	 0.0% Packages/com.unity.render-pipelines.universal/Runtime/2D/Sources/Shadow2DSource_ShapeEditor.cs
 0.2 kb	 0.0% Packages/com.unity.render-pipelines.universal/Runtime/2D/Shadows/ShadowCasterGroup2DManager.cs
 0.2 kb	 0.0% Packages/com.unity.render-pipelines.universal/Runtime/2D/Rendergraph/CopyCameraSortingLayerPass.cs
 0.2 kb	 0.0% Packages/com.unity.render-pipelines.universal/Runtime/2D/RendererFeatures/ScriptableRendererFeature2D.cs
 0.2 kb	 0.0% Packages/com.unity.render-pipelines.universal/Runtime/2D/PixelPerfectCameraInternal.cs
 0.2 kb	 0.0% Packages/com.unity.render-pipelines.core/Runtime/Vrs/VrsRenderPipelineRuntimeResources.cs
 0.2 kb	 0.0% Packages/com.unity.render-pipelines.core/Runtime/Settings/RenderingDebuggerRuntimeResources.cs
 0.2 kb	 0.0% Packages/com.unity.render-pipelines.core/Runtime/RenderPipeline/RenderPipelineGlobalSettingsUtils.cs
 0.2 kb	 0.0% Packages/com.unity.render-pipelines.core/Runtime/RenderGraph/RenderGraphValidationLayer.cs
 0.2 kb	 0.0% Packages/com.unity.render-pipelines.core/Runtime/RenderGraph/RenderGraphResourceRegistry.cs
 0.2 kb	 0.0% Packages/com.unity.render-pipelines.core/Runtime/RenderGraph/RenderGraphProfilerMarkers.cs
 0.2 kb	 0.0% Packages/com.unity.render-pipelines.core/Runtime/RenderGraph/RenderGraphDefaultResources.cs
 0.2 kb	 0.0% Packages/com.unity.render-pipelines.core/Runtime/RenderGraph/Compiler/ResourcesData.cs
 0.2 kb	 0.0% Packages/com.unity.render-pipelines.core/Runtime/Lighting/ProbeVolume/ProbeVolumeConstantRuntimeResources.cs
 0.2 kb	 0.0% Packages/com.unity.render-pipelines.core/Runtime/Lighting/ProbeVolume/ProbeVolumeBakingSetWeakReference.cs
 0.2 kb	 0.0% Packages/com.unity.render-pipelines.core/Runtime/Lighting/ProbeVolume/IProbeVolumeEnabledRenderPipeline.cs
 0.2 kb	 0.0% Packages/com.unity.entities/Unity.Entities.Hybrid.HybridComponents/CompanionComponentSupportedTypes.cs
 0.2 kb	 0.0% Packages/com.unity.visualscripting/Runtime/VisualScripting.Core/Dependencies/FullSerializer/Converters/Unity/GUIStyleState_DirectConverter.cs
 0.2 kb	 0.0% Packages/com.unity.visualscripting/Runtime/VisualScripting.Core/Dependencies/FullSerializer/Converters/Unity/AnimationCurve_DirectConverter.cs
 0.2 kb	 0.0% Packages/com.unity.services.core/Runtime/Telemetry/Diagnotstics/DisabledDiagnosticsFactory.cs
 0.2 kb	 0.0% Packages/com.unity.services.core/Runtime/Scheduler/ScheduledInvocationComparer.cs
 0.2 kb	 0.0% Packages/com.unity.services.core/Runtime/Environments/EnvironmentsOptionsExtensions.cs
 0.2 kb	 0.0% Packages/com.unity.services.core/Runtime/Core.Internal/Registry/DependencyTreeInitializeOrderSorter.cs
 0.2 kb	 0.0% Packages/com.unity.services.core/Runtime/Configuration/MemoryConfigurationLoader.cs
 0.2 kb	 0.0% Packages/com.unity.services.authentication/Runtime/Network/AuthenticationWebRequestUtils.cs
 0.2 kb	 0.0% Packages/com.unity.services.authentication/Runtime/Models/Requests/SignInWithExternalTokenRequest.cs
 0.2 kb	 0.0% Packages/com.unity.services.authentication/Runtime/Models/Requests/GameCenter/SignInWithAppleGameCenterRequest.cs
 0.2 kb	 0.0% Packages/com.unity.services.authentication/Runtime/Models/Requests/GameCenter/LinkWithAppleGameCenterRequest.cs
 0.2 kb	 0.0% Packages/com.unity.services.authentication/Runtime/Exceptions/IAuthenticationExceptionHandler.cs
 0.2 kb	 0.0% Packages/com.unity.services.authentication/Runtime/Exceptions/AuthenticationExceptionHandler.cs
 0.2 kb	 0.0% Packages/com.unity.services.authentication/Runtime/Core/AuthenticationPackageInitializer.cs
 0.2 kb	 0.0% Packages/com.unity.services.authentication/Runtime/Components/PlayerAuthenticationEvents.cs
 0.2 kb	 0.0% Packages/com.unity.services.authentication/Runtime/AuthenticationServiceInternal.cs
 0.2 kb	 0.0% Packages/com.unity.services.authentication/Player Accounts/Runtime/Utilities/Network/WebRequestException.cs
 0.2 kb	 0.0% Packages/com.unity.services.authentication/Player Accounts/Runtime/Utilities/Network/NetworkConfiguration.cs
 0.2 kb	 0.0% Packages/com.unity.services.authentication/Player Accounts/Runtime/PlayerAccountService.cs
 0.2 kb	 0.0% Packages/com.unity.render-pipelines.universal/Runtime/UniversalAdditionalLightData.cs
 0.2 kb	 0.0% Packages/com.unity.render-pipelines.universal/Runtime/Tiling/ReflectionProbeMinMaxZJob.cs
 0.2 kb	 0.0% Packages/com.unity.render-pipelines.universal/Runtime/Settings/URPShaderStrippingSetting.cs
 0.2 kb	 0.0% Packages/com.unity.render-pipelines.universal/Runtime/ScriptableRendererFeature.cs
 0.2 kb	 0.0% Packages/com.unity.render-pipelines.universal/Runtime/RendererFeatures/ScreenSpaceAmbientOcclusion.cs
 0.2 kb	 0.0% Packages/com.unity.render-pipelines.universal/Runtime/RendererFeatures/OnTilePostProcessResource.cs
 0.2 kb	 0.0% Packages/com.unity.render-pipelines.universal/Runtime/RenderPipelineResources/UniversalRendererResources.cs
 0.2 kb	 0.0% Packages/com.unity.render-pipelines.universal/Runtime/Passes/StencilCrossFadeRenderPass.cs
 0.2 kb	 0.0% Packages/com.unity.render-pipelines.universal/Runtime/Passes/PostProcess/ScalingSetupPostProcessPass.cs
 0.2 kb	 0.0% Packages/com.unity.render-pipelines.universal/Runtime/Passes/PostProcess/MotionBlurPostProcessPass.cs
 0.2 kb	 0.0% Packages/com.unity.render-pipelines.universal/Runtime/Passes/PostProcess/Fsr1UpscalePostProcessPass.cs
 0.2 kb	 0.0% Packages/com.unity.render-pipelines.universal/Runtime/Overrides/ShadowsMidtonesHighlights.cs
 0.2 kb	 0.0% Packages/com.unity.render-pipelines.universal/Runtime/FrameData/UniversalPostProcessingData.cs
 0.2 kb	 0.0% Packages/com.unity.render-pipelines.universal/Runtime/Decal/ScreenSpace/DecalScreenSpaceRenderPass.cs
 0.2 kb	 0.0% Packages/com.unity.render-pipelines.universal/Runtime/Decal/Entities/DecalCreateDrawCallSystem.cs
 0.2 kb	 0.0% Packages/com.unity.render-pipelines.universal/Runtime/Debug/DebugDisplaySettingsMaterial.cs
 0.2 kb	 0.0% Packages/com.unity.render-pipelines.universal/Runtime/Debug/DebugDisplaySettingsLighting.cs
 0.2 kb	 0.0% Packages/com.unity.render-pipelines.universal/Runtime/Debug/DebugDisplaySettingsCommon.cs
 0.2 kb	 0.0% Packages/com.unity.render-pipelines.universal/Runtime/Data/UniversalRenderPipelineAsset.cs
 0.2 kb	 0.0% Packages/com.unity.render-pipelines.universal/Runtime/2D/Rendergraph/CameraRenderingLayerMask.cs
 0.2 kb	 0.0% Packages/com.unity.render-pipelines.core/Runtime/UnifiedRayTracing/UnifiedRayTracingException.cs
 0.2 kb	 0.0% Packages/com.unity.render-pipelines.core/Runtime/UnifiedRayTracing/Hardware/HardwareRayTracingBackend.cs
 0.2 kb	 0.0% Packages/com.unity.render-pipelines.core/Runtime/UnifiedRayTracing/Compute/ComputeRayTracingAccelStruct.cs
 0.2 kb	 0.0% Packages/com.unity.render-pipelines.core/Runtime/RenderGraph/RenderGraphResourceRendererList.cs
 0.2 kb	 0.0% Packages/com.unity.render-pipelines.core/Runtime/RenderGraph/Compiler/PassesData.cs
 0.2 kb	 0.0% Packages/com.unity.render-pipelines.core/Runtime/GPUDriven/Debug/DebugDisplayGPUResidentDrawer.cs
 0.2 kb	 0.0% Packages/com.unity.render-pipelines.core/Runtime/GPUDriven/Culling/OccluderDepthPyramidConstants.cs
 0.2 kb	 0.0% Packages/com.unity.collections/Unity.Collections/GenerateTestsForBurstCompatibilityAttribute.cs
 0.2 kb	 0.0% Packages/com.unity.behavior/com.unity.serialization/Runtime/Unity.Serialization/Json/Views/SerializedMemberViewCollection.cs
 0.2 kb	 0.0% Packages/com.unity.behavior/com.unity.serialization/Runtime/Unity.Serialization/Json/Views/Internal/SerializedObjectViewPropertyBag.cs
 0.2 kb	 0.0% Packages/com.unity.behavior/com.unity.serialization/Runtime/Unity.Serialization/Json/Views/Internal/SerializedArrayViewPropertyBag.cs
 0.2 kb	 0.0% Packages/com.unity.visualscripting/Runtime/VisualScripting.Core/SerializedProperties/SerializedPropertyProviderAttribute.cs
 0.2 kb	 0.0% Packages/com.unity.visualscripting/Runtime/VisualScripting.Core/Listeners/UIInterfaces/UnityOnPointerExitMessageListener.cs
 0.2 kb	 0.0% Packages/com.unity.visualscripting/Runtime/VisualScripting.Core/Listeners/UIInterfaces/UnityOnPointerEnterMessageListener.cs
 0.2 kb	 0.0% Packages/com.unity.visualscripting/Runtime/VisualScripting.Core/Listeners/UIInterfaces/UnityOnPointerDownMessageListener.cs
 0.2 kb	 0.0% Packages/com.unity.visualscripting/Runtime/VisualScripting.Core/Listeners/UIInterfaces/UnityOnPointerClickMessageListener.cs
 0.2 kb	 0.0% Packages/com.unity.visualscripting/Runtime/VisualScripting.Core/Listeners/UI/UnityOnButtonClickMessageListener.cs
 0.2 kb	 0.0% Packages/com.unity.visualscripting/Runtime/VisualScripting.Core/Listeners/MonoBehaviour/UnityOnTriggerEnterMessageListener.cs
 0.2 kb	 0.0% Packages/com.unity.visualscripting/Runtime/VisualScripting.Core/Listeners/MonoBehaviour/UnityOnJointBreak2DMessageListener.cs
 0.2 kb	 0.0% Packages/com.unity.visualscripting/Runtime/VisualScripting.Core/Listeners/MonoBehaviour/UnityOnCollisionStayMessageListener.cs
 0.2 kb	 0.0% Packages/com.unity.visualscripting/Runtime/VisualScripting.Core/Listeners/MonoBehaviour/UnityOnCollisionExitMessageListener.cs
 0.2 kb	 0.0% Packages/com.unity.visualscripting/Runtime/VisualScripting.Core/Listeners/MonoBehaviour/UnityOnCollisionEnterMessageListener.cs
 0.2 kb	 0.0% Packages/com.unity.visualscripting/Runtime/VisualScripting.Core/Listeners/MonoBehaviour/UnityOnBecameVisibleMessageListener.cs
 0.2 kb	 0.0% Packages/com.unity.visualscripting/Runtime/VisualScripting.Core/EditorBinding/Inspector/InspectorActionDirectionAttribute.cs
 0.2 kb	 0.0% Packages/com.unity.visualscripting/Runtime/VisualScripting.Core/EditorBinding/Inspector/InspectViaImplementationsAttribute.cs
 0.2 kb	 0.0% Packages/com.unity.visualscripting/Runtime/VisualScripting.Core/Dependencies/FullSerializer/Internal/fsCyclicReferenceManager.cs
 0.2 kb	 0.0% Packages/com.unity.visualscripting/Runtime/VisualScripting.Core/Dependencies/FullSerializer/Converters/Unity/UnityEvent_Converter.cs
 0.2 kb	 0.0% Packages/com.unity.scriptablebuildpipeline/Runtime/CompatibilityAssetBundleManifest.cs
 0.2 kb	 0.0% Packages/com.unity.render-pipelines.universal/Runtime/UniversalRenderPipelineCore.cs
 0.2 kb	 0.0% Packages/com.unity.render-pipelines.universal/Runtime/FrameData/UniversalResourceBase.cs
 0.2 kb	 0.0% Packages/com.unity.render-pipelines.universal/Runtime/2D/URP2D_GraphicsExtensions.cs
 0.2 kb	 0.0% Packages/com.unity.render-pipelines.universal/Runtime/2D/Sources/Shadow2DProviderSources.cs
 0.2 kb	 0.0% Packages/com.unity.render-pipelines.universal/Runtime/2D/Sources/Shadow2DProviderSource.cs
 0.2 kb	 0.0% Packages/com.unity.render-pipelines.universal/Runtime/2D/Sources/Light2DSource_BuiltIn.cs
 0.2 kb	 0.0% Packages/com.unity.render-pipelines.universal/Runtime/2D/Sources/Light2DProviderSources.cs
 0.2 kb	 0.0% Packages/com.unity.render-pipelines.universal/Runtime/2D/Sources/Light2DProviderSource.cs
 0.2 kb	 0.0% Packages/com.unity.render-pipelines.universal/Runtime/2D/Shadows/Providers/ShadowShape2DProvider.cs
 0.2 kb	 0.0% Packages/com.unity.render-pipelines.universal/Runtime/2D/Shadows/CompositeShadowCaster2D.cs
 0.2 kb	 0.0% Packages/com.unity.render-pipelines.universal/Runtime/2D/RendererFeatures/ScriptableRenderPass2D.cs
 0.2 kb	 0.0% Packages/com.unity.render-pipelines.universal/Runtime/2D/FrameData/Universal2DRenderingData.cs
 0.2 kb	 0.0% Packages/com.unity.render-pipelines.core/Runtime/Utilities/CoreRenderPipelinePreferences.cs
 0.2 kb	 0.0% Packages/com.unity.render-pipelines.core/Runtime/Settings/IDefaultVolumeProfileSettings.cs
 0.2 kb	 0.0% Packages/com.unity.render-pipelines.core/Runtime/RenderGraph/RenderGraphResourcePool.cs
 0.2 kb	 0.0% Packages/com.unity.render-pipelines.core/Runtime/RenderGraph/RenderGraphObjectPool.cs
 0.2 kb	 0.0% Packages/com.unity.render-pipelines.core/Runtime/RenderGraph/Debug/RenderGraphDebugSession.cs
 0.2 kb	 0.0% Packages/com.unity.render-pipelines.core/Runtime/RenderGraph/Debug/RenderGraphDebugParams.cs
 0.2 kb	 0.0% Packages/com.unity.render-pipelines.core/Runtime/RenderGraph/Debug/RenderGraph.DebugDataSerialization.cs
 0.2 kb	 0.0% Packages/com.unity.render-pipelines.core/Runtime/RenderGraph/Debug/DebugDisplaySettingsRenderGraph.cs
 0.2 kb	 0.0% Packages/com.unity.render-pipelines.core/Runtime/Lighting/ProbeVolume/ProbeVolumeBakingProcessSettings.cs
 0.2 kb	 0.0% Packages/com.unity.render-pipelines.core/Runtime/Debugging/ISerializedDebugDisplaySettings.cs
 0.2 kb	 0.0% Packages/com.unity.render-pipelines.core/Runtime/Debugging/DebugDisplaySettingsHDROutput.cs
 0.2 kb	 0.0% Packages/com.unity.render-pipelines.core/Runtime/Common/GlobalDynamicResolutionSettings.cs
 0.2 kb	 0.0% Packages/com.unity.physics/Unity.Physics/ECS/GraphicsIntegration/Systems/BufferInterpolatedRigidBodiesMotion.cs
 0.2 kb	 0.0% Packages/com.unity.inputsystem/InputSystem/Runtime/Devices/Commands/QueryEditorWindowCoordinatesCommand.cs
 0.2 kb	 0.0% Packages/com.unity.inputsystem/InputSystem/Runtime/Devices/Commands/InitiateUserAccountPairingCommand.cs
 0.2 kb	 0.0% Packages/com.unity.inputsystem/InputSystem/Editor/UITKAssetEditor/Views/CompositePartBindingPropertiesView.cs
 0.2 kb	 0.0% Packages/com.unity.inputsystem/InputSystem/Editor/UITKAssetEditor/Views/CollectionViewSelectionChangeFilter.cs
 0.2 kb	 0.0% Packages/com.unity.inputsystem/InputSystem/Editor/UITKAssetEditor/InputActionsEditorSettingsProvider.cs
 0.2 kb	 0.0% Packages/com.unity.inputsystem/InputSystem/Editor/PropertyDrawers/InputActionReferenceSearchProviders.cs
 0.2 kb	 0.0% Packages/com.unity.inputsystem/InputSystem/Editor/PropertyDrawers/InputActionReferencePropertyDrawer.cs
 0.2 kb	 0.0% Packages/com.unity.inputsystem/InputSystem/Editor/Devices/Remote/RemoteInputPlayerConnectionEditor.cs
 0.2 kb	 0.0% Packages/com.unity.inputsystem/InputSystem/Editor/Analytics/InputActionsEditorSessionAnalytic.cs
 0.2 kb	 0.0% Packages/com.unity.inputsystem/InputSystem/Editor/Actions/InputControlSchemeEditorExtensions.cs
 0.2 kb	 0.0% Packages/com.unity.visualscripting/Runtime/VisualScripting.Core/Listeners/MonoBehaviour/UnityOnTriggerStay2DMListener.cs
 0.2 kb	 0.0% Packages/com.unity.visualscripting/Runtime/VisualScripting.Core/Listeners/MonoBehaviour/UnityOnTriggerExit2DMListener.cs
 0.2 kb	 0.0% Packages/com.unity.visualscripting/Runtime/VisualScripting.Core/Listeners/MonoBehaviour/UnityOnTriggerEnter2DMListener.cs
 0.2 kb	 0.0% Packages/com.unity.visualscripting/Runtime/VisualScripting.Core/Dependencies/FullSerializer/fsISerializationCallbacks.cs
 0.2 kb	 0.0% Packages/com.unity.visualscripting/Runtime/VisualScripting.Core/Dependencies/FullSerializer/Converters/Unity/RectOffset_DirectConverter.cs
 0.2 kb	 0.0% Packages/com.unity.visualscripting/Runtime/VisualScripting.Core/Dependencies/FullSerializer/Converters/Unity/LayerMask_DirectConverter.cs
 0.2 kb	 0.0% Packages/com.unity.visualscripting/Runtime/VisualScripting.Core/Dependencies/FullSerializer/Converters/Unity/InputAction_DirectConverter.cs
 0.2 kb	 0.0% Packages/com.unity.services.core/Runtime/Threading/UnityThreadUtilsInternal.cs
 0.2 kb	 0.0% Packages/com.unity.services.core/Runtime/Telemetry/Metrics/DisabledMetricsFactory.cs
 0.2 kb	 0.0% Packages/com.unity.services.core/Runtime/Core.Internal/Components/Configuration/IProjectConfiguration.cs
 0.2 kb	 0.0% Packages/com.unity.services.core/Runtime/Configuration/ConfigurationResetter.cs
 0.2 kb	 0.0% Packages/com.unity.services.core/Runtime/Components/ServicesInitializationEvents.cs
 0.2 kb	 0.0% Packages/com.unity.services.core/Runtime/Analytics/AnalyticsOptionsExtensions.cs
 0.2 kb	 0.0% Packages/com.unity.services.authentication/Runtime/Network/IAuthenticationNetworkClient.cs
 0.2 kb	 0.0% Packages/com.unity.services.authentication/Runtime/Network/AuthenticationNetworkClient.cs
 0.2 kb	 0.0% Packages/com.unity.services.authentication/Runtime/Models/Responses/AuthenticationErrorResponse.cs
 0.2 kb	 0.0% Packages/com.unity.services.authentication/Runtime/Models/Requests/LinkWithExternalTokenRequest.cs
 0.2 kb	 0.0% Packages/com.unity.services.authentication/Runtime/Models/Requests/Code Linking/GenerateSignInCodeRequest.cs
 0.2 kb	 0.0% Packages/com.unity.services.authentication/Player Accounts/Runtime/Utilities/Network/NetworkHandler.cs
 0.2 kb	 0.0% Packages/com.unity.services.authentication/Player Accounts/Runtime/Utilities/Network/INetworkHandler.cs
 0.2 kb	 0.0% Packages/com.unity.services.authentication/Player Accounts/Runtime/Utilities/Network/HttpUtilities.cs
 0.2 kb	 0.0% Packages/com.unity.services.authentication/Player Accounts/Runtime/Utilities/DateTimeWrapper.cs
 0.2 kb	 0.0% Packages/com.unity.services.authentication/Player Accounts/Runtime/Utilities/Browser/IBrowserUtils.cs
 0.2 kb	 0.0% Packages/com.unity.services.authentication/Player Accounts/Runtime/Models/SignInResponse.cs
 0.2 kb	 0.0% Packages/com.unity.services.authentication/Player Accounts/Runtime/ICoreRegistry.cs
 0.2 kb	 0.0% Packages/com.unity.render-pipelines.universal/Runtime/UniversalRendererRenderGraph.cs
 0.2 kb	 0.0% Packages/com.unity.render-pipelines.universal/Runtime/UniversalRendererData.cs
 0.2 kb	 0.0% Packages/com.unity.render-pipelines.universal/Runtime/UniversalRenderPipeline.cs
 0.2 kb	 0.0% Packages/com.unity.render-pipelines.universal/Runtime/UniversalCameraHistory.cs
 0.2 kb	 0.0% Packages/com.unity.render-pipelines.universal/Runtime/Tiling/TileRangeExpansionJob.cs
 0.2 kb	 0.0% Packages/com.unity.render-pipelines.universal/Runtime/SupportedOnRenderer.cs
 0.2 kb	 0.0% Packages/com.unity.render-pipelines.universal/Runtime/Settings/URPTerrainShaderSetting.cs
 0.2 kb	 0.0% Packages/com.unity.render-pipelines.universal/Runtime/Settings/URPReflectionProbeSettings.cs
 0.2 kb	 0.0% Packages/com.unity.render-pipelines.universal/Runtime/ScriptableRendererData.cs
 0.2 kb	 0.0% Packages/com.unity.render-pipelines.universal/Runtime/RendererFeatures/FullScreenPassRendererFeature_OldGUID.cs
 0.2 kb	 0.0% Packages/com.unity.render-pipelines.universal/Runtime/ReflectionProbeManager.cs
 0.2 kb	 0.0% Packages/com.unity.render-pipelines.universal/Runtime/Passes/TransparentSettingsPass.cs
 0.2 kb	 0.0% Packages/com.unity.render-pipelines.universal/Runtime/Passes/PostProcess/UpscalerPostProcessPass.cs
 0.2 kb	 0.0% Packages/com.unity.render-pipelines.universal/Runtime/Passes/PostProcess/StopNanPostProcessPass.cs
 0.2 kb	 0.0% Packages/com.unity.render-pipelines.universal/Runtime/Passes/MotionVectorRenderPass.cs
 0.2 kb	 0.0% Packages/com.unity.render-pipelines.universal/Runtime/Passes/DrawScreenSpaceUIPass.cs
 0.2 kb	 0.0% Packages/com.unity.render-pipelines.universal/Runtime/Passes/DepthNormalOnlyPass.cs
 0.2 kb	 0.0% Packages/com.unity.render-pipelines.universal/Runtime/Passes/ColorGradingLutPass.cs
 0.2 kb	 0.0% Packages/com.unity.render-pipelines.universal/Runtime/NormalReconstruction.cs
 0.2 kb	 0.0% Packages/com.unity.render-pipelines.universal/Runtime/FrameData/UniversalResourceData.cs
 0.2 kb	 0.0% Packages/com.unity.render-pipelines.universal/Runtime/FrameData/UniversalRenderingData.cs
 0.2 kb	 0.0% Packages/com.unity.render-pipelines.universal/Runtime/FrameData/Universal2DResourceData.cs
 0.2 kb	 0.0% Packages/com.unity.render-pipelines.universal/Runtime/Decal/ScreenSpace/DecalGBufferRenderPass.cs
 0.2 kb	 0.0% Packages/com.unity.render-pipelines.universal/Runtime/Decal/Entities/DecalUpdateCulledSystem.cs
 0.2 kb	 0.0% Packages/com.unity.render-pipelines.universal/Runtime/Decal/Entities/DecalUpdateCachedSystem.cs
 0.2 kb	 0.0% Packages/com.unity.render-pipelines.universal/Runtime/Decal/Entities/DecalSkipCulledSystem.cs
 0.2 kb	 0.0% Packages/com.unity.render-pipelines.universal/Runtime/Decal/DBuffer/DecalForwardEmissivePass.cs
 0.2 kb	 0.0% Packages/com.unity.render-pipelines.universal/Runtime/2D/Profiler/ProfilerMarkers.cs
 0.2 kb	 0.0% Packages/com.unity.render-pipelines.universal/Runtime/2D/Profiler/MeshFrameData.cs
 0.2 kb	 0.0% Packages/com.unity.render-pipelines.core/Runtime/XR/XRBuiltinShaderConstants.cs
 0.2 kb	 0.0% Packages/com.unity.render-pipelines.core/Runtime/UnifiedRayTracing/IRayTracingAccelStruct.cs
 0.2 kb	 0.0% Packages/com.unity.render-pipelines.core/Runtime/UnifiedRayTracing/Hardware/HardwareRayTracingShader.cs
 0.2 kb	 0.0% Packages/com.unity.render-pipelines.core/Runtime/UnifiedRayTracing/Compute/ComputeRayTracingShader.cs
 0.2 kb	 0.0% Packages/com.unity.render-pipelines.core/Runtime/UnifiedRayTracing/Compute/ComputeRayTracingBackend.cs
 0.2 kb	 0.0% Packages/com.unity.render-pipelines.core/Runtime/Settings/IDefaultVolumeProfileResource.cs
 0.2 kb	 0.0% Packages/com.unity.render-pipelines.core/Runtime/RenderGraph/RenderGraphResourceTexture.cs
 0.2 kb	 0.0% Packages/com.unity.render-pipelines.core/Runtime/RenderGraph/RenderGraph.ExceptionMessages.cs
 0.2 kb	 0.0% Packages/com.unity.render-pipelines.core/Runtime/RenderGraph/IRenderGraphBuilder.cs
 0.2 kb	 0.0% Packages/com.unity.render-pipelines.core/Runtime/PathTracing/UnityComputeProbeIntegrator.cs
 0.2 kb	 0.0% Packages/com.unity.render-pipelines.core/Runtime/PathTracing/LightmapResourceCache.cs
 0.2 kb	 0.0% Packages/com.unity.render-pipelines.core/Runtime/PathTracing/LightmapIntegrationHelpers.cs
 0.2 kb	 0.0% Packages/com.unity.render-pipelines.core/Runtime/PathTracing/Environment/EnvironmentImportanceSampling.cs
 0.2 kb	 0.0% Packages/com.unity.render-pipelines.core/Runtime/GPUDriven/SceneProcessors/SpeedTreeWindGPUDataUpdater.cs
 0.2 kb	 0.0% Packages/com.unity.render-pipelines.core/Runtime/GPUDriven/SceneProcessors/MeshRendererProcessorBurst.cs
 0.2 kb	 0.0% Packages/com.unity.render-pipelines.core/Runtime/GPUDriven/IGPUResidentRenderPipeline.cs
 0.2 kb	 0.0% Packages/com.unity.render-pipelines.core/Runtime/GPUDriven/GPUResidentDrawerResources.cs
 0.2 kb	 0.0% Packages/com.unity.render-pipelines.core/Runtime/GPUDriven/Components/DisallowGPUDrivenRendering.cs
 0.2 kb	 0.0% Packages/com.unity.render-pipelines.core/Runtime/GPUDriven/Batching/InstanceCullingBatcherBurst.cs
 0.2 kb	 0.0% Packages/com.unity.render-pipelines.core/Runtime/GPUDriven/Batching/InstanceCullingBatcher.Jobs.cs
 0.2 kb	 0.0% Packages/com.unity.render-pipelines.core/Runtime-PrivateShared/DebugUIUtilities.cs
 0.2 kb	 0.0% Packages/com.unity.render-pipelines.core/Runtime-PrivateShared/AssemblyInfo.cs
 0.2 kb	 0.0% Packages/com.unity.probuilder/Content/Resources/Materials/InvisibleFace.mat
 0.2 kb	 0.0% Packages/com.unity.physics/Unity.Physics/Numerics/Linear/Solvers/Lowlevel/GolubKahanLanczos.cs
 0.2 kb	 0.0% Packages/com.unity.physics/Unity.Physics.Hybrid/Utilities/DebugDisplay/DisplayIterativeSolverPhasesDataSystem.cs
 0.2 kb	 0.0% Packages/com.unity.inputsystem/InputSystem/Editor/Plugins/UI/StandaloneInputModuleEditor.cs
 0.2 kb	 0.0% Packages/com.unity.inputsystem/InputSystem/Editor/Plugins/UI/InputSystemUIInputModuleEditor.cs
 0.2 kb	 0.0% Packages/com.unity.entities/Unity.Transforms.Hybrid/CompanionGameObjectUpdateTransformSystem.cs
 0.2 kb	 0.0% Packages/com.unity.entities/Unity.Entities/Types/RegisterUnityEngineComponentTypeAttribute.cs
 0.2 kb	 0.0% Packages/com.unity.entities/Unity.Entities.Hybrid/Baking/RemoveEntityInBakeDestroyEntitiesSystem.cs
 0.2 kb	 0.0% Packages/com.unity.entities/Unity.Entities.Hybrid/Baking/ForceBakingOnDisabledComponentsAttribute.cs
 0.2 kb	 0.0% Packages/com.unity.behavior/com.unity.serialization/Runtime/Unity.Serialization/Utility/Internal/DefaultPropertyBagInitializer.cs
 0.2 kb	 0.0% Packages/com.unity.behavior/com.unity.serialization/Runtime/Unity.Serialization/Json/Parser/UnsafeSerializedObjectReader.cs
 0.2 kb	 0.0% Packages/com.unity.behavior/com.unity.serialization/Runtime/Unity.Serialization/Json/Parser/Internal/SerializationConfiguration.cs
 0.2 kb	 0.0% Packages/com.unity.behavior/com.unity.serialization/Runtime/Unity.Serialization/Binary/Adapters/BinarySerializationContext.cs
 0.2 kb	 0.0% Packages/com.unity.animation.rigging/Runtime/AnimationJobs/MultiReferentialConstraintJob.cs
 0.2 kb	 0.0% Packages/com.autodesk.fbx/Runtime/Scripts/FbxLayerElementArrayTemplateFbxSurfaceMaterial.cs
 0.1 kb	 0.0% Packages/com.unity.visualscripting/Runtime/VisualScripting.Flow/Ports/MissingValuePortInputException.cs
 0.1 kb	 0.0% Packages/com.unity.visualscripting/Runtime/VisualScripting.Flow/EditorBinding/UnitHeaderInspectableAttribute.cs
 0.1 kb	 0.0% Packages/com.unity.visualscripting/Runtime/VisualScripting.Flow/Dependencies/NCalc/LogicalExpressionVisitor.cs
 0.1 kb	 0.0% Packages/com.unity.visualscripting/Runtime/VisualScripting.Core/Variables/VariableDeclarationCollection.cs
 0.1 kb	 0.0% Packages/com.unity.visualscripting/Runtime/VisualScripting.Core/Variables/InspectorVariableNameAttribute.cs
 0.1 kb	 0.0% Packages/com.unity.visualscripting/Runtime/VisualScripting.Core/Serialization/SerializationVersionAttribute.cs
 0.1 kb	 0.0% Packages/com.unity.visualscripting/Runtime/VisualScripting.Core/Listeners/UIInterfaces/UnityOnPointerUpMessageListener.cs
 0.1 kb	 0.0% Packages/com.unity.visualscripting/Runtime/VisualScripting.Core/Listeners/UIInterfaces/UnityOnEndDragMessageListener.cs
 0.1 kb	 0.0% Packages/com.unity.visualscripting/Runtime/VisualScripting.Core/Listeners/UIInterfaces/UnityOnDeselectMessageListener.cs
 0.1 kb	 0.0% Packages/com.unity.visualscripting/Runtime/VisualScripting.Core/Listeners/UIInterfaces/UnityOnBeginDragMessageListener.cs
 0.1 kb	 0.0% Packages/com.unity.visualscripting/Runtime/VisualScripting.Core/Listeners/MonoBehaviour/UnityOnTriggerStayMListener.cs
 0.1 kb	 0.0% Packages/com.unity.visualscripting/Runtime/VisualScripting.Core/Listeners/MonoBehaviour/UnityOnTriggerExitMListener.cs
 0.1 kb	 0.0% Packages/com.unity.visualscripting/Runtime/VisualScripting.Core/Listeners/MonoBehaviour/UnityOnMouseUpMessageListener.cs
 0.1 kb	 0.0% Packages/com.unity.visualscripting/Runtime/VisualScripting.Core/Listeners/MonoBehaviour/UnityOnMouseOverMessageListener.cs
 0.1 kb	 0.0% Packages/com.unity.visualscripting/Runtime/VisualScripting.Core/Listeners/MonoBehaviour/UnityOnMouseExitMessageListener.cs
 0.1 kb	 0.0% Packages/com.unity.visualscripting/Runtime/VisualScripting.Core/Listeners/MonoBehaviour/UnityOnMouseEnterMessageListener.cs
 0.1 kb	 0.0% Packages/com.unity.visualscripting/Runtime/VisualScripting.Core/Listeners/MonoBehaviour/UnityOnMouseDragMessageListener.cs
 0.1 kb	 0.0% Packages/com.unity.visualscripting/Runtime/VisualScripting.Core/Listeners/MonoBehaviour/UnityOnMouseDownMessageListener.cs
 0.1 kb	 0.0% Packages/com.unity.visualscripting/Runtime/VisualScripting.Core/Listeners/MonoBehaviour/UnityOnJointBreakMessageListener.cs
 0.1 kb	 0.0% Packages/com.unity.visualscripting/Runtime/VisualScripting.Core/Exceptions/InvalidImplementationException.cs
 0.1 kb	 0.0% Packages/com.unity.visualscripting/Runtime/VisualScripting.Core/EditorBinding/Inspector/InspectorExpandTooltipAttribute.cs
 0.1 kb	 0.0% Packages/com.unity.visualscripting/Runtime/VisualScripting.Core/EditorBinding/Inspector/InspectorAdaptiveWidthAttribute.cs
 0.1 kb	 0.0% Packages/com.unity.visualscripting/Runtime/VisualScripting.Core/Dependencies/FullSerializer/Internal/fsPortableReflection.cs
 0.1 kb	 0.0% Packages/com.unity.visualscripting/Runtime/VisualScripting.Core/Attributes/VisualScriptingHelpURLAttribute.cs
 0.1 kb	 0.0% Packages/com.unity.services.core/Runtime/Core.Internal/Registry/DependencyTreeExceptions.cs
 0.1 kb	 0.0% Packages/com.unity.services.core/Runtime/Core.Internal/Components/Vivox/IVivoxTokenProviderInternal.cs
 0.1 kb	 0.0% Packages/com.unity.services.core/Runtime/Core.Internal/Components/Networking/HttpRequestExtensions.cs
 0.1 kb	 0.0% Packages/com.unity.services.core/Runtime/Core.Internal/Components/Authentication/IServerEnvironmentId.cs
 0.1 kb	 0.0% Packages/com.unity.services.core/Runtime/Core.Internal/Components/Authentication/IServerAccessToken.cs
 0.1 kb	 0.0% Packages/com.unity.services.authentication/Runtime/Generated/Shared/ApiRequestPathBuilder.cs
 0.1 kb	 0.0% Packages/com.unity.services.authentication/Runtime/Generated/Shared/AbstractOpenAPISchema.cs
 0.1 kb	 0.0% Packages/com.unity.render-pipelines.universal/Runtime/UniversalRendererDebug.cs
 0.1 kb	 0.0% Packages/com.unity.render-pipelines.universal/Runtime/MotionVectors.cs
 0.1 kb	 0.0% Packages/com.unity.render-pipelines.universal/Runtime/Decal/DecalDrawErrorRenderPass.cs
 0.1 kb	 0.0% Packages/com.unity.render-pipelines.universal/Runtime/2D/Sources/IProvider2DSources.cs
 0.1 kb	 0.0% Packages/com.unity.render-pipelines.universal/Runtime/2D/Shadows/ShadowCasterGroup2D.cs
 0.1 kb	 0.0% Packages/com.unity.render-pipelines.universal/Runtime/2D/Shadows/Shadow Provider Utility/ShapeProviderUtility.cs
 0.1 kb	 0.0% Packages/com.unity.render-pipelines.universal/Runtime/2D/Rendergraph/GlobalPropertiesPass.cs
 0.1 kb	 0.0% Packages/com.unity.render-pipelines.universal/Runtime/2D/Rendergraph/DrawRenderer2DPass.cs
 0.1 kb	 0.0% Packages/com.unity.render-pipelines.universal/Runtime/2D/PixelPerfectCamera.cs
 0.1 kb	 0.0% Packages/com.unity.render-pipelines.universal/Runtime/2D/Passes/Utility/Light2DLookupTexture.cs
 0.1 kb	 0.0% Packages/com.unity.render-pipelines.universal/Runtime/2D/Lights/Light2DCullResult.cs
 0.1 kb	 0.0% Packages/com.unity.render-pipelines.universal/Runtime/2D/Lights/Light2DBlendStyle.cs
 0.1 kb	 0.0% Packages/com.unity.render-pipelines.core/Runtime/Utilities/BatchRendererGroupGlobals.cs
 0.1 kb	 0.0% Packages/com.unity.render-pipelines.core/Runtime/Settings/IncludeRenderPipelineAsset.cs
 0.1 kb	 0.0% Packages/com.unity.render-pipelines.core/Runtime/STP/ISTPEnabledRenderPipeline.cs
 0.1 kb	 0.0% Packages/com.unity.render-pipelines.core/Runtime/RenderGraph/RenderGraphUtilsBlit.cs
 0.1 kb	 0.0% Packages/com.unity.render-pipelines.core/Runtime/RenderGraph/RenderGraphResourceBuffer.cs
 0.1 kb	 0.0% Packages/com.unity.render-pipelines.core/Runtime/RenderGraph/RenderGraphGlobalSettings.cs
 0.1 kb	 0.0% Packages/com.unity.render-pipelines.core/Runtime/RenderGraph/RenderGraphBuilders.cs
 0.1 kb	 0.0% Packages/com.unity.render-pipelines.core/Runtime/RenderGraph/IRenderGraphRecorder.cs
 0.1 kb	 0.0% Packages/com.unity.render-pipelines.core/Runtime/RenderGraph/Debug/DebugMessageHandler.cs
 0.1 kb	 0.0% Packages/com.unity.render-pipelines.core/Runtime/ObjectDispatcher/ObjectDispatcher.cs
 0.1 kb	 0.0% Packages/com.unity.render-pipelines.core/Runtime/Lighting/ProbeVolume/ShaderVariablesProbeVolumes.cs
 0.1 kb	 0.0% Packages/com.unity.render-pipelines.core/Runtime/Lighting/ProbeVolume/ProbeVolumeStreamableAsset.cs
 0.1 kb	 0.0% Packages/com.unity.render-pipelines.core/Runtime/Lighting/ProbeVolume/ProbeVolumeScratchBufferPool.cs
 0.1 kb	 0.0% Packages/com.unity.render-pipelines.core/Runtime/Lighting/ProbeVolume/ProbeVolumeGlobalSettings.cs
 0.1 kb	 0.0% Packages/com.unity.render-pipelines.core/Runtime/GPUDriven/GPUResidentDrawerTypes.cs
 0.1 kb	 0.0% Packages/com.unity.render-pipelines.core/Runtime/GPUDriven/Debug/GPUResidentDrawerDebug.cs
 0.1 kb	 0.0% Packages/com.unity.render-pipelines.core/Runtime/GPUDriven/CoreDataSystems/LODGroupDataSystem.Jobs.cs
 0.1 kb	 0.0% Packages/com.unity.render-pipelines.core/Runtime/GPUDriven/CoreDataSystems/InstanceWindDataUpdateDefs.cs
 0.1 kb	 0.0% Packages/com.unity.render-pipelines.core/Runtime/GPUDriven/CoreDataSystems/InstanceTransformUpdateDefs.cs
 0.1 kb	 0.0% Packages/com.unity.render-pipelines.core/Runtime/Debugging/IDebugDisplaySettingsQuery.cs
 0.1 kb	 0.0% Packages/com.unity.render-pipelines.core/Runtime/Debugging/IDebugDisplaySettingsPanel.cs
 0.1 kb	 0.0% Packages/com.unity.render-pipelines.core/Runtime/Debugging/IDebugDisplaySettingsData.cs
 0.1 kb	 0.0% Packages/com.unity.render-pipelines.core/Runtime/Debugging/DebugDisplaySettingsVolumes.cs
 0.1 kb	 0.0% Packages/com.unity.render-pipelines.core/Runtime/Debugging/DebugDisplaySettingsStats.cs
 0.1 kb	 0.0% Packages/com.unity.render-pipelines.core/Runtime/Debugging/DebugDisplaySettingsPanel.cs
 0.1 kb	 0.0% Packages/com.unity.probuilder/External/Poly2Tri/Triangulation/TriangulationDebugContext.cs
 0.1 kb	 0.0% Packages/com.unity.physics/Unity.Physics/ECS/GraphicsIntegration/Systems/SmoothRigidBodiesGraphicalMotion.cs
 0.1 kb	 0.0% Packages/com.unity.physics/Unity.Physics/ECS/GraphicsIntegration/Systems/CopyPhysicsVelocityToSmoothing.cs
 0.1 kb	 0.0% Packages/com.unity.physics/Unity.Physics.Hybrid/EntitiesBaking/BakingSystems/BuildCompoundCollidersBakingSystem.cs
 0.1 kb	 0.0% Packages/com.unity.physics/Unity.Physics.Hybrid/Components/PhysicsDebugDisplayAuthoringEditor.cs
 0.1 kb	 0.0% Packages/com.unity.physics/Unity.Physics.Hybrid/Components/DetailedStaticMeshCollisionAuthoring.cs
 0.1 kb	 0.0% Packages/com.unity.inputsystem/InputSystem/Runtime/Devices/Commands/QuerySamplingFrequencyCommand.cs
 0.1 kb	 0.0% Packages/com.unity.inputsystem/InputSystem/Runtime/Devices/Commands/QueryPairedUserAccountCommand.cs
 0.1 kb	 0.0% Packages/com.unity.inputsystem/InputSystem/Editor/UITKAssetEditor/Views/CompositeBindingPropertiesView.cs
 0.1 kb	 0.0% Packages/com.unity.inputsystem/InputSystem/Editor/UITKAssetEditor/InputActionsEditorWindowUtils.cs
 0.1 kb	 0.0% Packages/com.unity.inputsystem/InputSystem/Editor/PropertyDrawers/InputActionAssetSearchProvider.cs
 0.1 kb	 0.0% Packages/com.unity.inputsystem/InputSystem/Editor/ProjectWideActions/ProjectWideActionsBuildProvider.cs
 0.1 kb	 0.0% Packages/com.unity.inputsystem/InputSystem/Editor/Plugins/OnScreen/UGUIOnScreenControlEditorUtils.cs
 0.1 kb	 0.0% Packages/com.unity.inputsystem/InputSystem/Editor/Internal/SerializedPropertyLinqExtensions.cs
 0.1 kb	 0.0% Packages/com.unity.inputsystem/InputSystem/Editor/Internal/InputActionSerializationHelpers.cs
 0.1 kb	 0.0% Packages/com.unity.inputsystem/InputSystem/Editor/EditorInputControlLayoutCache.cs
 0.1 kb	 0.0% Packages/com.unity.inputsystem/InputSystem/Editor/ControlPicker/Layouts/TouchscreenControlPickerLayout.cs
 0.1 kb	 0.0% Packages/com.unity.inputsystem/InputSystem/Editor/ControlPicker/Layouts/DefaultInputControlPickerLayout.cs
 0.1 kb	 0.0% Packages/com.unity.inputsystem/InputSystem/Editor/Analytics/VirtualMouseInputEditorAnalytic.cs
 0.1 kb	 0.0% Packages/com.unity.inputsystem/InputSystem/Editor/Analytics/PlayerInputManagerEditorAnalytic.cs
 0.1 kb	 0.0% Packages/com.unity.entities/Unity.Entities.Hybrid/Baking/LinkedEntityGroupAuthoringBaker.cs
 0.1 kb	 0.0% Packages/com.unity.entities/Unity.Entities.Hybrid/Baking/BakingOnlyEntityAuthoringBaker.cs
 0.1 kb	 0.0% Packages/com.unity.dt.app-ui/Runtime/InternalBridge/VisualElementExtensionsBridge.cs
 0.1 kb	 0.0% Packages/com.unity.dt.app-ui/Runtime/InternalBridge/ValueAnimationExtensionsBridge.cs
 0.1 kb	 0.0% Packages/com.unity.dt.app-ui/Runtime/InternalBridge/PointerMoveEventExtensionsBridge.cs
 0.1 kb	 0.0% Packages/com.unity.dt.app-ui/Runtime/InternalBridge/FocusControllerExtensionsBridge.cs
 0.1 kb	 0.0% Packages/com.unity.behavior/com.unity.serialization/Runtime/Unity.Serialization/Json/Adapters/JsonSerializationContext.cs
 0.1 kb	 0.0% Packages/com.unity.behavior/com.unity.serialization/Runtime/Unity.Serialization/Binary/BinarySerialization+FromBinary.cs
 0.1 kb	 0.0% Packages/com.unity.visualscripting/Runtime/VisualScripting.Core/Dependencies/FullSerializer/fsExceptions.cs
 0.1 kb	 0.0% Packages/com.unity.visualscripting/Runtime/VisualScripting.Core/Dependencies/FullSerializer/fsAotCompilationManager.cs
 0.1 kb	 0.0% Packages/com.unity.visualscripting/Runtime/VisualScripting.Core/Dependencies/FullSerializer/Converters/fsWeakReferenceConverter.cs
 0.1 kb	 0.0% Packages/com.unity.visualscripting/Runtime/VisualScripting.Core/Dependencies/FullSerializer/Converters/fsKeyValuePairConverter.cs
 0.1 kb	 0.0% Packages/com.unity.visualscripting/Runtime/VisualScripting.Core/Dependencies/FullSerializer/Converters/fsIEnumerableConverter.cs
 0.1 kb	 0.0% Packages/com.unity.visualscripting/Runtime/VisualScripting.Core/Dependencies/FullSerializer/Converters/fsDictionaryConverter.cs
 0.1 kb	 0.0% Packages/com.unity.visualscripting/Runtime/VisualScripting.Core/Dependencies/FullSerializer/Converters/Unity/Keyframe_DirectConverter.cs
 0.1 kb	 0.0% Packages/com.unity.visualscripting/Runtime/VisualScripting.Core/Dependencies/FullSerializer/Converters/Unity/Gradient_DirectConverter.cs
 0.1 kb	 0.0% Packages/com.unity.visualscripting/Runtime/VisualScripting.Core/Dependencies/FullSerializer/Converters/Unity/GUIStyle_DirectConverter.cs
 0.1 kb	 0.0% Packages/com.unity.visualscripting/Runtime/VisualScripting.Core/Dependencies/FullSerializer/Converters/Unity/Bounds_DirectConverter.cs
 0.1 kb	 0.0% Packages/com.unity.services.core/Runtime/Telemetry/Diagnotstics/DisabledDiagnostics.cs
 0.1 kb	 0.0% Packages/com.unity.services.core/Runtime/Telemetry/Diagnotstics/DiagnosticsFactory.cs
 0.1 kb	 0.0% Packages/com.unity.services.core/Runtime/Scheduler/ScheduledInvocation.cs
 0.1 kb	 0.0% Packages/com.unity.services.core/Runtime/Scheduler/MinimumBinaryHeap.cs
 0.1 kb	 0.0% Packages/com.unity.services.core/Runtime/Registration/CorePackageInitializer.cs
 0.1 kb	 0.0% Packages/com.unity.services.core/Runtime/Networking/UnityWebRequestClient.cs
 0.1 kb	 0.0% Packages/com.unity.services.core/Runtime/Environments/Internal/Environments.cs
 0.1 kb	 0.0% Packages/com.unity.services.core/Runtime/Core.Internal/Serialization/NewtonsoftSerializer.cs
 0.1 kb	 0.0% Packages/com.unity.services.core/Runtime/Core.Internal/Registry/PackageInitializationInfo.cs
 0.1 kb	 0.0% Packages/com.unity.services.core/Runtime/Core.Internal/Registry/CircularDependencyException.cs
 0.1 kb	 0.0% Packages/com.unity.services.core/Runtime/Core.Internal/Components/Device/IEngineInstallationId.cs
 0.1 kb	 0.0% Packages/com.unity.services.core/Runtime/Configuration/Utils/StreamingAssetsUtils.cs
 0.1 kb	 0.0% Packages/com.unity.services.core/Runtime/Configuration/ProjectConfiguration.cs
 0.1 kb	 0.0% Packages/com.unity.services.core/Runtime/Configuration/IConfigurationLoader.cs
 0.1 kb	 0.0% Packages/com.unity.services.core/Runtime/Configuration/ConfigurationUtils.cs
 0.1 kb	 0.0% Packages/com.unity.services.core/Runtime/Configuration/ConfigurationEntry.cs
 0.1 kb	 0.0% Packages/com.unity.services.core/Runtime/Components/ServicesInitialization.cs
 0.1 kb	 0.0% Packages/com.unity.services.authentication/Runtime/Utilities/CodeChallengeGenerator.cs
 0.1 kb	 0.0% Packages/com.unity.services.authentication/Runtime/Network/AuthenticationApiClient.cs
 0.1 kb	 0.0% Packages/com.unity.services.authentication/Runtime/Models/Settings/INetworkConfiguration.cs
 0.1 kb	 0.0% Packages/com.unity.services.authentication/Runtime/Models/Settings/IAuthenticationSettings.cs
 0.1 kb	 0.0% Packages/com.unity.services.authentication/Runtime/Models/Settings/AuthenticationSettings.cs
 0.1 kb	 0.0% Packages/com.unity.services.authentication/Runtime/Models/Security/AccessTokenExtraClaims.cs
 0.1 kb	 0.0% Packages/com.unity.services.authentication/Runtime/Models/RestrictedTokenResponse.cs
 0.1 kb	 0.0% Packages/com.unity.services.authentication/Runtime/Models/RestrictedTokenOptions.cs
 0.1 kb	 0.0% Packages/com.unity.services.authentication/Runtime/Models/Responses/GetNotificationsResponse.cs
 0.1 kb	 0.0% Packages/com.unity.services.authentication/Runtime/Models/Responses/CodeLinkConfirmResponse.cs
 0.1 kb	 0.0% Packages/com.unity.services.authentication/Runtime/Models/Requests/UsernamePasswordRequest.cs
 0.1 kb	 0.0% Packages/com.unity.services.authentication/Runtime/Models/Requests/UpdatePasswordRequest.cs
 0.1 kb	 0.0% Packages/com.unity.services.authentication/Runtime/Models/Requests/SignInWithSteamRequest.cs
 0.1 kb	 0.0% Packages/com.unity.services.authentication/Runtime/Models/Requests/SignInAnonymouslyRequest.cs
 0.1 kb	 0.0% Packages/com.unity.services.authentication/Runtime/Models/Requests/Oculus/SignInWithOculusRequest.cs
 0.1 kb	 0.0% Packages/com.unity.services.authentication/Runtime/Models/Requests/Oculus/LinkWithOculusRequest.cs
 0.1 kb	 0.0% Packages/com.unity.services.authentication/Runtime/Models/Requests/Code Linking/SignInWithCodeRequest.cs
 0.1 kb	 0.0% Packages/com.unity.services.authentication/Runtime/Models/Requests/Code Linking/ConfirmSignInCodeRequest.cs
 0.1 kb	 0.0% Packages/com.unity.services.authentication/Runtime/Models/Requests/AppleGameCenterConfig.cs
 0.1 kb	 0.0% Packages/com.unity.services.authentication/Runtime/Models/Components/SessionTokenComponent.cs
 0.1 kb	 0.0% Packages/com.unity.services.authentication/Runtime/Models/Components/EnvironmentIdComponent.cs
 0.1 kb	 0.0% Packages/com.unity.services.authentication/Runtime/Metrics/IAuthenticationMetrics.cs
 0.1 kb	 0.0% Packages/com.unity.services.authentication/Runtime/Metrics/AuthenticationMetrics.cs
 0.1 kb	 0.0% Packages/com.unity.services.authentication/Runtime/IAuthenticationService.cs
 0.1 kb	 0.0% Packages/com.unity.services.authentication/Runtime/Generated/PlayerNames/Model/UpdateNameRequest.cs
 0.1 kb	 0.0% Packages/com.unity.services.authentication/Runtime/Exceptions/AuthenticationException.cs
 0.1 kb	 0.0% Packages/com.unity.services.authentication/Runtime/Exceptions/AuthenticationErrorCodes.cs
 0.1 kb	 0.0% Packages/com.unity.services.authentication/Runtime/Core/AuthenticationExtensions.cs
 0.1 kb	 0.0% Packages/com.unity.services.authentication/Runtime/Components/PlayerAuthentication.cs
 0.1 kb	 0.0% Packages/com.unity.services.authentication/Runtime/AuthenticationService.cs
 0.1 kb	 0.0% Packages/com.unity.services.authentication/Player Accounts/Runtime/Utilities/UriHelper.cs
 0.1 kb	 0.0% Packages/com.unity.services.authentication/Player Accounts/Runtime/Utilities/Network/WebRequest.cs
 0.1 kb	 0.0% Packages/com.unity.services.authentication/Player Accounts/Runtime/Utilities/JwtDecoder.cs
 0.1 kb	 0.0% Packages/com.unity.services.authentication/Player Accounts/Runtime/Utilities/Browser/BrowserUtils.cs
 0.1 kb	 0.0% Packages/com.unity.services.authentication/Player Accounts/Runtime/Extensions/UnityServicesExtensions.cs
 0.1 kb	 0.0% Packages/com.unity.render-pipelines.universal/Runtime/XR/XRSystemUniversal.cs
 0.1 kb	 0.0% Packages/com.unity.render-pipelines.universal/Runtime/ValidationHandler.cs
 0.1 kb	 0.0% Packages/com.unity.render-pipelines.universal/Runtime/UniversalRenderer.cs
 0.1 kb	 0.0% Packages/com.unity.render-pipelines.universal/Runtime/URPProfilingSamplers.cs
 0.1 kb	 0.0% Packages/com.unity.render-pipelines.universal/Runtime/SpaceFillingCurves.cs
 0.1 kb	 0.0% Packages/com.unity.render-pipelines.universal/Runtime/Settings/RenderGraphSettings.cs
 0.1 kb	 0.0% Packages/com.unity.render-pipelines.universal/Runtime/ScriptableRenderer.cs
 0.1 kb	 0.0% Packages/com.unity.render-pipelines.universal/Runtime/SceneViewDrawMode.cs
 0.1 kb	 0.0% Packages/com.unity.render-pipelines.universal/Runtime/RenderingLayerUtils.cs
 0.1 kb	 0.0% Packages/com.unity.render-pipelines.universal/Runtime/RendererFeatures/ScreenSpaceShadows.cs
 0.1 kb	 0.0% Packages/com.unity.render-pipelines.universal/Runtime/RendererFeatures/DecalRendererFeature.cs
 0.1 kb	 0.0% Packages/com.unity.render-pipelines.universal/Runtime/RenderTargetHandle.cs
 0.1 kb	 0.0% Packages/com.unity.render-pipelines.universal/Runtime/RenderPipelineResources/Renderer2DResources.cs
 0.1 kb	 0.0% Packages/com.unity.render-pipelines.universal/Runtime/Passes/ScriptableRenderPass.cs
 0.1 kb	 0.0% Packages/com.unity.render-pipelines.universal/Runtime/Passes/RenderObjectsPass.cs
 0.1 kb	 0.0% Packages/com.unity.render-pipelines.universal/Runtime/Passes/ProbeVolumeDebugPass.cs
 0.1 kb	 0.0% Packages/com.unity.render-pipelines.universal/Runtime/Passes/PostProcess/UberPostProcessPass.cs
 0.1 kb	 0.0% Packages/com.unity.render-pipelines.universal/Runtime/Passes/PostProcess/StpPostProcessPass.cs
 0.1 kb	 0.0% Packages/com.unity.render-pipelines.universal/Runtime/Passes/PostProcess/SmaaPostProcessPass.cs
 0.1 kb	 0.0% Packages/com.unity.render-pipelines.universal/Runtime/Passes/PostProcess/FinalPostProcessPass.cs
 0.1 kb	 0.0% Packages/com.unity.render-pipelines.universal/Runtime/Passes/PostProcess/BloomPostProcessPass.cs
 0.1 kb	 0.0% Packages/com.unity.render-pipelines.universal/Runtime/Passes/FinalBlitPass.cs
 0.1 kb	 0.0% Packages/com.unity.render-pipelines.universal/Runtime/Passes/DrawObjectsPass.cs
 0.1 kb	 0.0% Packages/com.unity.render-pipelines.universal/Runtime/Passes/DepthOnlyPass.cs
 0.1 kb	 0.0% Packages/com.unity.render-pipelines.universal/Runtime/Passes/CopyDepthPass.cs
 0.1 kb	 0.0% Packages/com.unity.render-pipelines.universal/Runtime/Passes/CopyColorPass.cs
 0.1 kb	 0.0% Packages/com.unity.render-pipelines.universal/Runtime/Overrides/ScreenSpaceLensFlare.cs
 0.1 kb	 0.0% Packages/com.unity.render-pipelines.universal/Runtime/Overrides/ChromaticAberration.cs
 0.1 kb	 0.0% Packages/com.unity.render-pipelines.universal/Runtime/MipGen/Shaders/DepthPyramidConstants.cs
 0.1 kb	 0.0% Packages/com.unity.render-pipelines.universal/Runtime/LightCookieManager.cs
 0.1 kb	 0.0% Packages/com.unity.render-pipelines.universal/Runtime/History/SingleHistoryBase.cs
 0.1 kb	 0.0% Packages/com.unity.render-pipelines.universal/Runtime/FrameData/UniversalShadowData.cs
 0.1 kb	 0.0% Packages/com.unity.render-pipelines.universal/Runtime/FrameData/UniversalLightData.cs
 0.1 kb	 0.0% Packages/com.unity.render-pipelines.universal/Runtime/FrameData/UniversalCameraData.cs
 0.1 kb	 0.0% Packages/com.unity.render-pipelines.universal/Runtime/ForwardRendererData.cs
 0.1 kb	 0.0% Packages/com.unity.render-pipelines.universal/Runtime/ForwardLights.cs
 0.1 kb	 0.0% Packages/com.unity.render-pipelines.universal/Runtime/DeferredLights.cs
 0.1 kb	 0.0% Packages/com.unity.render-pipelines.universal/Runtime/Decal/Entities/DecalEntityManager.cs
 0.1 kb	 0.0% Packages/com.unity.render-pipelines.universal/Runtime/Decal/DecalShaderPassNames.cs
 0.1 kb	 0.0% Packages/com.unity.render-pipelines.universal/Runtime/Decal/DBuffer/DBufferRenderPass.cs
 0.1 kb	 0.0% Packages/com.unity.render-pipelines.universal/Runtime/Decal/DBuffer/DBufferDepthCopyPass.cs
 0.1 kb	 0.0% Packages/com.unity.render-pipelines.universal/Runtime/2D/Sources/SelectionSource2D.cs
 0.1 kb	 0.0% Packages/com.unity.render-pipelines.universal/Runtime/2D/Rendergraph/Renderer2DRendergraph.cs
 0.1 kb	 0.0% Packages/com.unity.render-pipelines.core/Runtime/UnifiedRayTracing/RayTracingResources.cs
 0.1 kb	 0.0% Packages/com.unity.render-pipelines.core/Runtime/UnifiedRayTracing/RayTracingContext.cs
 0.1 kb	 0.0% Packages/com.unity.render-pipelines.core/Runtime/UnifiedRayTracing/IRayTracingShader.cs
 0.1 kb	 0.0% Packages/com.unity.render-pipelines.core/Runtime/UnifiedRayTracing/IRayTracingBackend.cs
 0.1 kb	 0.0% Packages/com.unity.render-pipelines.core/Runtime/UnifiedRayTracing/Compute/BLASPositionsPool.cs
 0.1 kb	 0.0% Packages/com.unity.render-pipelines.core/Runtime/UnifiedRayTracing/Common/GeometryPool/GeometryPoolDefs.cs
 0.1 kb	 0.0% Packages/com.unity.render-pipelines.core/Runtime/UnifiedRayTracing/Common/AccelStructInstances.cs
 0.1 kb	 0.0% Packages/com.unity.render-pipelines.core/Runtime/UnifiedRayTracing/Common/AccelStructAdapter.cs
 0.1 kb	 0.0% Packages/com.unity.render-pipelines.core/Runtime/RenderGraph/RenderGraphResources.cs
 0.1 kb	 0.0% Packages/com.unity.render-pipelines.core/Runtime/RenderGraph/Debug/RenderGraph.DebugData.cs
 0.1 kb	 0.0% Packages/com.unity.render-pipelines.core/Runtime/PathTracing/UnityComputeDeviceContext.cs
 0.1 kb	 0.0% Packages/com.unity.render-pipelines.core/Runtime/PathTracing/UVAccelerationStructure.cs
 0.1 kb	 0.0% Packages/com.unity.render-pipelines.core/Runtime/PathTracing/LightmapIntegration.cs
 0.1 kb	 0.0% Packages/com.unity.render-pipelines.core/Runtime/PathTracing/AdaptiveSamplingHelpers.cs
 0.1 kb	 0.0% Packages/com.unity.render-pipelines.core/Runtime/Lighting/ProbeVolume/ProbeReferenceVolume.Streaming.cs
 0.1 kb	 0.0% Packages/com.unity.render-pipelines.core/Runtime/Lighting/ProbeVolume/ProbeReferenceVolume.Debug.cs
 0.1 kb	 0.0% Packages/com.unity.render-pipelines.core/Runtime/GPUDriven/Utilities/ParallelSortExtensions.cs
 0.1 kb	 0.0% Packages/com.unity.render-pipelines.core/Runtime/GPUDriven/Utilities/NativeHandleAllocator.cs
 0.1 kb	 0.0% Packages/com.unity.render-pipelines.core/Runtime/GPUDriven/SceneProcessors/MeshRendererUpdateBatch.cs
 0.1 kb	 0.0% Packages/com.unity.render-pipelines.core/Runtime/GPUDriven/SceneProcessors/MeshRendererProcessor.cs
 0.1 kb	 0.0% Packages/com.unity.render-pipelines.core/Runtime/GPUDriven/GPUResidentDrawer.Validator.cs
 0.1 kb	 0.0% Packages/com.unity.render-pipelines.core/Runtime/GPUDriven/Culling/OcclusionCullingCommon.cs
 0.1 kb	 0.0% Packages/com.unity.render-pipelines.core/Runtime/GPUDriven/CoreDataSystems/LODGroupDataSystemBurst.cs
 0.1 kb	 0.0% Packages/com.unity.render-pipelines.core/Runtime/GPUDriven/CoreDataSystems/InstanceDataSystemBurst.cs
 0.1 kb	 0.0% Packages/com.unity.render-pipelines.core/Runtime/GPUDriven/CoreDataSystems/GPUInstanceDataBuffer.cs
 0.1 kb	 0.0% Packages/com.unity.render-pipelines.core/Runtime/GPUDriven/Components/DisallowSmallMeshCulling.cs
 0.1 kb	 0.0% Packages/com.unity.render-pipelines.core/Runtime/GPUDriven/Batching/InstanceCullingBatcher.cs
 0.1 kb	 0.0% Packages/com.unity.render-pipelines.core/Runtime/GPUDriven/Batching/CPUDrawInstanceDataBurst.cs
 0.1 kb	 0.0% Packages/com.unity.physics/Unity.Physics/Numerics/Linear/Sparse/BasicRoutinesLevel3.cs
 0.1 kb	 0.0% Packages/com.unity.physics/Unity.Physics/Numerics/Linear/Sparse/BasicRoutinesLevel2.cs
 0.1 kb	 0.0% Packages/com.unity.physics/Unity.Physics/Numerics/Linear/Sparse/BasicRoutinesLevel1.cs
 0.1 kb	 0.0% Packages/com.unity.physics/Unity.Physics/Extensions/BlobAssetReferenceColliderExtensions.cs
 0.1 kb	 0.0% Packages/com.unity.inputsystem/InputSystem/Runtime/Utilities/DisplayStringFormatAttribute.cs
 0.1 kb	 0.0% Packages/com.unity.inputsystem/InputSystem/Runtime/Plugins/XR/Haptics/SendBufferedHapticsCommand.cs
 0.1 kb	 0.0% Packages/com.unity.inputsystem/InputSystem/Runtime/Plugins/XR/Haptics/GetHapticCapabilitiesCommand.cs
 0.1 kb	 0.0% Packages/com.unity.inputsystem/InputSystem/Runtime/Plugins/XR/Haptics/GetCurrentHapticStateCommand.cs
 0.1 kb	 0.0% Packages/com.unity.inputsystem/InputSystem/Runtime/Plugins/UI/ExtendedSubmitCancelEventData.cs
 0.1 kb	 0.0% Packages/com.unity.inputsystem/InputSystem/Runtime/Plugins/Android/AndroidGameController.cs
 0.1 kb	 0.0% Packages/com.unity.inputsystem/InputSystem/Runtime/Controls/Processors/NormalizeVector3Processor.cs
 0.1 kb	 0.0% Packages/com.unity.inputsystem/InputSystem/Runtime/Controls/Processors/NormalizeVector2Processor.cs
 0.1 kb	 0.0% Packages/com.unity.inputsystem/InputSystem/Runtime/Controls/Processors/EditorWindowSpaceProcessor.cs
 0.1 kb	 0.0% Packages/com.unity.inputsystem/InputSystem/Runtime/Controls/Processors/CompensateRotationProcessor.cs
 0.1 kb	 0.0% Packages/com.unity.inputsystem/InputSystem/Runtime/Controls/Processors/CompensateDirectionProcessor.cs
 0.1 kb	 0.0% Packages/com.unity.inputsystem/InputSystem/Editor/Plugins/HID/HIDSupportEditorInitializer.cs
 0.1 kb	 0.0% Packages/com.unity.inputsystem/InputSystem/Editor/Controls/Processors/StickDeadzoneProcessorEditor.cs
 0.1 kb	 0.0% Packages/com.unity.inputsystem/InputSystem/Editor/Controls/Processors/AxisDeadzoneProcessorEditor.cs
 0.1 kb	 0.0% Packages/com.unity.inputsystem/InputSystem/Editor/Actions/Interactions/MultiTapInteractionEditor.cs
 0.1 kb	 0.0% Packages/com.unity.entities/Unity.Entities/Types/RegisterGenericComponentTypeAttribute.cs
 0.1 kb	 0.0% Packages/com.unity.entities/Unity.Entities/RequireMatchingQueriesForUpdateAttribute.cs
 0.1 kb	 0.0% Packages/com.unity.entities/Unity.Entities/DisallowRefReturnCrossingThisAttribute.cs
 0.1 kb	 0.0% Packages/com.unity.entities/Unity.Entities.UI/Attributes/CreateInstanceOnInspectionAttribute.cs
 0.1 kb	 0.0% Packages/com.unity.collections/Unity.Collections/UnsafeParallelHashSetExtensions.gen.cs
 0.1 kb	 0.0% Packages/com.unity.collections/Unity.Collections/UnsafeParallelHashMap.cs
 0.1 kb	 0.0% Packages/com.unity.cinemachine/Runtime/Impulse/CinemachineCollisionImpulseSource.cs
 0.1 kb	 0.0% Packages/com.unity.cinemachine/Runtime/Impulse/CinemachinExternalImpulseListener.cs
 0.1 kb	 0.0% Packages/com.unity.cinemachine/Runtime/Components/CinemachineSplineDollyLookAtTargets.cs
 0.1 kb	 0.0% Packages/com.unity.cinemachine/Runtime/Components/CinemachineRotateWithFollowTarget.cs
 0.1 kb	 0.0% Packages/com.unity.cinemachine/Runtime/Components/CinemachineBasicMultiChannelPerlin.cs
 0.1 kb	 0.0% Packages/com.unity.behavior/com.unity.serialization/Runtime/Unity.Serialization/Utility/Internal/SerializedReferenceVisitor.cs
 0.1 kb	 0.0% Packages/com.unity.behavior/com.unity.serialization/Runtime/Unity.Serialization/Json/Views/SerializedPrimitiveView.cs
 0.1 kb	 0.0% Packages/com.unity.behavior/com.unity.serialization/Runtime/Unity.Serialization/Json/Parser/SerializedObjectReader.cs
 0.1 kb	 0.0% Packages/com.unity.behavior/com.unity.serialization/Runtime/Unity.Serialization/Json/Migration/Internal/JsonMigrationCollection.cs
 0.1 kb	 0.0% Packages/com.unity.behavior/com.unity.serialization/Runtime/Unity.Serialization/Json/JsonSerialization+FromJson.cs
 0.1 kb	 0.0% Packages/com.unity.behavior/com.unity.serialization/Runtime/Unity.Serialization/Json/Adapters/Internal/JsonAdapterCollection.cs
 0.1 kb	 0.0% Packages/com.unity.behavior/com.unity.serialization/Runtime/Unity.Serialization/Binary/Properties/Internal/BinaryPropertyVisitor.cs
 0.1 kb	 0.0% Packages/com.unity.behavior/com.unity.serialization/Runtime/Unity.Serialization/Binary/BinarySerialization+ToBinary.cs
 0.1 kb	 0.0% Packages/com.unity.behavior/com.unity.serialization/Runtime/Unity.Serialization/Binary/Adapters/Internal/BinaryAdapterCollection.cs
 0.1 kb	 0.0% Packages/com.unity.behavior/Runtime/Execution/Conditions/IConditionSerializationCallbackReceiver.cs
 0.1 kb	 0.0% Packages/com.unity.animation.rigging/Runtime/DocCodeExamples/CustomRigBuilderEvaluator.cs
 0.1 kb	 0.0% Packages/com.unity.animation.rigging/Runtime/DocCodeExamples/CustomPlayableGraphEvaluator.cs
 0.1 kb	 0.0% Packages/com.unity.animation.rigging/Runtime/Attributes/SyncSceneToStreamAttribute.cs
 0.1 kb	 0.0% Packages/com.unity.animation.rigging/Runtime/AnimationRig/Constraints/MultiReferentialConstraint.cs
 0.1 kb	 0.0% Packages/com.unity.animation.rigging/Runtime/AnimationJobs/WeightedTransformArrayBinder.cs
 0.1 kb	 0.0% Packages/com.unity.animation.rigging/Runtime/AnimationJobs/MultiRotationConstraintJob.cs
 0.1 kb	 0.0% Packages/com.unity.animation.rigging/Runtime/AnimationJobs/MultiPositionConstraintJob.cs
 0.1 kb	 0.0% Packages/com.autodesk.fbx/Runtime/Scripts/FbxLayerElementTemplateFbxSurfaceMaterial.cs
 0.1 kb	 0.0% Packages/com.unity.visualscripting/Runtime/VisualScripting.State/IStateTransitionDebugData.cs
 0.1 kb	 0.0% Packages/com.unity.visualscripting/Runtime/VisualScripting.Flow/Ports/IUnitOutputPortDefinition.cs
 0.1 kb	 0.0% Packages/com.unity.visualscripting/Runtime/VisualScripting.Flow/Ports/IUnitControlPortDefinition.cs
 0.1 kb	 0.0% Packages/com.unity.visualscripting/Runtime/VisualScripting.Flow/Framework/Variables/Obsolete/IsApplicationVariableDefined.cs
 0.1 kb	 0.0% Packages/com.unity.visualscripting/Runtime/VisualScripting.Flow/Framework/Events/Hierarchy/OnTransformChildrenChanged.cs
 0.1 kb	 0.0% Packages/com.unity.visualscripting/Runtime/VisualScripting.Flow/Dependencies/NCalc/TernaryExpression.cs
 0.1 kb	 0.0% Packages/com.unity.visualscripting/Runtime/VisualScripting.Flow/Dependencies/NCalc/SerializationVisitor.cs
 0.1 kb	 0.0% Packages/com.unity.visualscripting/Runtime/VisualScripting.Flow/Dependencies/NCalc/LogicalExpression.cs
 0.1 kb	 0.0% Packages/com.unity.visualscripting/Runtime/VisualScripting.Flow/Dependencies/NCalc/IdentifierExpression.cs
 0.1 kb	 0.0% Packages/com.unity.visualscripting/Runtime/VisualScripting.Flow/Dependencies/NCalc/FunctionExpression.cs
 0.1 kb	 0.0% Packages/com.unity.visualscripting/Runtime/VisualScripting.Flow/Dependencies/NCalc/EvaluationVisitor.cs
 0.1 kb	 0.0% Packages/com.unity.visualscripting/Runtime/VisualScripting.Flow/Dependencies/NCalc/EvaluationException.cs
 0.1 kb	 0.0% Packages/com.unity.visualscripting/Runtime/VisualScripting.Core/Variables/VariableDeclarationsCloner.cs
 0.1 kb	 0.0% Packages/com.unity.visualscripting/Runtime/VisualScripting.Core/Utilities/ReferenceEqualityComparer.cs
 0.1 kb	 0.0% Packages/com.unity.visualscripting/Runtime/VisualScripting.Core/Unity/UnityObjectOwnershipUtility.cs
 0.1 kb	 0.0% Packages/com.unity.visualscripting/Runtime/VisualScripting.Core/Unity/RequiresUnityAPIAttribute.cs
 0.1 kb	 0.0% Packages/com.unity.visualscripting/Runtime/VisualScripting.Core/SerializedProperties/ISerializedPropertyProvider.cs
 0.1 kb	 0.0% Packages/com.unity.visualscripting/Runtime/VisualScripting.Core/Serialization/Converters/LooseAssemblyNameConverter.cs
 0.1 kb	 0.0% Packages/com.unity.visualscripting/Runtime/VisualScripting.Core/Reflection/RenamedNamespaceAttribute.cs
 0.1 kb	 0.0% Packages/com.unity.visualscripting/Runtime/VisualScripting.Core/Reflection/Optimization/ReflectionPropertyAccessor.cs
 0.1 kb	 0.0% Packages/com.unity.visualscripting/Runtime/VisualScripting.Core/Reflection/Operators/GreaterThanOrEqualHandler.cs
 0.1 kb	 0.0% Packages/com.unity.visualscripting/Runtime/VisualScripting.Core/Reflection/Operators/AmbiguousOperatorException.cs
 0.1 kb	 0.0% Packages/com.unity.visualscripting/Runtime/VisualScripting.Core/Profiling/ProfiledSegmentCollection.cs
 0.1 kb	 0.0% Packages/com.unity.visualscripting/Runtime/VisualScripting.Core/Listeners/UIInterfaces/UnityOnSubmitMessageListener.cs
 0.1 kb	 0.0% Packages/com.unity.visualscripting/Runtime/VisualScripting.Core/Listeners/UIInterfaces/UnityOnSelectMessageListener.cs
 0.1 kb	 0.0% Packages/com.unity.visualscripting/Runtime/VisualScripting.Core/Listeners/UIInterfaces/UnityOnScrollMessageListener.cs
 0.1 kb	 0.0% Packages/com.unity.visualscripting/Runtime/VisualScripting.Core/Listeners/UIInterfaces/UnityOnMoveMessageListener.cs
 0.1 kb	 0.0% Packages/com.unity.visualscripting/Runtime/VisualScripting.Core/Listeners/UIInterfaces/UnityOnDropMessageListener.cs
 0.1 kb	 0.0% Packages/com.unity.visualscripting/Runtime/VisualScripting.Core/Listeners/UIInterfaces/UnityOnDragMessageListener.cs
 0.1 kb	 0.0% Packages/com.unity.visualscripting/Runtime/VisualScripting.Core/Listeners/UIInterfaces/UnityOnCancelMessageListener.cs
 0.1 kb	 0.0% Packages/com.unity.visualscripting/Runtime/VisualScripting.Core/Graphs/MergedGraphElementCollection.cs
 0.1 kb	 0.0% Packages/com.unity.visualscripting/Runtime/VisualScripting.Core/Graphs/IGraphElementWithDebugData.cs
 0.1 kb	 0.0% Packages/com.unity.visualscripting/Runtime/VisualScripting.Core/Exceptions/InvalidConversionException.cs
 0.1 kb	 0.0% Packages/com.unity.visualscripting/Runtime/VisualScripting.Core/EditorBinding/WarnBeforeRemovingAttribute.cs
 0.1 kb	 0.0% Packages/com.unity.visualscripting/Runtime/VisualScripting.Core/EditorBinding/WarnBeforeEditingAttribute.cs
 0.1 kb	 0.0% Packages/com.unity.visualscripting/Runtime/VisualScripting.Core/EditorBinding/TypeIconPriorityAttribute.cs
 0.1 kb	 0.0% Packages/com.unity.visualscripting/Runtime/VisualScripting.Core/EditorBinding/Inspector/InspectorToggleLeftAttribute.cs
 0.1 kb	 0.0% Packages/com.unity.visualscripting/Runtime/VisualScripting.Core/EditorBinding/Inspector/InspectorTextAreaAttribute.cs
 0.1 kb	 0.0% Packages/com.unity.visualscripting/Runtime/VisualScripting.Core/EditorBinding/Inspector/InspectorDelayedAttribute.cs
 0.1 kb	 0.0% Packages/com.unity.visualscripting/Runtime/VisualScripting.Core/EditorBinding/IncludeInSettingsAttribute.cs
 0.1 kb	 0.0% Packages/com.unity.visualscripting/Runtime/VisualScripting.Core/EditorBinding/DisableAnnotationAttribute.cs
 0.1 kb	 0.0% Packages/com.unity.visualscripting/Runtime/VisualScripting.Core/Dependencies/FullSerializer/Internal/fsVersionedType.cs
 0.1 kb	 0.0% Packages/com.unity.visualscripting/Runtime/VisualScripting.Core/Dependencies/FullSerializer/Internal/fsVersionManager.cs
 0.1 kb	 0.0% Packages/com.unity.visualscripting/Runtime/VisualScripting.Core/Dependencies/FullSerializer/Internal/fsTypeExtensions.cs
 0.1 kb	 0.0% Packages/com.unity.visualscripting/Runtime/VisualScripting.Core/Connections/InvalidConnectionException.cs
 0.1 kb	 0.0% Packages/com.unity.services.core/Runtime/Core/DynamicDependency/PreserveDependencyAttribute.cs
 0.1 kb	 0.0% Packages/com.unity.services.core/Runtime/Core.Internal/Components/Threading/IUnityThreadUtils.cs
 0.1 kb	 0.0% Packages/com.unity.services.core/Runtime/Core.Internal/Components/Telemetry/IDiagnosticsFactory.cs
 0.1 kb	 0.0% Packages/com.unity.services.core/Runtime/Core.Internal/Components/Networking/ReadOnlyHttpResponse.cs
 0.1 kb	 0.0% Packages/com.unity.services.core/Runtime/Core.Internal/Components/Networking/ReadOnlyHttpRequest.cs
 0.1 kb	 0.0% Packages/com.unity.services.core/Runtime/Core.Internal/Components/Authentication/ITargetingContext.cs
 0.1 kb	 0.0% Packages/com.unity.services.core/Runtime/Core.Internal/Components/Authentication/ITargetingActivation.cs
 0.1 kb	 0.0% Packages/com.unity.services.core/Runtime/Core.Internal/Components/Authentication/IPlayerNameComponent.cs
 0.1 kb	 0.0% Packages/com.unity.services.core/Runtime/Core.Internal/Components/Authentication/IAccessTokenObserver.cs
 0.1 kb	 0.0% Packages/com.unity.services.authentication/Runtime/Generated/Shared/OpenAPIDateConverter.cs
 0.1 kb	 0.0% Packages/com.unity.services.authentication/Runtime/Generated/Shared/IApiConfiguration.cs
 0.1 kb	 0.0% Packages/com.unity.services.authentication/Runtime/Generated/Shared/ApiRequestOptions.cs
 0.1 kb	 0.0% Packages/com.unity.render-pipelines.universal/Runtime/RTHandleUtils.cs
 0.1 kb	 0.0% Packages/com.unity.render-pipelines.universal/Runtime/Documentation.cs
 0.1 kb	 0.0% Packages/com.unity.render-pipelines.universal/Runtime/2D/Sources/Provider2DSource.cs
 0.1 kb	 0.0% Packages/com.unity.render-pipelines.universal/Runtime/2D/Sources/Provider2DRef.cs
 0.1 kb	 0.0% Packages/com.unity.render-pipelines.universal/Runtime/2D/Sources/Provider2DKVPair.cs
 0.1 kb	 0.0% Packages/com.unity.render-pipelines.universal/Runtime/2D/Sources/IProvider2DCache.cs
 0.1 kb	 0.0% Packages/com.unity.render-pipelines.universal/Runtime/2D/Shadows/ShadowRendering.cs
 0.1 kb	 0.0% Packages/com.unity.render-pipelines.universal/Runtime/2D/Shadows/ShadowCaster2D.cs
 0.1 kb	 0.0% Packages/com.unity.render-pipelines.universal/Runtime/2D/Shadows/Shadow Provider Utility/ShadowUtility.cs
 0.1 kb	 0.0% Packages/com.unity.render-pipelines.universal/Runtime/2D/Shadows/Shadow Provider Utility/ShadowShape2D.cs
 0.1 kb	 0.0% Packages/com.unity.render-pipelines.universal/Runtime/2D/Shadows/Shadow Provider Utility/EdgeDictionary.cs
 0.1 kb	 0.0% Packages/com.unity.render-pipelines.universal/Runtime/2D/Rendergraph/DrawShadow2DPass.cs
 0.1 kb	 0.0% Packages/com.unity.render-pipelines.universal/Runtime/2D/Rendergraph/DrawNormal2DPass.cs
 0.1 kb	 0.0% Packages/com.unity.render-pipelines.universal/Runtime/2D/Rendergraph/DrawLight2DPass.cs
 0.1 kb	 0.0% Packages/com.unity.render-pipelines.universal/Runtime/2D/Renderer2DData.cs
 0.1 kb	 0.0% Packages/com.unity.render-pipelines.universal/Runtime/2D/Passes/Utility/RendererLighting.cs
 0.1 kb	 0.0% Packages/com.unity.render-pipelines.universal/Runtime/2D/Lights/Providers/Light2DProvider.cs
 0.1 kb	 0.0% Packages/com.unity.render-pipelines.universal/Runtime/2D/Lights/Light2DManager.cs
 0.1 kb	 0.0% Packages/com.unity.render-pipelines.universal-config/Runtime/ShaderConfig.cs
 0.1 kb	 0.0% Packages/com.unity.render-pipelines.core/Runtime/XR/XRGraphicsAutomatedTests.cs
 0.1 kb	 0.0% Packages/com.unity.render-pipelines.core/Runtime/Textures/PowerOfTwoTextureAtlas.cs
 0.1 kb	 0.0% Packages/com.unity.render-pipelines.core/Runtime/Textures/BufferedRTHandleSystem.cs
 0.1 kb	 0.0% Packages/com.unity.render-pipelines.core/Runtime/Settings/ShaderStrippingSetting.cs
 0.1 kb	 0.0% Packages/com.unity.render-pipelines.core/Runtime/Settings/LightmapSamplingSettings.cs
 0.1 kb	 0.0% Packages/com.unity.render-pipelines.core/Runtime/Sampling/SamplingResources.cs
 0.1 kb	 0.0% Packages/com.unity.render-pipelines.core/Runtime/RenderPipeline/RenderPipelineResources.cs
 0.1 kb	 0.0% Packages/com.unity.render-pipelines.core/Runtime/RenderGraph/RenderGraphPass.cs
 0.1 kb	 0.0% Packages/com.unity.render-pipelines.core/Runtime/RenderGraph/RenderGraph.Compiler.cs
 0.1 kb	 0.0% Packages/com.unity.render-pipelines.core/Runtime/RenderGraph/Deprecated.cs
 0.1 kb	 0.0% Packages/com.unity.render-pipelines.core/Runtime/PostProcessing/LensFlareComponentSRP.cs
 0.1 kb	 0.0% Packages/com.unity.render-pipelines.core/Runtime/PostProcessing/IPostProcessComponent.cs
 0.1 kb	 0.0% Packages/com.unity.render-pipelines.core/Runtime/PathTracing/ProbePostProcessor.cs
 0.1 kb	 0.0% Packages/com.unity.render-pipelines.core/Runtime/Lighting/ProbeVolume/ProbeVolumePositioning.cs
 0.1 kb	 0.0% Packages/com.unity.render-pipelines.core/Runtime/Lighting/ProbeVolume/ProbeVolumePerSceneData.cs
 0.1 kb	 0.0% Packages/com.unity.render-pipelines.core/Runtime/Lighting/ProbeVolume/ProbeReferenceVolume.Binding.cs
 0.1 kb	 0.0% Packages/com.unity.render-pipelines.core/Runtime/Lighting/ProbeVolume/ProbeAdjustmentVolume.cs
 0.1 kb	 0.0% Packages/com.unity.render-pipelines.core/Runtime/GPUDriven/Culling/InstanceOcclusionCuller.cs
 0.1 kb	 0.0% Packages/com.unity.render-pipelines.core/Runtime/GPUDriven/CoreDataSystems/InstanceDataSystem.Jobs.cs
 0.1 kb	 0.0% Packages/com.unity.render-pipelines.core/Runtime/Debugging/ShaderDebugPrintManager.cs
 0.1 kb	 0.0% Packages/com.unity.render-pipelines.core/Runtime/Debugging/RuntimePersistentDebugUI.cs
 0.1 kb	 0.0% Packages/com.unity.render-pipelines.core/Runtime/Debugging/IDebugDisplaySettings.cs
 0.1 kb	 0.0% Packages/com.unity.render-pipelines.core/Runtime/Debugging/DebugDisplaySettingsUI.cs
 0.1 kb	 0.0% Packages/com.unity.render-pipelines.core/Runtime/Debugging/DebugDisplaySerializer.cs
 0.1 kb	 0.0% Packages/com.unity.render-pipelines.core/Runtime/Common/RemoveRange.Extensions.cs
 0.1 kb	 0.0% Packages/com.unity.render-pipelines.core/Runtime/Common/DynamicResolutionHandler.cs
 0.1 kb	 0.0% Packages/com.unity.render-pipelines.core/Runtime/Common/CoreProfilingSamplers.cs
 0.1 kb	 0.0% Packages/com.unity.render-pipelines.core/Runtime/Common/ComponentSingleton.cs
 0.1 kb	 0.0% Packages/com.unity.render-pipelines.core/Runtime/CommandBuffers/IComputeCommandBuffer.cs
 0.1 kb	 0.0% Packages/com.unity.render-pipelines.core/Runtime/Camera/CameraHistory.cs
 0.1 kb	 0.0% Packages/com.unity.probuilder/External/Poly2Tri/Triangulation/TriangulationConstraint.cs
 0.1 kb	 0.0% Packages/com.unity.probuilder/External/Poly2Tri/Triangulation/Delaunay/Sweep/DTSweepPointComparator.cs
 0.1 kb	 0.0% Packages/com.unity.physics/Unity.Physics/ECS/GraphicsIntegration/Systems/RecordMostRecentFixedTime.cs
 0.1 kb	 0.0% Packages/com.unity.physics/Unity.Physics/ECS/GraphicsIntegration/Systems/GraphicalSmoothingUtility.cs
 0.1 kb	 0.0% Packages/com.unity.physics/Unity.Physics/ECS/GraphicsIntegration/Components/PhysicsGraphicalComponents.cs
 0.1 kb	 0.0% Packages/com.unity.physics/Unity.Physics/Base/Jobs/IJobParallelForDeferExtensionsPhysics.cs
 0.1 kb	 0.0% Packages/com.unity.physics/Unity.Physics.Hybrid/Utilities/DebugDisplay/DisplayDirectSolverIslandsSystem.cs
 0.1 kb	 0.0% Packages/com.unity.physics/Unity.Physics.Hybrid/Utilities/DebugDisplay/CleanPhysicsDebugDataSystem.cs
 0.1 kb	 0.0% Packages/com.unity.physics/Unity.Physics.Hybrid/EntitiesBaking/BakingSystems/UniquePrefabColliderBakingSystem.cs
 0.1 kb	 0.0% Packages/com.unity.physics/Unity.Physics.Hybrid/EntitiesBaking/BakingSystems/TemporalCoherenceBakingSystem.cs
 0.1 kb	 0.0% Packages/com.unity.physics/Unity.Physics.Hybrid/EntitiesBaking/BakingSystems/CustomPhysicsProxyBakingSystem.cs
 0.1 kb	 0.0% Packages/com.unity.inputsystem/InputSystem/Runtime/State/IInputStateCallbackReceiver.cs
 0.1 kb	 0.0% Packages/com.unity.inputsystem/InputSystem/Runtime/Plugins/InputForUI/InputSystemProvider.cs
 0.1 kb	 0.0% Packages/com.unity.inputsystem/InputSystem/Runtime/Plugins/DualShock/DualShockGamepadHID.cs
 0.1 kb	 0.0% Packages/com.unity.inputsystem/InputSystem/Runtime/Devices/IInputUpdateCallbackReceiver.cs
 0.1 kb	 0.0% Packages/com.unity.inputsystem/InputSystem/Runtime/Devices/Commands/SetSamplingFrequencyCommand.cs
 0.1 kb	 0.0% Packages/com.unity.inputsystem/InputSystem/Runtime/Devices/Commands/SetIMECursorPositionCommand.cs
 0.1 kb	 0.0% Packages/com.unity.inputsystem/InputSystem/Runtime/Devices/Commands/QueryKeyboardLayoutCommand.cs
 0.1 kb	 0.0% Packages/com.unity.inputsystem/InputSystem/Runtime/Devices/Commands/EnableIMECompositionCommand.cs
 0.1 kb	 0.0% Packages/com.unity.inputsystem/InputSystem/Runtime/Controls/InputControlLayoutAttribute.cs
 0.1 kb	 0.0% Packages/com.unity.inputsystem/InputSystem/Runtime/Actions/InputActionRebindingExtensions.cs
 0.1 kb	 0.0% Packages/com.unity.inputsystem/InputSystem/Runtime/Actions/DeferBindingResolutionContext.cs
 0.1 kb	 0.0% Packages/com.unity.inputsystem/InputSystem/Editor/UITKAssetEditor/Views/NameAndParametersListView.cs
 0.1 kb	 0.0% Packages/com.unity.inputsystem/InputSystem/Editor/UITKAssetEditor/Views/InputActionMapsTreeViewItem.cs
 0.1 kb	 0.0% Packages/com.unity.inputsystem/InputSystem/Editor/UITKAssetEditor/InputActionsEditorConstants.cs
 0.1 kb	 0.0% Packages/com.unity.inputsystem/InputSystem/Editor/Settings/InputSettingsBuildProvider.cs
 0.1 kb	 0.0% Packages/com.unity.inputsystem/InputSystem/Editor/Settings/EditorPlayerSettingHelpers.cs
 0.1 kb	 0.0% Packages/com.unity.inputsystem/InputSystem/Editor/PropertyDrawers/InputActionPropertyDrawer.cs
 0.1 kb	 0.0% Packages/com.unity.inputsystem/InputSystem/Editor/PropertyDrawers/GamepadButtonPropertyDrawer.cs
 0.1 kb	 0.0% Packages/com.unity.inputsystem/InputSystem/Editor/Internal/SerializedPropertyHelpers.cs
 0.1 kb	 0.0% Packages/com.unity.inputsystem/InputSystem/Editor/Internal/AdvancedDropdown/AdvancedDropdownDataSource.cs
 0.1 kb	 0.0% Packages/com.unity.inputsystem/InputSystem/Editor/InputSystemPackageControl.cs
 0.1 kb	 0.0% Packages/com.unity.inputsystem/InputSystem/Editor/InputSystemEditorInitializer.cs
 0.1 kb	 0.0% Packages/com.unity.inputsystem/InputSystem/Editor/Debugger/SampleFrequencyCalculator.cs
 0.1 kb	 0.0% Packages/com.unity.inputsystem/InputSystem/Editor/Debugger/InputDeviceDebuggerWindow.cs
 0.1 kb	 0.0% Packages/com.unity.inputsystem/InputSystem/Editor/Debugger/InputActionDebuggerWindow.cs
 0.1 kb	 0.0% Packages/com.unity.inputsystem/InputSystem/Editor/ControlPicker/InputControlPickerDropdown.cs
 0.1 kb	 0.0% Packages/com.unity.inputsystem/InputSystem/Editor/ControlPicker/IInputControlPickerLayout.cs
 0.1 kb	 0.0% Packages/com.unity.inputsystem/InputSystem/Editor/AssetImporter/InputActionImporterEditor.cs
 0.1 kb	 0.0% Packages/com.unity.inputsystem/InputSystem/Editor/AssetImporter/InputActionAssetIconLoader.cs
 0.1 kb	 0.0% Packages/com.unity.inputsystem/InputSystem/Editor/AssetEditor/InputBindingPropertiesView.cs
 0.1 kb	 0.0% Packages/com.unity.inputsystem/InputSystem/Editor/AssetEditor/InputActionPropertiesView.cs
 0.1 kb	 0.0% Packages/com.unity.inputsystem/InputSystem/Editor/Analytics/PlayerInputEditorAnalytic.cs
 0.1 kb	 0.0% Packages/com.unity.inputsystem/InputSystem/Editor/Analytics/OnScreenStickEditorAnalytic.cs
 0.1 kb	 0.0% Packages/com.unity.inputsystem/InputSystem/Editor/Analytics/InputExitPlayModeAnalytic.cs
 0.1 kb	 0.0% Packages/com.unity.inputsystem/InputSystem/Editor/Analytics/InputComponentEditorAnalytic.cs
 0.1 kb	 0.0% Packages/com.unity.entities/Unity.Entities/Serialization/Binary/Adapters/BinarySerializationContext.cs
 0.1 kb	 0.0% Packages/com.unity.entities/Unity.Entities/ProfilerModules/StructuralChangesProfiler+StructuralChangesData.cs
 0.1 kb	 0.0% Packages/com.unity.entities/Unity.Entities/ProfilerModules/StructuralChangesProfiler+StructuralChangeType.cs
 0.1 kb	 0.0% Packages/com.unity.entities/Unity.Entities.Hybrid/Baking/LinkedEntityGroupAuthoring.cs
 0.1 kb	 0.0% Packages/com.unity.entities/Unity.Entities.Hybrid/Baking/BakingOnlyEntityAuthoring.cs
 0.1 kb	 0.0% Packages/com.unity.entities/Unity.Entities.Hybrid/Baking/AdditionalEntitiesBakingData.cs
 0.1 kb	 0.0% Packages/com.unity.dt.app-ui/Runtime/InternalBridge/UIDocumentRootElementBridge.cs
 0.1 kb	 0.0% Packages/com.unity.dt.app-ui/Runtime/InternalBridge/ColorPickerExtensionsBridge.cs
 0.1 kb	 0.0% Packages/com.unity.collections/Unity.Collections/UnsafeNotBurstCompatible.cs
 0.1 kb	 0.0% Packages/com.unity.behavior/com.unity.serialization/Runtime/Unity.Serialization/Json/Views/Internal/UnsafePrimitiveView.cs
 0.1 kb	 0.0% Packages/com.unity.behavior/com.unity.serialization/Runtime/Unity.Serialization/Json/JsonSerialization+ToJson.cs
 0.1 kb	 0.0% Packages/com.unity.behavior/com.unity.serialization/Runtime/Unity.Serialization/Json/Adapters/Internal/JsonAdapter+SerializedValueView.cs
 0.1 kb	 0.0% Packages/com.unity.behavior/com.unity.serialization/Runtime/Unity.Serialization/Binary/Adapters/Internal/BinaryAdapter+UnityEngine.cs
 0.1 kb	 0.0% Packages/com.unity.behavior/com.unity.serialization/Runtime/Unity.Serialization/Binary/Adapters/Internal/BinaryAdapter+UnityEditor.cs
 0.1 kb	 0.0% Assets/InputSystem.inputsettings.asset
 0.1 kb	 0.0% Packages/com.unity.visualscripting/Runtime/VisualScripting.Flow/Framework/Events/Input/InputSystem/OnInputSystemEvent.cs
 0.1 kb	 0.0% Packages/com.unity.visualscripting/Runtime/VisualScripting.Core/Dependencies/FullSerializer/fsPropertyAttribute.cs
 0.1 kb	 0.0% Packages/com.unity.visualscripting/Runtime/VisualScripting.Core/Dependencies/FullSerializer/fsObjectProcessor.cs
 0.1 kb	 0.0% Packages/com.unity.visualscripting/Runtime/VisualScripting.Core/Dependencies/FullSerializer/fsObjectAttribute.cs
 0.1 kb	 0.0% Packages/com.unity.visualscripting/Runtime/VisualScripting.Core/Dependencies/FullSerializer/fsIgnoreAttribute.cs
 0.1 kb	 0.0% Packages/com.unity.visualscripting/Runtime/VisualScripting.Core/Dependencies/FullSerializer/fsDirectConverter.cs
 0.1 kb	 0.0% Packages/com.unity.visualscripting/Runtime/VisualScripting.Core/Dependencies/FullSerializer/fsConverterRegistrar.cs
 0.1 kb	 0.0% Packages/com.unity.visualscripting/Runtime/VisualScripting.Core/Dependencies/FullSerializer/Reflection/fsReflectionUtility.cs
 0.1 kb	 0.0% Packages/com.unity.visualscripting/Runtime/VisualScripting.Core/Dependencies/FullSerializer/Converters/fsReflectedConverter.cs
 0.1 kb	 0.0% Packages/com.unity.visualscripting/Runtime/VisualScripting.Core/Dependencies/FullSerializer/Converters/fsPrimitiveConverter.cs
 0.1 kb	 0.0% Packages/com.unity.visualscripting/Runtime/VisualScripting.Core/Dependencies/FullSerializer/Converters/fsNullableConverter.cs
 0.1 kb	 0.0% Packages/com.unity.visualscripting/Runtime/VisualScripting.Core/Dependencies/FullSerializer/Converters/fsForwardConverter.cs
 0.1 kb	 0.0% Packages/com.unity.visualscripting/Runtime/VisualScripting.Core/Dependencies/FullSerializer/Converters/Unity/Rect_DirectConverter.cs
 0.1 kb	 0.0% Packages/com.unity.ugui/Runtime/UGUI/EventSystem/UIElements/UIToolkitInteroperabilityBridge.cs
 0.1 kb	 0.0% Packages/com.unity.services.core/Runtime/Telemetry/Metrics/MetricsFactory.cs
 0.1 kb	 0.0% Packages/com.unity.services.core/Runtime/Telemetry/Metrics/DisabledMetrics.cs
 0.1 kb	 0.0% Packages/com.unity.services.core/Runtime/Scheduler/TimeProvider/UtcTimeProvider.cs
 0.1 kb	 0.0% Packages/com.unity.services.core/Runtime/Scheduler/TimeProvider/ITimeProvider.cs
 0.1 kb	 0.0% Packages/com.unity.services.core/Runtime/Scheduler/ActionScheduler.cs
 0.1 kb	 0.0% Packages/com.unity.services.core/Runtime/Networking/HttpServiceConfig.cs
 0.1 kb	 0.0% Packages/com.unity.services.core/Runtime/Device/UserIdProviders/UnityEngineIdentifier.cs
 0.1 kb	 0.0% Packages/com.unity.services.core/Runtime/Device/UserIdProviders/UnityAnalyticsIdentifier.cs
 0.1 kb	 0.0% Packages/com.unity.services.core/Runtime/Device/UserIdProviders/IUserIdentifierProvider.cs
 0.1 kb	 0.0% Packages/com.unity.services.core/Runtime/Core/Initialization/UnityProjectNotLinkedException.cs
 0.1 kb	 0.0% Packages/com.unity.services.core/Runtime/Core/Initialization/ServicesInitializationException.cs
 0.1 kb	 0.0% Packages/com.unity.services.core/Runtime/Core.Internal/UnityServicesInternal.cs
 0.1 kb	 0.0% Packages/com.unity.services.core/Runtime/Core.Internal/UnityServicesInitializer.cs
 0.1 kb	 0.0% Packages/com.unity.services.core/Runtime/Core.Internal/Serialization/IJsonSerializer.cs
 0.1 kb	 0.0% Packages/com.unity.services.core/Runtime/Core.Internal/Registry/ServiceRegistry/LockedServiceRegistry.cs
 0.1 kb	 0.0% Packages/com.unity.services.core/Runtime/Core.Internal/Registry/PackageRegistry/LockedPackageRegistry.cs
 0.1 kb	 0.0% Packages/com.unity.services.core/Runtime/Core.Internal/Registry/IInitializablePackageV2.cs
 0.1 kb	 0.0% Packages/com.unity.services.core/Runtime/Core.Internal/Registry/IInitializablePackage.cs
 0.1 kb	 0.0% Packages/com.unity.services.core/Runtime/Core.Internal/Registry/DependencyTreeExtensions.cs
 0.1 kb	 0.0% Packages/com.unity.services.core/Runtime/Core.Internal/Registry/CoreRegistryInitializer.cs
 0.1 kb	 0.0% Packages/com.unity.services.core/Runtime/Core.Internal/Registry/ComponentRegistry/LockedComponentRegistry.cs
 0.1 kb	 0.0% Packages/com.unity.services.core/Runtime/Core.Internal/Components/Wire/IChannelTokenProvider.cs
 0.1 kb	 0.0% Packages/com.unity.services.core/Runtime/Core.Internal/Components/Environments/IEnvironments.cs
 0.1 kb	 0.0% Packages/com.unity.services.core/Runtime/Core.Internal/Components/Configuration/IExternalUserId.cs
 0.1 kb	 0.0% Packages/com.unity.services.core/Runtime/Core.Internal/Components/Configuration/ICloudProjectId.cs
 0.1 kb	 0.0% Packages/com.unity.services.core/Runtime/Core.Internal/AsyncOperation/IAsyncOperationAwaiter.cs
 0.1 kb	 0.0% Packages/com.unity.services.core/Runtime/Core.Internal/AsyncOperation/AsyncOperationExtensions.cs
 0.1 kb	 0.0% Packages/com.unity.services.core/Runtime/Core.Internal/AsyncOperation/AsyncOperationAwaiter.cs
 0.1 kb	 0.0% Packages/com.unity.services.core/Runtime/Configuration/ExternalUserId.cs
 0.1 kb	 0.0% Packages/com.unity.services.core/Runtime/Configuration/CloudProjectId.cs
 0.1 kb	 0.0% Packages/com.unity.services.core/Runtime/Components/ServicesBehaviour.cs
 0.1 kb	 0.0% Packages/com.unity.services.authentication/Runtime/Utilities/SerializerSettings.cs
 0.1 kb	 0.0% Packages/com.unity.services.authentication/Runtime/Utilities/IsolatedJsonConvert.cs
 0.1 kb	 0.0% Packages/com.unity.services.authentication/Runtime/Utilities/Cache/IAuthenticationCache.cs
 0.1 kb	 0.0% Packages/com.unity.services.authentication/Runtime/Utilities/Cache/AuthenticationCache.cs
 0.1 kb	 0.0% Packages/com.unity.services.authentication/Runtime/Network/WebRequestException.cs
 0.1 kb	 0.0% Packages/com.unity.services.authentication/Runtime/Models/Settings/NetworkConfiguration.cs
 0.1 kb	 0.0% Packages/com.unity.services.authentication/Runtime/Models/Responses/PlayerInfoResponse.cs
 0.1 kb	 0.0% Packages/com.unity.services.authentication/Runtime/Models/Responses/GenerateCodeResponse.cs
 0.1 kb	 0.0% Packages/com.unity.services.authentication/Runtime/Models/Responses/CodeLinkInfoResponse.cs
 0.1 kb	 0.0% Packages/com.unity.services.authentication/Runtime/Models/Requests/SessionTokenRequest.cs
 0.1 kb	 0.0% Packages/com.unity.services.authentication/Runtime/Models/Requests/LinkWithSteamRequest.cs
 0.1 kb	 0.0% Packages/com.unity.services.authentication/Runtime/Models/Requests/Code Linking/CodeLinkInfoRequest.cs
 0.1 kb	 0.0% Packages/com.unity.services.authentication/Runtime/Models/Components/TargetingComponent.cs
 0.1 kb	 0.0% Packages/com.unity.services.authentication/Runtime/Models/Components/PlayerNameComponent.cs
 0.1 kb	 0.0% Packages/com.unity.services.authentication/Runtime/Models/Components/PlayerIdComponent.cs
 0.1 kb	 0.0% Packages/com.unity.services.authentication/Runtime/Models/Components/AccessTokenComponent.cs
 0.1 kb	 0.0% Packages/com.unity.services.authentication/Runtime/Generated/PlayerNames/Api/PlayerNamesApi.cs
 0.1 kb	 0.0% Packages/com.unity.services.authentication/Player Accounts/Runtime/Utilities/Logger.cs
 0.1 kb	 0.0% Packages/com.unity.services.authentication/Player Accounts/Runtime/Models/IdToken.cs
 0.1 kb	 0.0% Packages/com.unity.services.authentication/Player Accounts/Runtime/Models/BaseJwt.cs
 0.1 kb	 0.0% Packages/com.unity.render-pipelines.universal/Runtime/XR/XRPassUniversal.cs
 0.1 kb	 0.0% Packages/com.unity.render-pipelines.universal/Runtime/Tiling/LightMinMaxZJob.cs
 0.1 kb	 0.0% Packages/com.unity.render-pipelines.universal/Runtime/Tiling/InclusiveRange.cs
 0.1 kb	 0.0% Packages/com.unity.render-pipelines.universal/Runtime/ShadowCulling.cs
 0.1 kb	 0.0% Packages/com.unity.render-pipelines.universal/Runtime/ShaderBitArray.cs
 0.1 kb	 0.0% Packages/com.unity.render-pipelines.universal/Runtime/RenderingUtils.cs
 0.1 kb	 0.0% Packages/com.unity.render-pipelines.universal/Runtime/RendererFeatures/RenderObjects.cs
 0.1 kb	 0.0% Packages/com.unity.render-pipelines.universal/Runtime/PostProcessUtils.cs
 0.1 kb	 0.0% Packages/com.unity.render-pipelines.universal/Runtime/Passes/PostProcess/PostProcessPass.cs
 0.1 kb	 0.0% Packages/com.unity.render-pipelines.universal/Runtime/Passes/HDRDebugViewPass.cs
 0.1 kb	 0.0% Packages/com.unity.render-pipelines.universal/Runtime/Passes/GBufferPass.cs
 0.1 kb	 0.0% Packages/com.unity.render-pipelines.universal/Runtime/Passes/DrawSkyboxPass.cs
 0.1 kb	 0.0% Packages/com.unity.render-pipelines.universal/Runtime/Passes/DeferredPass.cs
 0.1 kb	 0.0% Packages/com.unity.render-pipelines.universal/Runtime/Overrides/PaniniProjection.cs
 0.1 kb	 0.0% Packages/com.unity.render-pipelines.universal/Runtime/Overrides/LiftGammaGain.cs
 0.1 kb	 0.0% Packages/com.unity.render-pipelines.universal/Runtime/Overrides/LensDistortion.cs
 0.1 kb	 0.0% Packages/com.unity.render-pipelines.universal/Runtime/Overrides/ColorAdjustments.cs
 0.1 kb	 0.0% Packages/com.unity.render-pipelines.universal/Runtime/Memory/BuddyAllocator.cs
 0.1 kb	 0.0% Packages/com.unity.render-pipelines.universal/Runtime/History/RawDepthHistory.cs
 0.1 kb	 0.0% Packages/com.unity.render-pipelines.universal/Runtime/History/RawColorHistory.cs
 0.1 kb	 0.0% Packages/com.unity.render-pipelines.universal/Runtime/Deprecated.cs
 0.1 kb	 0.0% Packages/com.unity.render-pipelines.universal/Runtime/Decal/Entities/DecalDrawSystem.cs
 0.1 kb	 0.0% Packages/com.unity.render-pipelines.universal/Runtime/Decal/DecalProjector.cs
 0.1 kb	 0.0% Packages/com.unity.render-pipelines.universal/Runtime/Decal/DecalPreviewPass.cs
 0.1 kb	 0.0% Packages/com.unity.render-pipelines.universal/Runtime/Debug/DebugRenderSetup.cs
 0.1 kb	 0.0% Packages/com.unity.render-pipelines.universal/Runtime/Data/RenderStateData.cs
 0.1 kb	 0.0% Packages/com.unity.render-pipelines.universal/Runtime/Data/PostProcessData.cs
 0.1 kb	 0.0% Packages/com.unity.render-pipelines.universal/Runtime/ComponentUtility.cs
 0.1 kb	 0.0% Packages/com.unity.render-pipelines.universal/Runtime/2D/Shadows/Providers/ShadowShapeProvider2D_Utility.cs
 0.1 kb	 0.0% Packages/com.unity.render-pipelines.core/Runtime/XR/XRVisibleMesh.cs
 0.1 kb	 0.0% Packages/com.unity.render-pipelines.core/Runtime/XR/XROcclusionMesh.cs
 0.1 kb	 0.0% Packages/com.unity.render-pipelines.core/Runtime/XR/XRLayoutStack.cs
 0.1 kb	 0.0% Packages/com.unity.render-pipelines.core/Runtime/UnifiedRayTracing/Compute/RadeonRays/HlbvhTopLevelBuilder.cs
 0.1 kb	 0.0% Packages/com.unity.render-pipelines.core/Runtime/UnifiedRayTracing/Common/Utilities/GraphicsHelpers.cs
 0.1 kb	 0.0% Packages/com.unity.render-pipelines.core/Runtime/UnifiedRayTracing/Common/Utilities/BlockAllocator.cs
 0.1 kb	 0.0% Packages/com.unity.render-pipelines.core/Runtime/UnifiedRayTracing/Common/Utilities/BackendHelpers.cs
 0.1 kb	 0.0% Packages/com.unity.render-pipelines.core/Runtime/UnifiedRayTracing/Common/TerrainToMesh.cs
 0.1 kb	 0.0% Packages/com.unity.render-pipelines.core/Runtime/PathTracing/WriteRenderTexture.cs
 0.1 kb	 0.0% Packages/com.unity.render-pipelines.core/Runtime/PathTracing/UnityComputeWorld.cs
 0.1 kb	 0.0% Packages/com.unity.render-pipelines.core/Runtime/PathTracing/SphericalHarmonicsUtil.cs
 0.1 kb	 0.0% Packages/com.unity.render-pipelines.core/Runtime/PathTracing/LightmappingContext.cs
 0.1 kb	 0.0% Packages/com.unity.render-pipelines.core/Runtime/PathTracing/Lightmapping/UVOverlapDetection.cs
 0.1 kb	 0.0% Packages/com.unity.render-pipelines.core/Runtime/PathTracing/Lightmapping/ChartIdentification.cs
 0.1 kb	 0.0% Packages/com.unity.render-pipelines.core/Runtime/PathTracing/LightmapExpansion.cs
 0.1 kb	 0.0% Packages/com.unity.render-pipelines.core/Runtime/PathTracing/BakeLightmapDriver.cs
 0.1 kb	 0.0% Packages/com.unity.render-pipelines.core/Runtime/Lighting/ProbeVolume/ProbeIndexOfIndices.cs
 0.1 kb	 0.0% Packages/com.unity.render-pipelines.core/Runtime/GPUDriven/Utilities/LODRenderingUtils.cs
 0.1 kb	 0.0% Packages/com.unity.render-pipelines.core/Runtime/GPUDriven/Utilities/JaggedJobRangeBurst.cs
 0.1 kb	 0.0% Packages/com.unity.render-pipelines.core/Runtime/GPUDriven/SceneProcessors/WorldProcessorBurst.cs
 0.1 kb	 0.0% Packages/com.unity.render-pipelines.core/Runtime/GPUDriven/SceneProcessors/LODGroupUpdateBatch.cs
 0.1 kb	 0.0% Packages/com.unity.render-pipelines.core/Runtime/GPUDriven/SceneProcessors/LODGroupProcessor.cs
 0.1 kb	 0.0% Packages/com.unity.render-pipelines.core/Runtime/GPUDriven/GPUResidentDrawer.cs
 0.1 kb	 0.0% Packages/com.unity.render-pipelines.core/Runtime/GPUDriven/GPUResidentContext.cs
 0.1 kb	 0.0% Packages/com.unity.render-pipelines.core/Runtime/GPUDriven/Debug/GRDProfilerCounters.cs
 0.1 kb	 0.0% Packages/com.unity.render-pipelines.core/Runtime/GPUDriven/Culling/InstanceCullerBurst.cs
 0.1 kb	 0.0% Packages/com.unity.render-pipelines.core/Runtime/GPUDriven/CoreDataSystems/LODGroupDataSystem.cs
 0.1 kb	 0.0% Packages/com.unity.render-pipelines.core/Runtime/GPUDriven/CoreDataSystems/InstanceDataSystem.cs
 0.1 kb	 0.0% Packages/com.unity.render-pipelines.core/Runtime/GPUDriven/CoreDataSystems/InstanceAllocators.cs
 0.1 kb	 0.0% Packages/com.unity.render-pipelines.core/Runtime/GPUDriven/CoreDataSystems/GPUArchetypeManager.cs
 0.1 kb	 0.0% Packages/com.unity.render-pipelines.core/Runtime/GPUDriven/CoreDataSystems/DefaultGPUComponents.cs
 0.1 kb	 0.0% Packages/com.unity.render-pipelines.core/Runtime/GPUDriven/Batching/CPUDrawInstanceData.cs
 0.1 kb	 0.0% Packages/com.unity.render-pipelines.core/Runtime/Debugging/DebugUI.Fields.cs
 0.1 kb	 0.0% Packages/com.unity.render-pipelines.core/Runtime/Debugging/DebugManager.SchedulerTracker.cs
 0.1 kb	 0.0% Packages/com.unity.probuilder/Content/Resources/Materials/NoDraw.mat
 0.1 kb	 0.0% Packages/com.unity.physics/Unity.Physics/ECS/Base/Systems/UnityPhysicsSimulationSystems.cs
 0.1 kb	 0.0% Packages/com.unity.physics/Unity.Physics.Hybrid/Utilities/DebugDisplay/DisplayColliderBoundingVolumeSystem.cs
 0.1 kb	 0.0% Packages/com.unity.inputsystem/InputSystem/Runtime/Utilities/Observables/ForDeviceEventObservable.cs
 0.1 kb	 0.0% Packages/com.unity.inputsystem/InputSystem/Runtime/Plugins/XR/Haptics/SendHapticImpulseCommand.cs
 0.1 kb	 0.0% Packages/com.unity.inputsystem/InputSystem/Runtime/Plugins/Android/AndroidSensors.cs
 0.1 kb	 0.0% Packages/com.unity.inputsystem/InputSystem/Runtime/Controls/Processors/StickDeadzoneProcessor.cs
 0.1 kb	 0.0% Packages/com.unity.inputsystem/InputSystem/Runtime/Controls/Processors/ScaleVector3Processor.cs
 0.1 kb	 0.0% Packages/com.unity.inputsystem/InputSystem/Runtime/Controls/Processors/ScaleVector2Processor.cs
 0.1 kb	 0.0% Packages/com.unity.inputsystem/InputSystem/Runtime/Controls/Processors/InvertVector3Processor.cs
 0.1 kb	 0.0% Packages/com.unity.inputsystem/InputSystem/Runtime/Controls/Processors/InvertVector2Processor.cs
 0.1 kb	 0.0% Packages/com.unity.inputsystem/InputSystem/Runtime/Controls/Processors/AxisDeadzoneProcessor.cs
 0.1 kb	 0.0% Packages/com.unity.inputsystem/InputSystem/Runtime/Actions/Composites/TwoModifiersComposite.cs
 0.1 kb	 0.0% Packages/com.unity.inputsystem/InputSystem/Runtime/Actions/Composites/ButtonWithTwoModifiers.cs
 0.1 kb	 0.0% Packages/com.unity.inputsystem/InputSystem/Runtime/Actions/Composites/ButtonWithOneModifier.cs
 0.1 kb	 0.0% Packages/com.unity.inputsystem/InputSystem/Editor/AssetEditor/NameAndParameterListView.cs
 0.1 kb	 0.0% Packages/com.unity.inputsystem/InputSystem/Editor/Actions/Interactions/SlowTapInteractionEditor.cs
 0.1 kb	 0.0% Packages/com.unity.inputsystem/InputSystem/Editor/Actions/Interactions/PressInteractionEditor.cs
 0.1 kb	 0.0% Packages/com.unity.inputsystem/InputSystem/Editor/Actions/Interactions/HoldInteractionEditor.cs
 0.1 kb	 0.0% Packages/com.unity.inputsystem/InputSystem/Editor/Actions/Composites/Vector3CompositeEditor.cs
 0.1 kb	 0.0% Packages/com.unity.inputsystem/InputSystem/Editor/Actions/Composites/Vector2CompositeEditor.cs
 0.1 kb	 0.0% Packages/com.unity.entities/Unity.Entities/Types/RegisterGenericSystemTypeAttribute.cs
 0.1 kb	 0.0% Packages/com.unity.entities/Unity.Entities/Serialization/Binary/BinarySerialization+FromBinary.cs
 0.1 kb	 0.0% Packages/com.unity.entities/Unity.Entities/Internal/InternalEntityQueryEnumerator.cs
 0.1 kb	 0.0% Packages/com.unity.entities/Unity.Entities/GenerateBurstMonoInteropAttribute.cs
 0.1 kb	 0.0% Packages/com.unity.entities/Unity.Entities/DOTSCompilerPatchedMethodAttribute.cs
 0.1 kb	 0.0% Packages/com.unity.entities/Unity.Entities/Content/RuntimeContentManagerProfiler.cs
 0.1 kb	 0.0% Packages/com.unity.entities/Unity.Entities/Content/RuntimeContentCatalogDataUtility.cs
 0.1 kb	 0.0% Packages/com.unity.entities/Unity.Entities.Hybrid/CompanionGameObjectUpdateSystem.cs
 0.1 kb	 0.0% Packages/com.unity.entities/Unity.Entities.Hybrid/Baking/IncrementalBakingChangeTracker.cs
 0.1 kb	 0.0% Packages/com.unity.entities/Unity.Entities.Hybrid/Baking/BakingCompanionComponentSystem.cs
 0.1 kb	 0.0% Packages/com.unity.entities/Unity.Entities.Editor/Unity.InternalAPIEngineBridge.002/EventCommandNamesBridge.cs
 0.1 kb	 0.0% Packages/com.unity.dt.app-ui/Runtime/Navigation/NavGraphViewHierarchicalNode.cs
 0.1 kb	 0.0% Packages/com.unity.dt.app-ui/Runtime/Navigation/DefaultDestinationTemplate.cs
 0.1 kb	 0.0% Packages/com.unity.collections/Unity.Collections/UnsafeScratchAllocator.cs
 0.1 kb	 0.0% Packages/com.unity.collections/Unity.Collections/NativeParallelHashMapExtensions.cs
 0.1 kb	 0.0% Packages/com.unity.cinemachine/Runtime/Helpers/CinemachineInputAxisController.cs
 0.1 kb	 0.0% Packages/com.unity.cinemachine/Runtime/Helpers/CinemachineCameraManagerEvents.cs
 0.1 kb	 0.0% Packages/com.unity.cinemachine/Runtime/Deprecated/CinemachineSameAsFollowTarget.cs
 0.1 kb	 0.0% Packages/com.unity.cinemachine/Runtime/Deprecated/CinemachineLegacyCameraEvents.cs
 0.1 kb	 0.0% Packages/com.unity.cinemachine/Runtime/Behaviours/CinemachineShotQualityEvaluator.cs
 0.1 kb	 0.0% Packages/com.unity.behavior/com.unity.serialization/Runtime/Unity.Serialization/Utility/Internal/DefaultTypeConstruction.cs
 0.1 kb	 0.0% Packages/com.unity.behavior/com.unity.serialization/Runtime/Unity.Serialization/Json/Views/SerializedValueView.cs
 0.1 kb	 0.0% Packages/com.unity.behavior/com.unity.serialization/Runtime/Unity.Serialization/Json/Views/SerializedStringView.cs
 0.1 kb	 0.0% Packages/com.unity.behavior/com.unity.serialization/Runtime/Unity.Serialization/Json/Views/SerializedObjectView.cs
 0.1 kb	 0.0% Packages/com.unity.behavior/com.unity.serialization/Runtime/Unity.Serialization/Json/Views/SerializedMemberView.cs
 0.1 kb	 0.0% Packages/com.unity.behavior/com.unity.serialization/Runtime/Unity.Serialization/Json/Views/SerializedArrayView.cs
 0.1 kb	 0.0% Packages/com.unity.behavior/com.unity.serialization/Runtime/Unity.Serialization/Json/Validation/Internal/JsonValidator+Standard.cs
 0.1 kb	 0.0% Packages/com.unity.behavior/com.unity.serialization/Runtime/Unity.Serialization/Json/Validation/Internal/JsonValidationResult.cs
 0.1 kb	 0.0% Packages/com.unity.behavior/com.unity.serialization/Runtime/Unity.Serialization/Json/Utility/InvalidJsonException.cs
 0.1 kb	 0.0% Packages/com.unity.behavior/com.unity.serialization/Runtime/Unity.Serialization/Json/Properties/Internal/JsonPropertyWriter.cs
 0.1 kb	 0.0% Packages/com.unity.behavior/com.unity.serialization/Runtime/Unity.Serialization/Json/Properties/Internal/JsonPropertyVisitor.cs
 0.1 kb	 0.0% Packages/com.unity.behavior/com.unity.serialization/Runtime/Unity.Serialization/Json/Properties/Internal/JsonPropertyReader.cs
 0.1 kb	 0.0% Packages/com.unity.behavior/com.unity.serialization/Runtime/Unity.Serialization/Json/Parser/PackedBinaryStream.cs
 0.1 kb	 0.0% Packages/com.unity.behavior/com.unity.serialization/Runtime/Unity.Serialization/Json/Parser/Internal/PackedBinaryWriter.cs
 0.1 kb	 0.0% Packages/com.unity.behavior/com.unity.serialization/Runtime/Unity.Serialization/Json/Migration/JsonMigrationContext.cs
 0.1 kb	 0.0% Packages/com.unity.behavior/com.unity.serialization/Runtime/Unity.Serialization/Json/JsonSerialization.cs
 0.1 kb	 0.0% Packages/com.unity.behavior/com.unity.serialization/Runtime/Unity.Serialization/Binary/Properties/Internal/BinaryPropertyWriter.cs
 0.1 kb	 0.0% Packages/com.unity.behavior/com.unity.serialization/Runtime/Unity.Serialization/Binary/Properties/Internal/BinaryPropertyReader.cs
 0.1 kb	 0.0% Packages/com.unity.behavior/com.unity.serialization/Runtime/Unity.Serialization/Binary/BinarySerialization.cs
 0.1 kb	 0.0% Packages/com.unity.behavior/com.unity.serialization/Runtime/Unity.Serialization/Binary/Adapters/Internal/BinaryAdapter+System.IO.cs
 0.1 kb	 0.0% Packages/com.unity.behavior/com.unity.serialization/Runtime/Unity.Serialization/Binary/Adapters/Internal/BinaryAdapter+Primitives.cs
 0.1 kb	 0.0% Packages/com.unity.behavior/Authoring/GenerativeAI/WebApi/Model/CreateConversationRequest.cs
 0.1 kb	 0.0% Packages/com.unity.behavior/Authoring/GenerativeAI/WebApi/Model/ConversationFragmentPatch.cs
 0.1 kb	 0.0% Packages/com.unity.behavior/Authoring/GenerativeAI/WebApi/Client/UnexpectedResponseException.cs
 0.1 kb	 0.0% Packages/com.unity.animation.rigging/Runtime/Utils/AnimationRuntimeUtils.cs
 0.1 kb	 0.0% Packages/com.unity.animation.rigging/Runtime/Attributes/ExpandChildrenAttribute.cs
 0.1 kb	 0.0% Packages/com.unity.animation.rigging/Runtime/AnimationRig/WeightedTransformArray.cs
 0.1 kb	 0.0% Packages/com.unity.animation.rigging/Runtime/AnimationRig/SyncSceneToStreamLayer.cs
 0.1 kb	 0.0% Packages/com.unity.animation.rigging/Runtime/AnimationRig/Constraints/MultiRotationConstraint.cs
 0.1 kb	 0.0% Packages/com.unity.animation.rigging/Runtime/AnimationRig/Constraints/MultiPositionConstraint.cs
 0.1 kb	 0.0% Packages/com.unity.animation.rigging/Runtime/AnimationRig/Constraints/MultiParentConstraint.cs
 0.1 kb	 0.0% Packages/com.unity.animation.rigging/Runtime/AnimationJobs/TwoBoneIKConstraintJob.cs
 0.1 kb	 0.0% Packages/com.unity.animation.rigging/Runtime/AnimationJobs/TwistChainConstraintJob.cs
 0.1 kb	 0.0% Packages/com.unity.animation.rigging/Runtime/AnimationJobs/RigSyncSceneToStreamJob.cs
 0.1 kb	 0.0% Packages/com.unity.animation.rigging/Runtime/AnimationJobs/MultiParentConstraintJob.cs
 0.1 kb	 0.0% Packages/com.unity.animation.rigging/Runtime/AnimationJobs/MultiAimConstraintJob.cs
 0.1 kb	 0.0% Packages/com.unity.animation.rigging/Runtime/AnimationJobs/IWeightedAnimationJob.cs
 0.1 kb	 0.0% Packages/com.autodesk.fbx/Runtime/Scripts/FbxLayerElementArrayTemplateFbxVector4.cs
 0.1 kb	 0.0% Packages/com.autodesk.fbx/Runtime/Scripts/FbxLayerElementArrayTemplateFbxVector2.cs
 0.1 kb	 0.0% Packages/com.unity.visualscripting/Runtime/VisualScripting.State/TriggerStateTransition.cs
 0.1 kb	 0.0% Packages/com.unity.visualscripting/Runtime/VisualScripting.State/INesterStateTransition.cs
 0.1 kb	 0.0% Packages/com.unity.visualscripting/Runtime/VisualScripting.Flow/UnitCategoryConverter.cs
 0.1 kb	 0.0% Packages/com.unity.visualscripting/Runtime/VisualScripting.Flow/Ports/ValueOutputDefinition.cs
 0.1 kb	 0.0% Packages/com.unity.visualscripting/Runtime/VisualScripting.Flow/Ports/IUnitValuePortDefinition.cs
 0.1 kb	 0.0% Packages/com.unity.visualscripting/Runtime/VisualScripting.Flow/Ports/IUnitInputPortDefinition.cs
 0.1 kb	 0.0% Packages/com.unity.visualscripting/Runtime/VisualScripting.Flow/Ports/ControlPortDefinition.cs
 0.1 kb	 0.0% Packages/com.unity.visualscripting/Runtime/VisualScripting.Flow/Ports/ControlOutputDefinition.cs
 0.1 kb	 0.0% Packages/com.unity.visualscripting/Runtime/VisualScripting.Flow/Ports/ControlInputDefinition.cs
 0.1 kb	 0.0% Packages/com.unity.visualscripting/Runtime/VisualScripting.Flow/Framework/Variables/Obsolete/SetApplicationVariable.cs
 0.1 kb	 0.0% Packages/com.unity.visualscripting/Runtime/VisualScripting.Flow/Framework/Variables/Obsolete/IsVariableDefinedUnit.cs
 0.1 kb	 0.0% Packages/com.unity.visualscripting/Runtime/VisualScripting.Flow/Framework/Variables/Obsolete/IsSceneVariableDefined.cs
 0.1 kb	 0.0% Packages/com.unity.visualscripting/Runtime/VisualScripting.Flow/Framework/Variables/Obsolete/IsSavedVariableDefined.cs
 0.1 kb	 0.0% Packages/com.unity.visualscripting/Runtime/VisualScripting.Flow/Framework/Variables/Obsolete/IsObjectVariableDefined.cs
 0.1 kb	 0.0% Packages/com.unity.visualscripting/Runtime/VisualScripting.Flow/Framework/Variables/Obsolete/IsGraphVariableDefined.cs
 0.1 kb	 0.0% Packages/com.unity.visualscripting/Runtime/VisualScripting.Flow/Framework/Variables/Obsolete/IApplicationVariableUnit.cs
 0.1 kb	 0.0% Packages/com.unity.visualscripting/Runtime/VisualScripting.Flow/Framework/Variables/Obsolete/GetApplicationVariable.cs
 0.1 kb	 0.0% Packages/com.unity.visualscripting/Runtime/VisualScripting.Flow/Framework/Time/WaitForEndOfFrameUnit.cs
 0.1 kb	 0.0% Packages/com.unity.visualscripting/Runtime/VisualScripting.Flow/Framework/Logic/NotApproximatelyEqual.cs
 0.1 kb	 0.0% Packages/com.unity.visualscripting/Runtime/VisualScripting.Flow/Framework/Events/Physics/OnControllerColliderHit.cs
 0.1 kb	 0.0% Packages/com.unity.visualscripting/Runtime/VisualScripting.Flow/Framework/Events/Hierarchy/OnTransformParentChanged.cs
 0.1 kb	 0.0% Packages/com.unity.visualscripting/Runtime/VisualScripting.Flow/Framework/Events/GUI/OnScrollbarValueChanged.cs
 0.1 kb	 0.0% Packages/com.unity.visualscripting/Runtime/VisualScripting.Flow/Framework/Events/GUI/OnScrollRectValueChanged.cs
 0.1 kb	 0.0% Packages/com.unity.visualscripting/Runtime/VisualScripting.Flow/Framework/Events/GUI/OnInputFieldValueChanged.cs
 0.1 kb	 0.0% Packages/com.unity.visualscripting/Runtime/VisualScripting.Flow/Framework/Events/GUI/OnDropdownValueChanged.cs
 0.1 kb	 0.0% Packages/com.unity.visualscripting/Runtime/VisualScripting.Flow/Framework/Events/Application/OnApplicationLostFocus.cs
 0.1 kb	 0.0% Packages/com.unity.visualscripting/Runtime/VisualScripting.Flow/Framework/Events/Animation/BoltNamedAnimationEvent.cs
 0.1 kb	 0.0% Packages/com.unity.visualscripting/Runtime/VisualScripting.Flow/Framework/Collections/Dictionaries/DictionaryContainsKey.cs
 0.1 kb	 0.0% Packages/com.unity.visualscripting/Runtime/VisualScripting.Flow/EditorBinding/UnitSurtitleAttribute.cs
 0.1 kb	 0.0% Packages/com.unity.visualscripting/Runtime/VisualScripting.Flow/EditorBinding/UnitSubtitleAttribute.cs
 0.1 kb	 0.0% Packages/com.unity.visualscripting/Runtime/VisualScripting.Flow/EditorBinding/UnitShortTitleAttribute.cs
 0.1 kb	 0.0% Packages/com.unity.visualscripting/Runtime/VisualScripting.Flow/EditorBinding/UnitFooterPortsAttribute.cs
 0.1 kb	 0.0% Packages/com.unity.visualscripting/Runtime/VisualScripting.Flow/EditorBinding/PortLabelHiddenAttribute.cs
 0.1 kb	 0.0% Packages/com.unity.visualscripting/Runtime/VisualScripting.Flow/Dependencies/NCalc/ValueExpression.cs
 0.1 kb	 0.0% Packages/com.unity.visualscripting/Runtime/VisualScripting.Flow/Dependencies/NCalc/UnaryExpression.cs
 0.1 kb	 0.0% Packages/com.unity.visualscripting/Runtime/VisualScripting.Flow/Dependencies/NCalc/ParameterArgs.cs
 0.1 kb	 0.0% Packages/com.unity.visualscripting/Runtime/VisualScripting.Flow/Dependencies/NCalc/BinaryExpression.cs
 0.1 kb	 0.0% Packages/com.unity.visualscripting/Runtime/VisualScripting.Flow/Connections/UnitConnectionDebugData.cs
 0.1 kb	 0.0% Packages/com.unity.visualscripting/Runtime/VisualScripting.Flow/Connections/IUnitConnectionDebugData.cs
 0.1 kb	 0.0% Packages/com.unity.visualscripting/Runtime/VisualScripting.Core/Variables/VariableKindAttribute.cs
 0.1 kb	 0.0% Packages/com.unity.visualscripting/Runtime/VisualScripting.Core/Variables/IGraphDataWithVariables.cs
 0.1 kb	 0.0% Packages/com.unity.visualscripting/Runtime/VisualScripting.Core/Utilities/RuntimeVSUsageUtility.cs
 0.1 kb	 0.0% Packages/com.unity.visualscripting/Runtime/VisualScripting.Core/Utilities/IAnalyticsIdentifiable.cs
 0.1 kb	 0.0% Packages/com.unity.visualscripting/Runtime/VisualScripting.Core/Utilities/ComponentHolderProtocol.cs
 0.1 kb	 0.0% Packages/com.unity.visualscripting/Runtime/VisualScripting.Core/Unity/MacroScriptableObject.cs
 0.1 kb	 0.0% Packages/com.unity.visualscripting/Runtime/VisualScripting.Core/Unity/LudiqScriptableObject.cs
 0.1 kb	 0.0% Packages/com.unity.visualscripting/Runtime/VisualScripting.Core/Serialization/SerializationOperation.cs
 0.1 kb	 0.0% Packages/com.unity.visualscripting/Runtime/VisualScripting.Core/Serialization/ISerializationDepender.cs
 0.1 kb	 0.0% Packages/com.unity.visualscripting/Runtime/VisualScripting.Core/Serialization/ISerializationDependency.cs
 0.1 kb	 0.0% Packages/com.unity.visualscripting/Runtime/VisualScripting.Core/Serialization/DoNotSerializeAttribute.cs
 0.1 kb	 0.0% Packages/com.unity.visualscripting/Runtime/VisualScripting.Core/Reflection/RenamedAssemblyAttribute.cs
 0.1 kb	 0.0% Packages/com.unity.visualscripting/Runtime/VisualScripting.Core/Reflection/Optimization/StaticActionInvokerBase.cs
 0.1 kb	 0.0% Packages/com.unity.visualscripting/Runtime/VisualScripting.Core/Reflection/Optimization/ReflectionFieldAccessor.cs
 0.1 kb	 0.0% Packages/com.unity.visualscripting/Runtime/VisualScripting.Core/Reflection/Operators/NumericNegationHandler.cs
 0.1 kb	 0.0% Packages/com.unity.visualscripting/Runtime/VisualScripting.Core/Reflection/Operators/MultiplicationHandler.cs
 0.1 kb	 0.0% Packages/com.unity.visualscripting/Runtime/VisualScripting.Core/Reflection/Operators/LogicalNegationHandler.cs
 0.1 kb	 0.0% Packages/com.unity.visualscripting/Runtime/VisualScripting.Core/Reflection/Operators/LessThanOrEqualHandler.cs
 0.1 kb	 0.0% Packages/com.unity.visualscripting/Runtime/VisualScripting.Core/Reflection/Operators/InvalidOperatorException.cs
 0.1 kb	 0.0% Packages/com.unity.visualscripting/Runtime/VisualScripting.Core/Reflection/Operators/BinaryOperatorHandler.cs
 0.1 kb	 0.0% Packages/com.unity.visualscripting/Runtime/VisualScripting.Core/Reflection/GenericClosingException.cs
 0.1 kb	 0.0% Packages/com.unity.visualscripting/Runtime/VisualScripting.Core/Platforms/AotIncompatibleAttribute.cs
 0.1 kb	 0.0% Packages/com.unity.visualscripting/Runtime/VisualScripting.Core/Listeners/IGraphEventListenerData.cs
 0.1 kb	 0.0% Packages/com.unity.visualscripting/Runtime/VisualScripting.Core/Listeners/GlobalMessageListener.cs
 0.1 kb	 0.0% Packages/com.unity.visualscripting/Runtime/VisualScripting.Core/Listeners/AnimatorMessageListener.cs
 0.1 kb	 0.0% Packages/com.unity.visualscripting/Runtime/VisualScripting.Core/Graphs/IGraphElementWithData.cs
 0.1 kb	 0.0% Packages/com.unity.visualscripting/Runtime/VisualScripting.Core/Graphs/IGraphElementDebugData.cs
 0.1 kb	 0.0% Packages/com.unity.visualscripting/Runtime/VisualScripting.Core/Graphs/GraphsExceptionUtility.cs
 0.1 kb	 0.0% Packages/com.unity.visualscripting/Runtime/VisualScripting.Core/Graphs/GraphPointerException.cs
 0.1 kb	 0.0% Packages/com.unity.visualscripting/Runtime/VisualScripting.Core/EditorBinding/NullMeansSelfAttribute.cs
 0.1 kb	 0.0% Packages/com.unity.visualscripting/Runtime/VisualScripting.Core/EditorBinding/Inspector/InspectorWideAttribute.cs
 0.1 kb	 0.0% Packages/com.unity.visualscripting/Runtime/VisualScripting.Core/EditorBinding/Inspector/InspectorRangeAttribute.cs
 0.1 kb	 0.0% Packages/com.unity.visualscripting/Runtime/VisualScripting.Core/EditorBinding/Inspector/InspectorLabelAttribute.cs
 0.1 kb	 0.0% Packages/com.unity.visualscripting/Runtime/VisualScripting.Core/EditorBinding/InspectableIfAttribute.cs
 0.1 kb	 0.0% Packages/com.unity.visualscripting/Runtime/VisualScripting.Core/EditorBinding/IInspectableAttribute.cs
 0.1 kb	 0.0% Packages/com.unity.visualscripting/Runtime/VisualScripting.Core/EditorBinding/ExpectedTypeAttribute.cs
 0.1 kb	 0.0% Packages/com.unity.visualscripting/Runtime/VisualScripting.Core/Collections/INotifiedCollectionItem.cs
 0.1 kb	 0.0% Packages/com.unity.visualscripting/Runtime/VisualScripting.Core/Cloning/Cloners/FakeSerializationCloner.cs
 0.1 kb	 0.0% Packages/com.unity.ugui/Runtime/TMP/TMP_SpriteAssetImportFormats.cs
 0.1 kb	 0.0% Packages/com.unity.timeline/Runtime/Animation/AnimationPreviewUpdateCallback.cs
 0.1 kb	 0.0% Packages/com.unity.timeline/Runtime/Animation/AnimationOutputWeightProcessor.cs
 0.1 kb	 0.0% Packages/com.unity.shadergraph/ShaderGraphLibrary/DummyShaderGraphLibrary.cs
 0.1 kb	 0.0% Packages/com.unity.services.core/Runtime/Core.Internal/Components/Telemetry/IMetricsFactory.cs
 0.1 kb	 0.0% Packages/com.unity.services.core/Runtime/Core.Internal/Components/Scheduler/IActionScheduler.cs
 0.1 kb	 0.0% Packages/com.unity.services.core/Runtime/Core.Internal/Components/Authentication/IEnvironmentId.cs
 0.1 kb	 0.0% Packages/com.unity.services.core/Runtime/Core.Internal/Components/Analytics/IAnalyticsUserId.cs
 0.1 kb	 0.0% Packages/com.unity.services.authentication/Runtime/Generated/Shared/ApiConfiguration.cs
 0.1 kb	 0.0% Packages/com.unity.services.authentication/Runtime/Core/UnityServicesExtensions.cs
 0.1 kb	 0.0% Packages/com.unity.services.authentication/Runtime/Compatibility/Utilities.cs
 0.1 kb	 0.0% Packages/com.unity.scriptablebuildpipeline/Runtime/Shared/AssemblyUtility.cs
 0.1 kb	 0.0% Packages/com.unity.render-pipelines.universal/ShaderLibrary/ShaderTypes.cs
 0.1 kb	 0.0% Packages/com.unity.render-pipelines.universal/ShaderLibrary/Deprecated.cs
 0.1 kb	 0.0% Packages/com.unity.render-pipelines.universal/Runtime/Tiling/TileSize.cs
 0.1 kb	 0.0% Packages/com.unity.render-pipelines.universal/Runtime/2D/URP2D_CRC32.cs
 0.1 kb	 0.0% Packages/com.unity.render-pipelines.universal/Runtime/2D/Shadows/Shadow Provider Utility/ShadowMesh2D.cs
 0.1 kb	 0.0% Packages/com.unity.render-pipelines.universal/Runtime/2D/Shadows/Shadow Provider Utility/ShadowEdge.cs
 0.1 kb	 0.0% Packages/com.unity.render-pipelines.universal/Runtime/2D/Shadows/Shadow Provider Utility/IEdgeStore.cs
 0.1 kb	 0.0% Packages/com.unity.render-pipelines.universal/Runtime/2D/Rendergraph/UpscalePass.cs
 0.1 kb	 0.0% Packages/com.unity.render-pipelines.universal/Runtime/2D/Provider2D.cs
 0.1 kb	 0.0% Packages/com.unity.render-pipelines.universal/Runtime/2D/Passes/Utility/LightBatch.cs
 0.1 kb	 0.0% Packages/com.unity.render-pipelines.universal/Runtime/2D/Passes/Utility/LayerUtility.cs
 0.1 kb	 0.0% Packages/com.unity.render-pipelines.universal/Runtime/2D/Passes/Utility/LayerDebug.cs
 0.1 kb	 0.0% Packages/com.unity.render-pipelines.universal/Runtime/2D/Lights/LightUtility.cs
 0.1 kb	 0.0% Packages/com.unity.render-pipelines.core/Runtime/Utilities/SweepLineRectUtils.cs
 0.1 kb	 0.0% Packages/com.unity.render-pipelines.core/Runtime/Utilities/SceneRenderPipeline.cs
 0.1 kb	 0.0% Packages/com.unity.render-pipelines.core/Runtime/Utilities/MaterialQuality.cs
 0.1 kb	 0.0% Packages/com.unity.render-pipelines.core/Runtime/Utilities/CullContextData.cs
 0.1 kb	 0.0% Packages/com.unity.render-pipelines.core/Runtime/Utilities/CameraCaptureBridge.cs
 0.1 kb	 0.0% Packages/com.unity.render-pipelines.core/Runtime/ShaderGenerator/ShaderGeneratorAttributes.cs
 0.1 kb	 0.0% Packages/com.unity.render-pipelines.core/Runtime/RenderGraph/RenderGraph.cs
 0.1 kb	 0.0% Packages/com.unity.render-pipelines.core/Runtime/PostProcessing/LensFlareCommonSRP.cs
 0.1 kb	 0.0% Packages/com.unity.render-pipelines.core/Runtime/PathTracing/WorldResources.cs
 0.1 kb	 0.0% Packages/com.unity.render-pipelines.core/Runtime/LookDev/IDataProvider.cs
 0.1 kb	 0.0% Packages/com.unity.render-pipelines.core/Runtime/Lighting/SphericalHarmonics.cs
 0.1 kb	 0.0% Packages/com.unity.render-pipelines.core/Runtime/Lighting/ProbeVolume/ProbeVolumesOptions.cs
 0.1 kb	 0.0% Packages/com.unity.render-pipelines.core/Runtime/Lighting/ProbeVolume/ProbeVolumeSceneData.cs
 0.1 kb	 0.0% Packages/com.unity.render-pipelines.core/Runtime/Lighting/ProbeVolume/ProbeVolumeGIContributor.cs
 0.1 kb	 0.0% Packages/com.unity.render-pipelines.core/Runtime/Lighting/ProbeVolume/ProbeVolumeBakingSet.cs
 0.1 kb	 0.0% Packages/com.unity.render-pipelines.core/Runtime/Lighting/ProbeVolume/ProbeVolumeAsset.cs
 0.1 kb	 0.0% Packages/com.unity.render-pipelines.core/Runtime/Lighting/ProbeVolume/ProbeReferenceVolume.cs
 0.1 kb	 0.0% Packages/com.unity.render-pipelines.core/Runtime/Documentation.cs
 0.1 kb	 0.0% Packages/com.unity.render-pipelines.core/Runtime/Debugging/RuntimeDebugWindow.cs
 0.1 kb	 0.0% Packages/com.unity.render-pipelines.core/Runtime/Debugging/MousePositionDebug.cs
 0.1 kb	 0.0% Packages/com.unity.render-pipelines.core/Runtime/Debugging/IVolumeDebugSettings.cs
 0.1 kb	 0.0% Packages/com.unity.render-pipelines.core/Runtime/Debugging/FrameTiming/FrameTimeBottleneck.cs
 0.1 kb	 0.0% Packages/com.unity.render-pipelines.core/Runtime/Debugging/DebugDisplayStats.cs
 0.1 kb	 0.0% Packages/com.unity.render-pipelines.core/Runtime/Common/Swap.Extensions.cs
 0.1 kb	 0.0% Packages/com.unity.render-pipelines.core/Runtime/Common/ReloadGroupAttribute.cs
 0.1 kb	 0.0% Packages/com.unity.render-pipelines.core/Runtime/Common/CommandBufferPool.cs
 0.1 kb	 0.0% Packages/com.unity.render-pipelines.core/Runtime/CommandBuffers/UnsafeCommandBuffer.cs
 0.1 kb	 0.0% Packages/com.unity.render-pipelines.core/Runtime/CommandBuffers/RasterCommandBuffer.cs
 0.1 kb	 0.0% Packages/com.unity.render-pipelines.core/Runtime/CommandBuffers/IUnsafeCommandBuffer.cs
 0.1 kb	 0.0% Packages/com.unity.render-pipelines.core/Runtime/CommandBuffers/IRasterCommandBuffer.cs
 0.1 kb	 0.0% Packages/com.unity.render-pipelines.core/Runtime/CommandBuffers/IBaseCommandBuffer.cs
 0.1 kb	 0.0% Packages/com.unity.render-pipelines.core/Runtime/CommandBuffers/ComputeCommandBuffer.cs
 0.1 kb	 0.0% Packages/com.unity.render-pipelines.core/Runtime/CommandBuffers/CommandBufferHelpers.cs
 0.1 kb	 0.0% Packages/com.unity.probuilder/External/Poly2Tri/Triangulation/TriangulationUtil.cs
 0.1 kb	 0.0% Packages/com.unity.probuilder/External/Poly2Tri/Triangulation/TriangulationPoint.cs
 0.1 kb	 0.0% Packages/com.unity.probuilder/External/Poly2Tri/Triangulation/TriangulationContext.cs
 0.1 kb	 0.0% Packages/com.unity.probuilder/External/Poly2Tri/Triangulation/Sets/ConstrainedPointSet.cs
 0.1 kb	 0.0% Packages/com.unity.probuilder/External/Poly2Tri/Triangulation/Delaunay/Sweep/PointOnEdgeException.cs
 0.1 kb	 0.0% Packages/com.unity.probuilder/External/Poly2Tri/Triangulation/Delaunay/Sweep/DTSweepDebugContext.cs
 0.1 kb	 0.0% Packages/com.unity.probuilder/External/Poly2Tri/Triangulation/Delaunay/Sweep/DTSweepConstraint.cs
 0.1 kb	 0.0% Packages/com.unity.probuilder/External/Poly2Tri/Triangulation/Delaunay/Sweep/AdvancingFrontNode.cs
 0.1 kb	 0.0% Packages/com.unity.physics/Unity.Physics.Hybrid/Utilities/DrawColliderEdgesWithGizmos.cs
 0.1 kb	 0.0% Packages/com.unity.physics/Unity.Physics.Hybrid/Utilities/DebugDisplay/DisplayTriggerEventsSystem.cs
 0.1 kb	 0.0% Packages/com.unity.physics/Unity.Physics.Hybrid/Utilities/DebugDisplay/DisplayMassPropertiesSystem.cs
 0.1 kb	 0.0% Packages/com.unity.physics/Unity.Physics.Hybrid/Utilities/DebugDisplay/DisplayCollisionEventsSystem.cs
 0.1 kb	 0.0% Packages/com.unity.physics/Unity.Physics.Hybrid/EntitiesBaking/BakingSystems/StaticOptimizeBakingSystem.cs
 0.1 kb	 0.0% Packages/com.unity.physics/Unity.Physics.Hybrid/EntitiesBaking/BakingSystems/BeginColliderBakingSystem.cs
 0.1 kb	 0.0% Packages/com.unity.physics/Unity.Physics.Hybrid/Components/PhysicsWorldIndexAuthoring.cs
 0.1 kb	 0.0% Packages/com.unity.physics/Unity.Physics.Hybrid/Components/PhysicsDebugDisplayAuthoring.cs
 0.1 kb	 0.0% Packages/com.unity.physics/Unity.Physics.Hybrid/Components/ForceUniqueColliderAuthoring.cs
 0.1 kb	 0.0% Packages/com.unity.physics/Unity.Physics.Hybrid/Components/CustomPhysicsProxyAuthoring.cs
 0.1 kb	 0.0% Packages/com.unity.physics/Unity.Physics.Hybrid/Assets/CustomPhysicsBodyTagNames.cs
 0.1 kb	 0.0% Packages/com.unity.inputsystem/InputSystem/Runtime/State/IInputStateChangeMonitor.cs
 0.1 kb	 0.0% Packages/com.unity.inputsystem/InputSystem/Runtime/Plugins/iOS/IOSGameController.cs
 0.1 kb	 0.0% Packages/com.unity.inputsystem/InputSystem/Runtime/Plugins/Users/InputUserAccountHandle.cs
 0.1 kb	 0.0% Packages/com.unity.inputsystem/InputSystem/Runtime/Plugins/Switch/SwitchProControllerHID.cs
 0.1 kb	 0.0% Packages/com.unity.inputsystem/InputSystem/Runtime/Plugins/OSX/OSXGameController.cs
 0.1 kb	 0.0% Packages/com.unity.inputsystem/InputSystem/Runtime/Plugins/EnhancedTouch/EnhancedTouchSupport.cs
 0.1 kb	 0.0% Packages/com.unity.inputsystem/InputSystem/Runtime/InputManagerStateMonitors.cs
 0.1 kb	 0.0% Packages/com.unity.inputsystem/InputSystem/Runtime/Events/DeviceConfigurationEvent.cs
 0.1 kb	 0.0% Packages/com.unity.inputsystem/InputSystem/Runtime/Devices/Remote/RemoteInputPlayerConnection.cs
 0.1 kb	 0.0% Packages/com.unity.inputsystem/InputSystem/Runtime/Devices/InputDeviceDescription.cs
 0.1 kb	 0.0% Packages/com.unity.inputsystem/InputSystem/Runtime/Devices/Haptics/DualMotorRumbleCommand.cs
 0.1 kb	 0.0% Packages/com.unity.inputsystem/InputSystem/Runtime/Devices/Commands/WarpMousePositionCommand.cs
 0.1 kb	 0.0% Packages/com.unity.inputsystem/InputSystem/Runtime/Devices/Commands/QueryEnabledStateCommand.cs
 0.1 kb	 0.0% Packages/com.unity.inputsystem/InputSystem/Runtime/Devices/Commands/QueryDimensionsCommand.cs
 0.1 kb	 0.0% Packages/com.unity.inputsystem/InputSystem/Runtime/Devices/Commands/QueryCanRunInBackground.cs
 0.1 kb	 0.0% Packages/com.unity.inputsystem/InputSystem/Runtime/Devices/Commands/IInputDeviceCommandInfo.cs
 0.1 kb	 0.0% Packages/com.unity.inputsystem/InputSystem/Runtime/Controls/InputControlAttribute.cs
 0.1 kb	 0.0% Packages/com.unity.inputsystem/InputSystem/Runtime/Controls/DiscreteButtonControl.cs
 0.1 kb	 0.0% Packages/com.unity.inputsystem/InputSystem/Runtime/Actions/InputBindingCompositeContext.cs
 0.1 kb	 0.0% Packages/com.unity.inputsystem/InputSystem/Runtime/Actions/InputActionSetupExtensions.cs
 0.1 kb	 0.0% Packages/com.unity.inputsystem/InputSystem/Runtime/Actions/InputActionParameters.cs
 0.1 kb	 0.0% Packages/com.unity.inputsystem/InputSystem/Editor/UITKAssetEditor/Views/VisualElementExtensions.cs
 0.1 kb	 0.0% Packages/com.unity.inputsystem/InputSystem/Editor/UITKAssetEditor/Views/InputActionsTreeViewItem.cs
 0.1 kb	 0.0% Packages/com.unity.inputsystem/InputSystem/Editor/UITKAssetEditor/Views/InputActionsEditorView.cs
 0.1 kb	 0.0% Packages/com.unity.inputsystem/InputSystem/Editor/UITKAssetEditor/Views/BindingPropertiesView.cs
 0.1 kb	 0.0% Packages/com.unity.inputsystem/InputSystem/Editor/UITKAssetEditor/SerializedInputBinding.cs
 0.1 kb	 0.0% Packages/com.unity.inputsystem/InputSystem/Editor/UITKAssetEditor/SerializedInputActionMap.cs
 0.1 kb	 0.0% Packages/com.unity.inputsystem/InputSystem/Editor/UITKAssetEditor/SerializedInputAction.cs
 0.1 kb	 0.0% Packages/com.unity.inputsystem/InputSystem/Editor/UITKAssetEditor/InputActionsEditorWindow.cs
 0.1 kb	 0.0% Packages/com.unity.inputsystem/InputSystem/Editor/UITKAssetEditor/InputActionsEditorState.cs
 0.1 kb	 0.0% Packages/com.unity.inputsystem/InputSystem/Editor/UITKAssetEditor/Commands/ControlSchemeCommands.cs
 0.1 kb	 0.0% Packages/com.unity.inputsystem/InputSystem/Editor/Settings/InputSettingsProvider.cs
 0.1 kb	 0.0% Packages/com.unity.inputsystem/InputSystem/Editor/PropertyDrawers/InputControlPathDrawer.cs
 0.1 kb	 0.0% Packages/com.unity.inputsystem/InputSystem/Editor/PropertyDrawers/InputActionDrawerBase.cs
 0.1 kb	 0.0% Packages/com.unity.inputsystem/InputSystem/Editor/PropertyDrawers/InputActionAssetDrawer.cs
 0.1 kb	 0.0% Packages/com.unity.inputsystem/InputSystem/Editor/ProjectWideActions/ProjectWideActionsAsset.cs
 0.1 kb	 0.0% Packages/com.unity.inputsystem/InputSystem/Editor/Plugins/PlayerInput/PlayerInputManagerEditor.cs
 0.1 kb	 0.0% Packages/com.unity.inputsystem/InputSystem/Editor/Plugins/EnhancedTouch/TouchSimulationEditor.cs
 0.1 kb	 0.0% Packages/com.unity.inputsystem/InputSystem/Editor/Internal/AdvancedDropdown/AdvancedDropdownWindow.cs
 0.1 kb	 0.0% Packages/com.unity.inputsystem/InputSystem/Editor/Internal/AdvancedDropdown/AdvancedDropdownState.cs
 0.1 kb	 0.0% Packages/com.unity.inputsystem/InputSystem/Editor/InputSystemPluginControl.cs
 0.1 kb	 0.0% Packages/com.unity.inputsystem/InputSystem/Editor/InputLayoutCodeGenerator.cs
 0.1 kb	 0.0% Packages/com.unity.inputsystem/InputSystem/Editor/InputAssetEditorUtils.cs
 0.1 kb	 0.0% Packages/com.unity.inputsystem/InputSystem/Editor/Debugger/InputLatencyCalculator.cs
 0.1 kb	 0.0% Packages/com.unity.inputsystem/InputSystem/Editor/ControlPicker/InputControlPickerState.cs
 0.1 kb	 0.0% Packages/com.unity.inputsystem/InputSystem/Editor/ControlPicker/InputControlPathEditor.cs
 0.1 kb	 0.0% Packages/com.unity.inputsystem/InputSystem/Editor/ControlPicker/InputControlDropdownItem.cs
 0.1 kb	 0.0% Packages/com.unity.inputsystem/InputSystem/Editor/AssetImporter/InputActionCodeGenerator.cs
 0.1 kb	 0.0% Packages/com.unity.inputsystem/InputSystem/Editor/AssetImporter/InputActionAssetEditor.cs
 0.1 kb	 0.0% Packages/com.unity.inputsystem/InputSystem/Editor/AssetImporter/IInputActionAssetEditor.cs
 0.1 kb	 0.0% Packages/com.unity.inputsystem/InputSystem/Editor/AssetEditor/InputActionAssetManager.cs
 0.1 kb	 0.0% Packages/com.unity.inputsystem/InputSystem/Actions/InputActionStateMonitorIndex.cs
 0.1 kb	 0.0% Packages/com.unity.entities/Unity.Entities/Serialization/EntitiesSerializationAttributes.cs
 0.1 kb	 0.0% Packages/com.unity.entities/Unity.Entities/Serialization/EntitiesJsonConverters.cs
 0.1 kb	 0.0% Packages/com.unity.entities/Unity.Entities/Serialization/Binary/Properties/Internal/BinaryPropertyVisitor.cs
 0.1 kb	 0.0% Packages/com.unity.entities/Unity.Entities/Serialization/Binary/BinarySerialization+ToBinary.cs
 0.1 kb	 0.0% Packages/com.unity.entities/Unity.Entities/Serialization/Binary/Adapters/Internal/BinaryAdapterCollection.cs
 0.1 kb	 0.0% Packages/com.unity.entities/Unity.Entities/ProfilerModules/StructuralChangesProfiler+TimeCounter.cs
 0.1 kb	 0.0% Packages/com.unity.entities/Unity.Entities.Hybrid/GameObjectConversion/UnityEngineExtensions.cs
 0.1 kb	 0.0% Packages/com.unity.entities/Unity.Entities.Hybrid/Baking/LinkedEntityGroupBaking.cs
 0.1 kb	 0.0% Packages/com.unity.dt.app-ui/Runtime/InternalBridge/PanelExtensionsBridge.cs
 0.1 kb	 0.0% Packages/com.unity.collections/Unity.Collections/UnsafeAtomicCounter.cs
 0.1 kb	 0.0% Packages/com.unity.cinemachine/Runtime/Core/CinemachinePropertyAttribute.cs
 0.1 kb	 0.0% Packages/com.unity.behavior/com.unity.serialization/Runtime/Unity.Serialization/Json/Views/Internal/UnsafeValueView.cs
 0.1 kb	 0.0% Packages/com.unity.behavior/com.unity.serialization/Runtime/Unity.Serialization/Json/Views/Internal/UnsafeStringView.cs
 0.1 kb	 0.0% Packages/com.unity.behavior/com.unity.serialization/Runtime/Unity.Serialization/Json/Views/Internal/UnsafeObjectView.cs
 0.1 kb	 0.0% Packages/com.unity.behavior/com.unity.serialization/Runtime/Unity.Serialization/Json/Views/Internal/UnsafeMemberView.cs
 0.1 kb	 0.0% Packages/com.unity.behavior/com.unity.serialization/Runtime/Unity.Serialization/Json/Views/Internal/UnsafeArrayView.cs
 0.1 kb	 0.0% Packages/com.unity.behavior/com.unity.serialization/Runtime/Unity.Serialization/Json/Validation/Internal/JsonValidator+Simple.cs
 0.1 kb	 0.0% Packages/com.unity.behavior/com.unity.serialization/Runtime/Unity.Serialization/Json/Adapters/Internal/JsonAdapter+UnityEngine.cs
 0.1 kb	 0.0% Packages/com.unity.behavior/com.unity.serialization/Runtime/Unity.Serialization/Json/Adapters/Internal/JsonAdapter+UnityEditor.cs
 0.1 kb	 0.0% Packages/com.unity.behavior/com.unity.serialization/Runtime/Unity.Serialization/Json/Adapters/Internal/JsonAdapter+System.IO.cs
 0.1 kb	 0.0% Packages/com.unity.behavior/com.unity.serialization/Runtime/Unity.Serialization/Json/Adapters/Internal/JsonAdapter+Primitives.cs
 0.1 kb	 0.0% Packages/com.unity.behavior/com.unity.serialization/Runtime/Unity.Serialization/Binary/Adapters/Internal/BinaryAdapter+System.cs
 0.1 kb	 0.0% Assets/TextMesh Pro/Resources/LineBreaking Leading Characters.txt
 0.1 kb	 0.0% Assets/Adaptive Performance/AdaptivePerformanceGeneralSettings.asset
 0.1 kb	 0.0% Packages/com.unity.visualscripting/Runtime/VisualScripting.Core/Reflection/Optimization/StaticActionInvoker_5.cs
 0.1 kb	 0.0% Packages/com.unity.visualscripting/Runtime/VisualScripting.Core/Reflection/Optimization/StaticActionInvoker_4.cs
 0.1 kb	 0.0% Packages/com.unity.visualscripting/Runtime/VisualScripting.Core/Reflection/Optimization/StaticActionInvoker_3.cs
 0.1 kb	 0.0% Packages/com.unity.visualscripting/Runtime/VisualScripting.Core/Reflection/Optimization/StaticActionInvoker_2.cs
 0.1 kb	 0.0% Packages/com.unity.visualscripting/Runtime/VisualScripting.Core/Reflection/Optimization/StaticActionInvoker_1.cs
 0.1 kb	 0.0% Packages/com.unity.visualscripting/Runtime/VisualScripting.Core/Reflection/Optimization/StaticActionInvoker_0.cs
 0.1 kb	 0.0% Packages/com.unity.visualscripting/Runtime/VisualScripting.Core/Ensure/EnsureThat.NullableValueTypes.cs
 0.1 kb	 0.0% Packages/com.unity.visualscripting/Runtime/VisualScripting.Core/Dependencies/FullSerializer/fsJsonPrinter.cs
 0.1 kb	 0.0% Packages/com.unity.visualscripting/Runtime/VisualScripting.Core/Dependencies/FullSerializer/fsBaseConverter.cs
 0.1 kb	 0.0% Packages/com.unity.visualscripting/Runtime/VisualScripting.Core/Dependencies/FullSerializer/Reflection/fsMetaProperty.cs
 0.1 kb	 0.0% Packages/com.unity.visualscripting/Runtime/VisualScripting.Core/Dependencies/FullSerializer/Converters/fsTypeConverter.cs
 0.1 kb	 0.0% Packages/com.unity.visualscripting/Runtime/VisualScripting.Core/Dependencies/FullSerializer/Converters/fsGuidConverter.cs
 0.1 kb	 0.0% Packages/com.unity.visualscripting/Runtime/VisualScripting.Core/Dependencies/FullSerializer/Converters/fsEnumConverter.cs
 0.1 kb	 0.0% Packages/com.unity.visualscripting/Runtime/VisualScripting.Core/Dependencies/FullSerializer/Converters/fsDateConverter.cs
 0.1 kb	 0.0% Packages/com.unity.visualscripting/Runtime/VisualScripting.Core/Dependencies/FullSerializer/Converters/fsArrayConverter.cs
 0.1 kb	 0.0% Packages/com.unity.ugui/Runtime/UGUI/UI/Core/Layout/HorizontalOrVerticalLayoutGroup.cs
 0.1 kb	 0.0% Packages/com.unity.services.core/Runtime/Telemetry/Diagnotstics/Diagnostics.cs
 0.1 kb	 0.0% Packages/com.unity.services.core/Runtime/Device/UserIdProviders/UnityAdsIdentifier.cs
 0.1 kb	 0.0% Packages/com.unity.services.core/Runtime/Device/EngineInstallationId.cs
 0.1 kb	 0.0% Packages/com.unity.services.core/Runtime/Core/Initialization/ServicesCreationException.cs
 0.1 kb	 0.0% Packages/com.unity.services.core/Runtime/Core.Internal/Utils/UnityWebRequestUtils.cs
 0.1 kb	 0.0% Packages/com.unity.services.core/Runtime/Core.Internal/Utils/DictionaryExtensions.cs
 0.1 kb	 0.0% Packages/com.unity.services.core/Runtime/Core.Internal/Registry/IServiceComponent.cs
 0.1 kb	 0.0% Packages/com.unity.services.core/Runtime/Core.Internal/Registry/CorePackageRegistry.cs
 0.1 kb	 0.0% Packages/com.unity.services.core/Runtime/Core.Internal/Registry/ComponentRegistry/IComponentRegistry.cs
 0.1 kb	 0.0% Packages/com.unity.services.core/Runtime/Core.Internal/Registry/ComponentRegistry/ComponentRegistry.cs
 0.1 kb	 0.0% Packages/com.unity.services.core/Runtime/Core.Internal/CoreInternalResetter.cs
 0.1 kb	 0.0% Packages/com.unity.services.core/Runtime/Core.Internal/Components/Device/IInstallationId.cs
 0.1 kb	 0.0% Packages/com.unity.services.core/Runtime/Core.Internal/Attributes/VisibilityAttribute.cs
 0.1 kb	 0.0% Packages/com.unity.services.core/Runtime/Core.Internal/AsyncOperation/TaskAsyncOperation.cs
 0.1 kb	 0.0% Packages/com.unity.services.core/Runtime/Core.Internal/AsyncOperation/AsyncOperationBase.cs
 0.1 kb	 0.0% Packages/com.unity.services.authentication/Runtime/Utilities/IdProviderKeys.cs
 0.1 kb	 0.0% Packages/com.unity.services.authentication/Runtime/Network/NetworkHandler.cs
 0.1 kb	 0.0% Packages/com.unity.services.authentication/Runtime/Network/INetworkHandler.cs
 0.1 kb	 0.0% Packages/com.unity.services.authentication/Runtime/Network/HttpUtilities.cs
 0.1 kb	 0.0% Packages/com.unity.services.authentication/Runtime/Models/SignInOptions.cs
 0.1 kb	 0.0% Packages/com.unity.services.authentication/Runtime/Models/SignInCodeInfo.cs
 0.1 kb	 0.0% Packages/com.unity.services.authentication/Runtime/Models/Responses/UnlinkResponse.cs
 0.1 kb	 0.0% Packages/com.unity.services.authentication/Runtime/Models/Responses/SignInResponse.cs
 0.1 kb	 0.0% Packages/com.unity.services.authentication/Runtime/Models/Responses/ExternalIdentity.cs
 0.1 kb	 0.0% Packages/com.unity.services.authentication/Runtime/Models/Requests/UnlinkRequest.cs
 0.1 kb	 0.0% Packages/com.unity.services.authentication/Runtime/Models/Components/Profile/ProfileEventArgs.cs
 0.1 kb	 0.0% Packages/com.unity.services.authentication/Runtime/Models/Components/Profile/ProfileComponent.cs
 0.1 kb	 0.0% Packages/com.unity.services.authentication/Runtime/Models/Components/IPlayerName.cs
 0.1 kb	 0.0% Packages/com.unity.services.authentication/Runtime/Generated/PlayerNames/Model/ErrorStatus.cs
 0.1 kb	 0.0% Packages/com.unity.services.authentication/Runtime/Core/ICoreRegistry.cs
 0.1 kb	 0.0% Packages/com.unity.render-pipelines.universal/Runtime/Tiling/ZBinningJob.cs
 0.1 kb	 0.0% Packages/com.unity.render-pipelines.universal/Runtime/Tiling/TilingJob.cs
 0.1 kb	 0.0% Packages/com.unity.render-pipelines.universal/Runtime/TemporalAA.cs
 0.1 kb	 0.0% Packages/com.unity.render-pipelines.universal/Runtime/ShadowUtils.cs
 0.1 kb	 0.0% Packages/com.unity.render-pipelines.universal/Runtime/ShaderUtils.cs
 0.1 kb	 0.0% Packages/com.unity.render-pipelines.universal/Runtime/ShaderData.cs
 0.1 kb	 0.0% Packages/com.unity.render-pipelines.universal/Runtime/PostProcess.cs
 0.1 kb	 0.0% Packages/com.unity.render-pipelines.universal/Runtime/Passes/ScreenSpaceAmbientOcclusion/SSAOUtils.cs
 0.1 kb	 0.0% Packages/com.unity.render-pipelines.universal/Runtime/Passes/CapturePass.cs
 0.1 kb	 0.0% Packages/com.unity.render-pipelines.universal/Runtime/Overrides/WhiteBalance.cs
 0.1 kb	 0.0% Packages/com.unity.render-pipelines.universal/Runtime/Overrides/Tonemapping.cs
 0.1 kb	 0.0% Packages/com.unity.render-pipelines.universal/Runtime/Overrides/SplitToning.cs
 0.1 kb	 0.0% Packages/com.unity.render-pipelines.universal/Runtime/Overrides/MotionBlur.cs
 0.1 kb	 0.0% Packages/com.unity.render-pipelines.universal/Runtime/Overrides/FilmGrain.cs
 0.1 kb	 0.0% Packages/com.unity.render-pipelines.universal/Runtime/Overrides/DepthOfField.cs
 0.1 kb	 0.0% Packages/com.unity.render-pipelines.universal/Runtime/Overrides/ColorLookup.cs
 0.1 kb	 0.0% Packages/com.unity.render-pipelines.universal/Runtime/Overrides/ColorCurves.cs
 0.1 kb	 0.0% Packages/com.unity.render-pipelines.universal/Runtime/Overrides/ChannelMixer.cs
 0.1 kb	 0.0% Packages/com.unity.render-pipelines.universal/Runtime/History/TaaHistory.cs
 0.1 kb	 0.0% Packages/com.unity.render-pipelines.universal/Runtime/History/StpHistory.cs
 0.1 kb	 0.0% Packages/com.unity.render-pipelines.universal/Runtime/History/DepthHistory.cs
 0.1 kb	 0.0% Packages/com.unity.render-pipelines.universal/Runtime/History/ColorHistory.cs
 0.1 kb	 0.0% Packages/com.unity.render-pipelines.universal/Runtime/Decal/Entities/DecalChunk.cs
 0.1 kb	 0.0% Packages/com.unity.render-pipelines.universal/Runtime/Debug/DebugHandler.cs
 0.1 kb	 0.0% Packages/com.unity.render-pipelines.core/Runtime/XR/XRMirrorView.cs
 0.1 kb	 0.0% Packages/com.unity.render-pipelines.core/Runtime/Utilities/GPUPrefixSum/GPUPrefixSum.ShaderIDs.cs
 0.1 kb	 0.0% Packages/com.unity.render-pipelines.core/Runtime/UnifiedRayTracing/Compute/RadeonRays/RestructureBvh.cs
 0.1 kb	 0.0% Packages/com.unity.render-pipelines.core/Runtime/UnifiedRayTracing/Compute/RadeonRays/RadeonRaysAPI.cs
 0.1 kb	 0.0% Packages/com.unity.render-pipelines.core/Runtime/UnifiedRayTracing/Common/GeometryPool/GeometryPool.cs
 0.1 kb	 0.0% Packages/com.unity.render-pipelines.core/Runtime/PathTracing/UVFallbackBuffer.cs
 0.1 kb	 0.0% Packages/com.unity.render-pipelines.core/Runtime/PathTracing/SegmentedReduction.cs
 0.1 kb	 0.0% Packages/com.unity.render-pipelines.core/Runtime/PathTracing/ProbeIntegrator.cs
 0.1 kb	 0.0% Packages/com.unity.render-pipelines.core/Runtime/PathTracing/MaterialPool/MaterialAspectOracle.cs
 0.1 kb	 0.0% Packages/com.unity.render-pipelines.core/Runtime/PathTracing/ManyLightSampling.cs
 0.1 kb	 0.0% Packages/com.unity.render-pipelines.core/Runtime/PathTracing/Lightmapping/ChartRasterizer.cs
 0.1 kb	 0.0% Packages/com.unity.render-pipelines.core/Runtime/PathTracing/Core/TextureSlotAllocator.cs
 0.1 kb	 0.0% Packages/com.unity.render-pipelines.core/Runtime/PathTracing/BakeLightmap.cs
 0.1 kb	 0.0% Packages/com.unity.render-pipelines.core/Runtime/GPUDriven/Utilities/ParallelBitArray.cs
 0.1 kb	 0.0% Packages/com.unity.render-pipelines.core/Runtime/GPUDriven/Utilities/MemoryUtilities.cs
 0.1 kb	 0.0% Packages/com.unity.render-pipelines.core/Runtime/GPUDriven/Utilities/JaggedJobRange.cs
 0.1 kb	 0.0% Packages/com.unity.render-pipelines.core/Runtime/GPUDriven/Utilities/GPUResidentUtils.cs
 0.1 kb	 0.0% Packages/com.unity.render-pipelines.core/Runtime/GPUDriven/SceneProcessors/WorldProcessor.cs
 0.1 kb	 0.0% Packages/com.unity.render-pipelines.core/Runtime/GPUDriven/Culling/InstanceCuller.cs
 0.1 kb	 0.0% Packages/com.unity.render-pipelines.core/Runtime/Deprecated.cs
 0.1 kb	 0.0% Packages/com.unity.render-pipelines.core/Runtime/Common/CoreAttributes.cs
 0.1 kb	 0.0% Packages/com.unity.render-pipelines.core/Runtime/CommandBuffers/BaseCommandBufer.cs
 0.1 kb	 0.0% Packages/com.unity.probuilder/Runtime/MeshOperations/InternalMeshUtility.cs
 0.1 kb	 0.0% Packages/com.unity.probuilder/Runtime/Core/SelectionPickerRendererStandard.cs
 0.1 kb	 0.0% Packages/com.unity.pipeline/Runtime/Attributes/CodeReloadAttributes.cs
 0.1 kb	 0.0% Packages/com.unity.physics/Unity.Physics/Numerics/Linear/Solvers/Lowlevel/Cholesky.cs
 0.1 kb	 0.0% Packages/com.unity.physics/Unity.Physics/Numerics/Linear/Dense/RandomMatrix.cs
 0.1 kb	 0.0% Packages/com.unity.physics/Unity.Physics/Numerics/Linear/Dense/MatrixStorage.cs
 0.1 kb	 0.0% Packages/com.unity.physics/Unity.Physics/Numerics/Linear/Dense/BasicRoutinesLevel3.cs
 0.1 kb	 0.0% Packages/com.unity.physics/Unity.Physics/Numerics/Linear/Dense/BasicRoutinesLevel2.cs
 0.1 kb	 0.0% Packages/com.unity.physics/Unity.Physics/Numerics/Linear/Dense/BasicRoutinesLevel1.cs
 0.1 kb	 0.0% Packages/com.unity.physics/Unity.Physics/Extensions/PhysicsComponentExtensions.cs
 0.1 kb	 0.0% Packages/com.unity.physics/Unity.Physics/ECS/Base/Systems/SyncCustomPhysicsProxySystem.cs
 0.1 kb	 0.0% Packages/com.unity.physics/Unity.Physics/ECS/Base/Systems/EnsureUniqueColliderSystem.cs
 0.1 kb	 0.0% Packages/com.unity.physics/Unity.Physics/ECS/Base/Systems/ColliderBlobCleanupSystem.cs
 0.1 kb	 0.0% Packages/com.unity.physics/Unity.Physics.Hybrid/Utilities/DebugDisplay/DisplayColliderEdgesSystem.cs
 0.1 kb	 0.0% Packages/com.unity.physics/Unity.Physics.Hybrid/EntitiesBaking/BakingSystems/BaseShapeBakingSystem_Utils.cs
 0.1 kb	 0.0% Packages/com.unity.inputsystem/InputSystem/Runtime/Utilities/NameAndParameters.cs
 0.1 kb	 0.0% Packages/com.unity.inputsystem/InputSystem/Runtime/Utilities/CSharpCodeHelpers.cs
 0.1 kb	 0.0% Packages/com.unity.inputsystem/InputSystem/Runtime/Plugins/UI/TrackedDeviceRaycaster.cs
 0.1 kb	 0.0% Packages/com.unity.inputsystem/InputSystem/Runtime/Plugins/UI/MultiplayerEventSystem.cs
 0.1 kb	 0.0% Packages/com.unity.inputsystem/InputSystem/Runtime/Plugins/UI/InputSystemUIInputModule.cs
 0.1 kb	 0.0% Packages/com.unity.inputsystem/InputSystem/Runtime/Plugins/UI/ExtendedPointerEventData.cs
 0.1 kb	 0.0% Packages/com.unity.inputsystem/InputSystem/Runtime/Plugins/UI/ExtendedAxisEventData.cs
 0.1 kb	 0.0% Packages/com.unity.inputsystem/InputSystem/Runtime/Plugins/DualShock/IDualShockHaptics.cs
 0.1 kb	 0.0% Packages/com.unity.inputsystem/InputSystem/Runtime/Controls/Processors/NormalizeProcessor.cs
 0.1 kb	 0.0% Packages/com.unity.inputsystem/InputSystem/Runtime/Actions/Interactions/SlowTapInteraction.cs
 0.1 kb	 0.0% Packages/com.unity.inputsystem/InputSystem/Runtime/Actions/Interactions/MultiTapInteraction.cs
 0.1 kb	 0.0% Packages/com.unity.inputsystem/InputSystem/Runtime/Actions/Composites/OneModifierComposite.cs
 0.1 kb	 0.0% Packages/com.unity.inputsystem/InputSystem/Editor/Utilities/DirtyAssetTracker.cs
 0.1 kb	 0.0% Packages/com.unity.inputsystem/InputSystem/Editor/Plugins/HID/HIDDescriptorWindow.cs
 0.1 kb	 0.0% Packages/com.unity.inputsystem/InputSystem/Editor/AssetEditor/ParameterListView.cs
 0.1 kb	 0.0% Packages/com.unity.inputsystem/InputSystem/Editor/AssetEditor/InputActionTreeViewItems.cs
 0.1 kb	 0.0% Packages/com.unity.inputsystem/InputSystem/Editor/Actions/Interactions/TapInteractionEditor.cs
 0.1 kb	 0.0% Packages/com.unity.inputsystem/InputSystem/Editor/Actions/Composites/AxisCompositeEditor.cs
 0.1 kb	 0.0% Packages/com.unity.entities/Unity.Scenes/SceneSectionReferencedUnityObjects.cs
 0.1 kb	 0.0% Packages/com.unity.entities/Unity.Entities/Types/CalculateReaderWriterDependency.cs
 0.1 kb	 0.0% Packages/com.unity.entities/Unity.Entities/SystemDependencySafetyUtility.cs
 0.1 kb	 0.0% Packages/com.unity.entities/Unity.Entities/Serialization/ManagedObjectBinarySerialization.cs
 0.1 kb	 0.0% Packages/com.unity.entities/Unity.Entities/Serialization/Binary/Adapters/Internal/BinaryAdapter+UnityEngine.cs
 0.1 kb	 0.0% Packages/com.unity.entities/Unity.Entities/Properties/UniqueReferenceExcludeAdapter.cs
 0.1 kb	 0.0% Packages/com.unity.entities/Unity.Entities/ProfilerModules/StructuralChangesProfiler+StaticData.cs
 0.1 kb	 0.0% Packages/com.unity.entities/Unity.Entities/ProfilerModules/StructuralChangesProfiler+Recorder.cs
 0.1 kb	 0.0% Packages/com.unity.entities/Unity.Entities/Journaling/EntitiesJournaling+RecordViewArrayUtility.cs
 0.1 kb	 0.0% Packages/com.unity.entities/Unity.Entities/Journaling/EntitiesJournaling+ComponentTypeViewArray.cs
 0.1 kb	 0.0% Packages/com.unity.entities/Unity.Entities/Internal/InternalGatherEntitiesResult.cs
 0.1 kb	 0.0% Packages/com.unity.entities/Unity.Entities/Internal/InternalCompilerInterface.cs
 0.1 kb	 0.0% Packages/com.unity.entities/Unity.Entities/EntityComponentStoreCreateDestroyEntities.cs
 0.1 kb	 0.0% Packages/com.unity.entities/Unity.Entities/DefaultWorldInitializationProxy.cs
 0.1 kb	 0.0% Packages/com.unity.entities/Unity.Entities/DOTSCompilerGeneratedAttribute.cs
 0.1 kb	 0.0% Packages/com.unity.entities/Unity.Entities/Content/RuntimeContentCatalogData.cs
 0.1 kb	 0.0% Packages/com.unity.entities/Unity.Entities/Content/IRuntimeCatalogDataSource.cs
 0.1 kb	 0.0% Packages/com.unity.entities/Unity.Entities/Content/Delivery/DefaultLocationService.cs
 0.1 kb	 0.0% Packages/com.unity.entities/Unity.Entities/Content/Delivery/ContentDeliveryGlobalState.cs
 0.1 kb	 0.0% Packages/com.unity.entities/Unity.Entities/AlwaysSynchronizeSystemAttribute.cs
 0.1 kb	 0.0% Packages/com.unity.entities/Unity.Entities.UI/Attributes/SystemVersionUsageAttribute.cs
 0.1 kb	 0.0% Packages/com.unity.entities/Unity.Entities.UI/Attributes/InspectorOptionsAttribute.cs
 0.1 kb	 0.0% Packages/com.unity.entities/Unity.Entities.UI/Attributes/InlineUnityObjectAttribute.cs
 0.1 kb	 0.0% Packages/com.unity.entities/Unity.Entities.Hybrid/Iterators/TransformAccessArrayIterator.cs
 0.1 kb	 0.0% Packages/com.unity.entities/Unity.Entities.Hybrid/Iterators/ComponentArray.cs
 0.1 kb	 0.0% Packages/com.unity.entities/Unity.Entities.Hybrid/Baking/TransformBakingSystemGroup.cs
 0.1 kb	 0.0% Packages/com.unity.entities/Unity.Entities.Hybrid/Baking/IncrementalBakingData.cs
 0.1 kb	 0.0% Packages/com.unity.entities/Unity.Entities.Hybrid/Baking/IncrementalBakingContext.cs
 0.1 kb	 0.0% Packages/com.unity.entities/Unity.Entities.Hybrid/Baking/BakeDerivedTypesAttribute.cs
 0.1 kb	 0.0% Packages/com.unity.entities/Unity.Entities.Editor/Unity.InternalAPIEngineBridge.002/VisualElementBridge.cs
 0.1 kb	 0.0% Packages/com.unity.entities/Unity.Entities.Editor/Unity.InternalAPIEngineBridge.002/SceneManagerBridge.cs
 0.1 kb	 0.0% Packages/com.unity.dt.app-ui/Runtime/Navigation/VisualElementExtensions.cs
 0.1 kb	 0.0% Packages/com.unity.dt.app-ui/Runtime/Navigation/NavDestinationTemplate.cs
 0.1 kb	 0.0% Packages/com.unity.dt.app-ui/Runtime/MVVM/Attributes/INotifyPropertyChangedAttribute.cs
 0.1 kb	 0.0% Packages/com.unity.collections/Unity.Collections/UnsafeUtilityEx.cs
 0.1 kb	 0.0% Packages/com.unity.collections/Unity.Collections/UnsafeAppendBuffer.cs
 0.1 kb	 0.0% Packages/com.unity.collections/Unity.Collections/NativeParallelHashSetExtensions.gen.cs
 0.1 kb	 0.0% Packages/com.unity.collections/Unity.Collections/Jobs/RegisterGenericJobTypeAttribute.cs
 0.1 kb	 0.0% Packages/com.unity.collections/Unity.Collections/DoubleRewindableAllocators.cs
 0.1 kb	 0.0% Packages/com.unity.collections/Unity.Collections/DataStreamExtensions.cs
 0.1 kb	 0.0% Packages/com.unity.cinemachine/Runtime/PostProcessing/CinemachineVolumeSettings.cs
 0.1 kb	 0.0% Packages/com.unity.cinemachine/Runtime/Impulse/CinemachineImpulseManager.cs
 0.1 kb	 0.0% Packages/com.unity.cinemachine/Runtime/Impulse/CinemachineImpulseListener.cs
 0.1 kb	 0.0% Packages/com.unity.cinemachine/Runtime/Impulse/CinemachineImpulseDefinition.cs
 0.1 kb	 0.0% Packages/com.unity.cinemachine/Runtime/Helpers/CinemachineSplineSmoother.cs
 0.1 kb	 0.0% Packages/com.unity.cinemachine/Runtime/Helpers/CinemachineMixerEventsBase.cs
 0.1 kb	 0.0% Packages/com.unity.cinemachine/Runtime/Deprecated/CinemachineTouchInputMapper.cs
 0.1 kb	 0.0% Packages/com.unity.cinemachine/Runtime/Deprecated/CinemachineOrbitalTransposer.cs
 0.1 kb	 0.0% Packages/com.unity.cinemachine/Runtime/Deprecated/CinemachineInputAxisDriver.cs
 0.1 kb	 0.0% Packages/com.unity.cinemachine/Runtime/Deprecated/CinemachineFramingTransposer.cs
 0.1 kb	 0.0% Packages/com.unity.cinemachine/Runtime/Deprecated/Cinemachine3rdPersonFollow.cs
 0.1 kb	 0.0% Packages/com.unity.cinemachine/Runtime/Core/SplineContainerExtensions.cs
 0.1 kb	 0.0% Packages/com.unity.cinemachine/Runtime/Core/CinemachineVirtualCameraBase.cs
 0.1 kb	 0.0% Packages/com.unity.cinemachine/Runtime/Core/CinemachineHelpURLAttribute.cs
 0.1 kb	 0.0% Packages/com.unity.cinemachine/Runtime/Core/CinemachineCameraManagerBase.cs
 0.1 kb	 0.0% Packages/com.unity.cinemachine/Runtime/Core/CinemachineBlenderSettings.cs
 0.1 kb	 0.0% Packages/com.unity.cinemachine/Runtime/Components/CinemachineThirdPersonFollow.cs
 0.1 kb	 0.0% Packages/com.unity.cinemachine/Runtime/Components/CinemachineRotationComposer.cs
 0.1 kb	 0.0% Packages/com.unity.cinemachine/Runtime/Components/CinemachinePositionComposer.cs
 0.1 kb	 0.0% Packages/com.unity.cinemachine/Runtime/Components/CinemachineHardLockToTarget.cs
 0.1 kb	 0.0% Packages/com.unity.cinemachine/Runtime/Behaviours/CinemachineThirdPersonAim.cs
 0.1 kb	 0.0% Packages/com.unity.cinemachine/Runtime/Behaviours/CinemachineStateDrivenCamera.cs
 0.1 kb	 0.0% Packages/com.unity.cinemachine/Runtime/Behaviours/CinemachineSequencerCamera.cs
 0.1 kb	 0.0% Packages/com.unity.cinemachine/Runtime/Behaviours/CinemachineFreeLookModifier.cs
 0.1 kb	 0.0% Packages/com.unity.cinemachine/Runtime/Behaviours/CinemachineExternalCamera.cs
 0.1 kb	 0.0% Packages/com.unity.behavior/com.unity.serialization/Runtime/Unity.Serialization/Utility/Internal/SystemExtensions.cs
 0.1 kb	 0.0% Packages/com.unity.behavior/com.unity.serialization/Runtime/Unity.Serialization/Json/Views/ISerializedView.cs
 0.1 kb	 0.0% Packages/com.unity.behavior/com.unity.serialization/Runtime/Unity.Serialization/Json/Validation/Internal/JsonValidator.cs
 0.1 kb	 0.0% Packages/com.unity.behavior/com.unity.serialization/Runtime/Unity.Serialization/Json/Validation/Internal/JsonTypeStack.cs
 0.1 kb	 0.0% Packages/com.unity.behavior/com.unity.serialization/Runtime/Unity.Serialization/Json/Utility/ParseErrorExceptions.cs
 0.1 kb	 0.0% Packages/com.unity.behavior/com.unity.serialization/Runtime/Unity.Serialization/Json/Utility/Internal/NativeArrayUtility.cs
 0.1 kb	 0.0% Packages/com.unity.behavior/com.unity.serialization/Runtime/Unity.Serialization/Json/Utility/Internal/BlockReader.cs
 0.1 kb	 0.0% Packages/com.unity.behavior/com.unity.serialization/Runtime/Unity.Serialization/Json/Parser/Internal/JsonTokenizer.cs
 0.1 kb	 0.0% Packages/com.unity.behavior/com.unity.serialization/Runtime/Unity.Serialization/Json/Parser/Internal/JsonTokenStream.cs
 0.1 kb	 0.0% Packages/com.unity.behavior/com.unity.serialization/Runtime/Unity.Serialization/Json/Migration/IJsonMigration.cs
 0.1 kb	 0.0% Packages/com.unity.behavior/com.unity.serialization/Runtime/Unity.Serialization/Json/Adapters/Internal/JsonAdapter+System.cs
 0.1 kb	 0.0% Packages/com.unity.behavior/com.unity.serialization/Runtime/Unity.Serialization/Binary/Adapters/IBinaryAdapter.cs
 0.1 kb	 0.0% Packages/com.unity.behavior/Runtime/Guid/SerializableType.cs
 0.1 kb	 0.0% Packages/com.unity.behavior/Runtime/Guid/SerializableGUID.cs
 0.1 kb	 0.0% Packages/com.unity.behavior/Runtime/Execution/Nodes/Actions/Physics/CheckCollisionsInRadiusAction.cs
 0.1 kb	 0.0% Packages/com.unity.behavior/Runtime/Execution/Conditions/VariableValueChangedCondition.cs
 0.1 kb	 0.0% Packages/com.unity.behavior/Runtime/Execution/Attributes/EventChannelDescriptionAttribute.cs
 0.1 kb	 0.0% Packages/com.unity.behavior/Authoring/GenerativeAI/WebApi/UI/MuseBehaviorUtilities.cs
 0.1 kb	 0.0% Packages/com.unity.behavior/Authoring/GenerativeAI/WebApi/Model/ConversationPatchRequest.cs
 0.1 kb	 0.0% Packages/com.unity.behavior/Authoring/GenerativeAI/WebApi/Model/ActionCodeRepairRequest.cs
 0.1 kb	 0.0% Packages/com.unity.behavior/Authoring/GenerativeAI/WebApi/Model/AbstractOpenAPISchema.cs
 0.1 kb	 0.0% Packages/com.unity.behavior/Authoring/GenerativeAI/WebApi/Client/WebRequestPathBuilder.cs
 0.1 kb	 0.0% Packages/com.unity.behavior/Authoring/GenerativeAI/WebApi/Client/IReadableConfiguration.cs
 0.1 kb	 0.0% Packages/com.unity.animation.rigging/Runtime/Effectors/IRigEffectorHolder.cs
 0.1 kb	 0.0% Packages/com.unity.animation.rigging/Runtime/Attributes/WeightRangeAttribute.cs
 0.1 kb	 0.0% Packages/com.unity.animation.rigging/Runtime/AnimationRig/WeightedTransform.cs
 0.1 kb	 0.0% Packages/com.unity.animation.rigging/Runtime/AnimationRig/Constraints/TwoBoneIKConstraint.cs
 0.1 kb	 0.0% Packages/com.unity.animation.rigging/Runtime/AnimationRig/Constraints/TwistChainConstraint.cs
 0.1 kb	 0.0% Packages/com.unity.animation.rigging/Runtime/AnimationRig/Constraints/OverrideTransform.cs
 0.1 kb	 0.0% Packages/com.unity.animation.rigging/Runtime/AnimationRig/Constraints/MultiAimConstraint.cs
 0.1 kb	 0.0% Packages/com.unity.animation.rigging/Runtime/AnimationRig/Constraints/ChainIKConstraint.cs
 0.1 kb	 0.0% Packages/com.unity.animation.rigging/Runtime/AnimationJobs/TwistCorrectionJob.cs
 0.1 kb	 0.0% Packages/com.unity.animation.rigging/Runtime/AnimationJobs/TransformHandle.cs
 0.1 kb	 0.0% Packages/com.unity.animation.rigging/Runtime/AnimationJobs/OverrideTransformJob.cs
 0.1 kb	 0.0% Packages/com.unity.animation.rigging/Runtime/AnimationJobs/IAnimationJobData.cs
 0.1 kb	 0.0% Packages/com.unity.animation.rigging/Runtime/AnimationJobs/IAnimationJobBinder.cs
 0.1 kb	 0.0% Packages/com.unity.animation.rigging/Runtime/AnimationJobs/DampedTransformJob.cs
 0.1 kb	 0.0% Packages/com.unity.animation.rigging/Runtime/AnimationJobs/ChainIKConstraintJob.cs
 0.1 kb	 0.0% Packages/com.unity.animation.rigging/Runtime/AnimationJobs/BlendConstraintJob.cs
 0.1 kb	 0.0% Packages/com.unity.animation.rigging/Runtime/AnimationJobs/AnimationJobCache.cs
 0.1 kb	 0.0% Packages/com.autodesk.fbx/Runtime/Scripts/FbxLayerElementTemplateFbxVector4.cs
 0.1 kb	 0.0% Packages/com.autodesk.fbx/Runtime/Scripts/FbxLayerElementTemplateFbxVector2.cs
 0.1 kb	 0.0% Packages/com.autodesk.fbx/Runtime/Scripts/FbxLayerElementArrayTemplateFbxColor.cs
 0.1 kb	 0.0% Assets/TextMesh Pro/Examples & Extras/Resources/Color Gradient Presets/Light to Dark Green - Vertical.asset
 0.1 kb	 0.0% Assets/TextMesh Pro/Examples & Extras/Resources/Color Gradient Presets/Dark to Light Green - Vertical.asset
 0.1 kb	 0.0% Packages/com.unity.visualscripting/Runtime/VisualScripting.State/FlowStateTransition.cs
 0.1 kb	 0.0% Packages/com.unity.visualscripting/Runtime/VisualScripting.Flow/Ports/ValuePortDefinition.cs
 0.1 kb	 0.0% Packages/com.unity.visualscripting/Runtime/VisualScripting.Flow/Ports/ValueInputDefinition.cs
 0.1 kb	 0.0% Packages/com.unity.visualscripting/Runtime/VisualScripting.Flow/Ports/UnitPortDefinition.cs
 0.1 kb	 0.0% Packages/com.unity.visualscripting/Runtime/VisualScripting.Flow/Ports/IUnitPortDefinition.cs
 0.1 kb	 0.0% Packages/com.unity.visualscripting/Runtime/VisualScripting.Flow/Framework/Variables/UnifiedVariableUnit.cs
 0.1 kb	 0.0% Packages/com.unity.visualscripting/Runtime/VisualScripting.Flow/Framework/Variables/Obsolete/SetObjectVariable.cs
 0.1 kb	 0.0% Packages/com.unity.visualscripting/Runtime/VisualScripting.Flow/Framework/Variables/Obsolete/ISceneVariableUnit.cs
 0.1 kb	 0.0% Packages/com.unity.visualscripting/Runtime/VisualScripting.Flow/Framework/Variables/Obsolete/ISavedVariableUnit.cs
 0.1 kb	 0.0% Packages/com.unity.visualscripting/Runtime/VisualScripting.Flow/Framework/Variables/Obsolete/IObjectVariableUnit.cs
 0.1 kb	 0.0% Packages/com.unity.visualscripting/Runtime/VisualScripting.Flow/Framework/Variables/Obsolete/IGraphVariableUnit.cs
 0.1 kb	 0.0% Packages/com.unity.visualscripting/Runtime/VisualScripting.Flow/Framework/Variables/Obsolete/GetObjectVariable.cs
 0.1 kb	 0.0% Packages/com.unity.visualscripting/Runtime/VisualScripting.Flow/Framework/Variables/IsVariableDefined.cs
 0.1 kb	 0.0% Packages/com.unity.visualscripting/Runtime/VisualScripting.Flow/Framework/Variables/IUnifiedVariableUnit.cs
 0.1 kb	 0.0% Packages/com.unity.visualscripting/Runtime/VisualScripting.Flow/Framework/Time/WaitForSecondsUnit.cs
 0.1 kb	 0.0% Packages/com.unity.visualscripting/Runtime/VisualScripting.Flow/Framework/Time/WaitForNextFrameUnit.cs
 0.1 kb	 0.0% Packages/com.unity.visualscripting/Runtime/VisualScripting.Flow/Framework/Math/Vector4/Vector4MoveTowards.cs
 0.1 kb	 0.0% Packages/com.unity.visualscripting/Runtime/VisualScripting.Flow/Framework/Math/Vector4/Vector4DotProduct.cs
 0.1 kb	 0.0% Packages/com.unity.visualscripting/Runtime/VisualScripting.Flow/Framework/Math/Vector4/DeprecatedVector4Add.cs
 0.1 kb	 0.0% Packages/com.unity.visualscripting/Runtime/VisualScripting.Flow/Framework/Math/Vector3/Vector3MoveTowards.cs
 0.1 kb	 0.0% Packages/com.unity.visualscripting/Runtime/VisualScripting.Flow/Framework/Math/Vector3/Vector3DotProduct.cs
 0.1 kb	 0.0% Packages/com.unity.visualscripting/Runtime/VisualScripting.Flow/Framework/Math/Vector3/Vector3CrossProduct.cs
 0.1 kb	 0.0% Packages/com.unity.visualscripting/Runtime/VisualScripting.Flow/Framework/Math/Vector3/DeprecatedVector3Add.cs
 0.1 kb	 0.0% Packages/com.unity.visualscripting/Runtime/VisualScripting.Flow/Framework/Math/Vector2/Vector2MoveTowards.cs
 0.1 kb	 0.0% Packages/com.unity.visualscripting/Runtime/VisualScripting.Flow/Framework/Math/Vector2/Vector2DotProduct.cs
 0.1 kb	 0.0% Packages/com.unity.visualscripting/Runtime/VisualScripting.Flow/Framework/Math/Vector2/DeprecatedVector2Add.cs
 0.1 kb	 0.0% Packages/com.unity.visualscripting/Runtime/VisualScripting.Flow/Framework/Math/Scalar/ScalarMoveTowards.cs
 0.1 kb	 0.0% Packages/com.unity.visualscripting/Runtime/VisualScripting.Flow/Framework/Math/Scalar/ScalarExponentiate.cs
 0.1 kb	 0.0% Packages/com.unity.visualscripting/Runtime/VisualScripting.Flow/Framework/Math/Scalar/DeprecatedScalarAdd.cs
 0.1 kb	 0.0% Packages/com.unity.visualscripting/Runtime/VisualScripting.Flow/Framework/Math/Generic/DeprecatedGenericAdd.cs
 0.1 kb	 0.0% Packages/com.unity.visualscripting/Runtime/VisualScripting.Flow/Framework/Logic/NumericComparison.cs
 0.1 kb	 0.0% Packages/com.unity.visualscripting/Runtime/VisualScripting.Flow/Framework/Logic/EqualityComparison.cs
 0.1 kb	 0.0% Packages/com.unity.visualscripting/Runtime/VisualScripting.Flow/Framework/Logic/BinaryComparisonUnit.cs
 0.1 kb	 0.0% Packages/com.unity.visualscripting/Runtime/VisualScripting.Flow/Framework/Logic/ApproximatelyEqual.cs
 0.1 kb	 0.0% Packages/com.unity.visualscripting/Runtime/VisualScripting.Flow/Framework/Events/TriggerCustomEvent.cs
 0.1 kb	 0.0% Packages/com.unity.visualscripting/Runtime/VisualScripting.Flow/Framework/Events/Rendering/OnBecameInvisible.cs
 0.1 kb	 0.0% Packages/com.unity.visualscripting/Runtime/VisualScripting.Flow/Framework/Events/Physics2D/TriggerEvent2DUnit.cs
 0.1 kb	 0.0% Packages/com.unity.visualscripting/Runtime/VisualScripting.Flow/Framework/Events/Physics2D/OnCollisionStay2D.cs
 0.1 kb	 0.0% Packages/com.unity.visualscripting/Runtime/VisualScripting.Flow/Framework/Events/Physics2D/OnCollisionExit2D.cs
 0.1 kb	 0.0% Packages/com.unity.visualscripting/Runtime/VisualScripting.Flow/Framework/Events/Physics2D/OnCollisionEnter2D.cs
 0.1 kb	 0.0% Packages/com.unity.visualscripting/Runtime/VisualScripting.Flow/Framework/Events/Physics2D/CollisionEvent2DUnit.cs
 0.1 kb	 0.0% Packages/com.unity.visualscripting/Runtime/VisualScripting.Flow/Framework/Events/Physics/OnParticleCollision.cs
 0.1 kb	 0.0% Packages/com.unity.visualscripting/Runtime/VisualScripting.Flow/Framework/Events/Physics/CollisionEventUnit.cs
 0.1 kb	 0.0% Packages/com.unity.visualscripting/Runtime/VisualScripting.Flow/Framework/Events/Navigation/OnDestinationReached.cs
 0.1 kb	 0.0% Packages/com.unity.visualscripting/Runtime/VisualScripting.Flow/Framework/Events/Input/OnMouseUpAsButton.cs
 0.1 kb	 0.0% Packages/com.unity.visualscripting/Runtime/VisualScripting.Flow/Framework/Events/GUI/OnToggleValueChanged.cs
 0.1 kb	 0.0% Packages/com.unity.visualscripting/Runtime/VisualScripting.Flow/Framework/Events/GUI/OnSliderValueChanged.cs
 0.1 kb	 0.0% Packages/com.unity.visualscripting/Runtime/VisualScripting.Flow/Framework/Events/GUI/OnInputFieldEndEdit.cs
 0.1 kb	 0.0% Packages/com.unity.visualscripting/Runtime/VisualScripting.Flow/Framework/Events/GUI/GenericGuiEventUnit.cs
 0.1 kb	 0.0% Packages/com.unity.visualscripting/Runtime/VisualScripting.Flow/Framework/Events/Editor/OnDrawGizmosSelected.cs
 0.1 kb	 0.0% Packages/com.unity.visualscripting/Runtime/VisualScripting.Flow/Framework/Events/Application/OnApplicationResume.cs
 0.1 kb	 0.0% Packages/com.unity.visualscripting/Runtime/VisualScripting.Flow/Framework/Events/Application/OnApplicationQuit.cs
 0.1 kb	 0.0% Packages/com.unity.visualscripting/Runtime/VisualScripting.Flow/Framework/Events/Application/OnApplicationPause.cs
 0.1 kb	 0.0% Packages/com.unity.visualscripting/Runtime/VisualScripting.Flow/Framework/Events/Application/OnApplicationFocus.cs
 0.1 kb	 0.0% Packages/com.unity.visualscripting/Runtime/VisualScripting.Flow/Framework/Events/Animation/BoltAnimationEvent.cs
 0.1 kb	 0.0% Packages/com.unity.visualscripting/Runtime/VisualScripting.Flow/Framework/Collections/Dictionaries/SetDictionaryItem.cs
 0.1 kb	 0.0% Packages/com.unity.visualscripting/Runtime/VisualScripting.Flow/Framework/Collections/Dictionaries/RemoveDictionaryItem.cs
 0.1 kb	 0.0% Packages/com.unity.visualscripting/Runtime/VisualScripting.Flow/Framework/Collections/Dictionaries/MergeDictionaries.cs
 0.1 kb	 0.0% Packages/com.unity.visualscripting/Runtime/VisualScripting.Flow/Framework/Collections/Dictionaries/GetDictionaryItem.cs
 0.1 kb	 0.0% Packages/com.unity.visualscripting/Runtime/VisualScripting.Flow/Framework/Collections/Dictionaries/AddDictionaryItem.cs
 0.1 kb	 0.0% Packages/com.unity.visualscripting/Runtime/VisualScripting.Flow/EditorBinding/UnitTitleAttribute.cs
 0.1 kb	 0.0% Packages/com.unity.visualscripting/Runtime/VisualScripting.Flow/EditorBinding/UnitOrderAttribute.cs
 0.1 kb	 0.0% Packages/com.unity.visualscripting/Runtime/VisualScripting.Flow/EditorBinding/SpecialUnitAttribute.cs
 0.1 kb	 0.0% Packages/com.unity.visualscripting/Runtime/VisualScripting.Flow/EditorBinding/PortLabelAttribute.cs
 0.1 kb	 0.0% Packages/com.unity.visualscripting/Runtime/VisualScripting.Flow/Dependencies/NCalc/NCalcParser.cs
 0.1 kb	 0.0% Packages/com.unity.visualscripting/Runtime/VisualScripting.Flow/Dependencies/NCalc/NCalcLexer.cs
 0.1 kb	 0.0% Packages/com.unity.visualscripting/Runtime/VisualScripting.Flow/Dependencies/NCalc/FunctionArgs.cs
 0.1 kb	 0.0% Packages/com.unity.visualscripting/Runtime/VisualScripting.Flow/Dependencies/NCalc/Expression.cs
 0.1 kb	 0.0% Packages/com.unity.visualscripting/Runtime/VisualScripting.Flow/Connections/InvalidConnection.cs
 0.1 kb	 0.0% Packages/com.unity.visualscripting/Runtime/VisualScripting.Flow/Connections/ControlConnection.cs
 0.1 kb	 0.0% Packages/com.unity.visualscripting/Runtime/VisualScripting.Core/Variables/VariableDeclarations.cs
 0.1 kb	 0.0% Packages/com.unity.visualscripting/Runtime/VisualScripting.Core/Variables/VariableDeclaration.cs
 0.1 kb	 0.0% Packages/com.unity.visualscripting/Runtime/VisualScripting.Core/Variables/IGraphWithVariables.cs
 0.1 kb	 0.0% Packages/com.unity.visualscripting/Runtime/VisualScripting.Core/Variables/ApplicationVariables.cs
 0.1 kb	 0.0% Packages/com.unity.visualscripting/Runtime/VisualScripting.Core/Utilities/UnityObjectUtility.cs
 0.1 kb	 0.0% Packages/com.unity.visualscripting/Runtime/VisualScripting.Core/Utilities/ReferenceCollector.cs
 0.1 kb	 0.0% Packages/com.unity.visualscripting/Runtime/VisualScripting.Core/Utilities/CSharpNameUtility.cs
 0.1 kb	 0.0% Packages/com.unity.visualscripting/Runtime/VisualScripting.Core/Unity/SingletonAttribute.cs
 0.1 kb	 0.0% Packages/com.unity.visualscripting/Runtime/VisualScripting.Core/Unity/IUnityObjectOwnable.cs
 0.1 kb	 0.0% Packages/com.unity.visualscripting/Runtime/VisualScripting.Core/Serialization/SerializeAttribute.cs
 0.1 kb	 0.0% Packages/com.unity.visualscripting/Runtime/VisualScripting.Core/Serialization/SerializeAsAttribute.cs
 0.1 kb	 0.0% Packages/com.unity.visualscripting/Runtime/VisualScripting.Core/Serialization/SerializationData.cs
 0.1 kb	 0.0% Packages/com.unity.visualscripting/Runtime/VisualScripting.Core/Serialization/Converters/UnityObjectConverter.cs
 0.1 kb	 0.0% Packages/com.unity.visualscripting/Runtime/VisualScripting.Core/Serialization/Converters/NamespaceConverter.cs
 0.1 kb	 0.0% Packages/com.unity.visualscripting/Runtime/VisualScripting.Core/Reflection/RenamedFromAttribute.cs
 0.1 kb	 0.0% Packages/com.unity.visualscripting/Runtime/VisualScripting.Core/Reflection/Optimization/StaticInvokerBase.cs
 0.1 kb	 0.0% Packages/com.unity.visualscripting/Runtime/VisualScripting.Core/Reflection/Optimization/ReflectionInvoker.cs
 0.1 kb	 0.0% Packages/com.unity.visualscripting/Runtime/VisualScripting.Core/Reflection/Optimization/OptimizedReflection.cs
 0.1 kb	 0.0% Packages/com.unity.visualscripting/Runtime/VisualScripting.Core/Reflection/Optimization/IOptimizedInvoker.cs
 0.1 kb	 0.0% Packages/com.unity.visualscripting/Runtime/VisualScripting.Core/Reflection/Optimization/IOptimizedAccessor.cs
 0.1 kb	 0.0% Packages/com.unity.visualscripting/Runtime/VisualScripting.Core/Reflection/Operators/UnaryOperatorHandler.cs
 0.1 kb	 0.0% Packages/com.unity.visualscripting/Runtime/VisualScripting.Core/Reflection/Operators/SubtractionHandler.cs
 0.1 kb	 0.0% Packages/com.unity.visualscripting/Runtime/VisualScripting.Core/Reflection/Operators/RightShiftHandler.cs
 0.1 kb	 0.0% Packages/com.unity.visualscripting/Runtime/VisualScripting.Core/Reflection/Operators/OperatorException.cs
 0.1 kb	 0.0% Packages/com.unity.visualscripting/Runtime/VisualScripting.Core/Reflection/Operators/InequalityHandler.cs
 0.1 kb	 0.0% Packages/com.unity.visualscripting/Runtime/VisualScripting.Core/Reflection/Operators/GreaterThanHandler.cs
 0.1 kb	 0.0% Packages/com.unity.visualscripting/Runtime/VisualScripting.Core/Reflection/Operators/ExclusiveOrHandler.cs
 0.1 kb	 0.0% Packages/com.unity.visualscripting/Runtime/VisualScripting.Core/Reflection/MemberInfoComparer.cs
 0.1 kb	 0.0% Packages/com.unity.visualscripting/Runtime/VisualScripting.Core/Reflection/LooseAssemblyName.cs
 0.1 kb	 0.0% Packages/com.unity.visualscripting/Runtime/VisualScripting.Core/Reflection/IAttributeProvider.cs
 0.1 kb	 0.0% Packages/com.unity.visualscripting/Runtime/VisualScripting.Core/Reflection/ConversionUtility.cs
 0.1 kb	 0.0% Packages/com.unity.visualscripting/Runtime/VisualScripting.Core/Listeners/UnityMessageListener.cs
 0.1 kb	 0.0% Packages/com.unity.visualscripting/Runtime/VisualScripting.Core/Listeners/IGraphEventListener.cs
 0.1 kb	 0.0% Packages/com.unity.visualscripting/Runtime/VisualScripting.Core/Graphs/IGraphParentElement.cs
 0.1 kb	 0.0% Packages/com.unity.visualscripting/Runtime/VisualScripting.Core/Graphs/IGraphNesterElement.cs
 0.1 kb	 0.0% Packages/com.unity.visualscripting/Runtime/VisualScripting.Core/Graphs/IGraphElementData.cs
 0.1 kb	 0.0% Packages/com.unity.visualscripting/Runtime/VisualScripting.Core/Events/FrameDelayedCallback.cs
 0.1 kb	 0.0% Packages/com.unity.visualscripting/Runtime/VisualScripting.Core/Events/EventHookComparer.cs
 0.1 kb	 0.0% Packages/com.unity.visualscripting/Runtime/VisualScripting.Core/Ensure/ExceptionMessages.cs
 0.1 kb	 0.0% Packages/com.unity.visualscripting/Runtime/VisualScripting.Core/EditorBinding/TypeIconAttribute.cs
 0.1 kb	 0.0% Packages/com.unity.visualscripting/Runtime/VisualScripting.Core/EditorBinding/PredictableAttribute.cs
 0.1 kb	 0.0% Packages/com.unity.visualscripting/Runtime/VisualScripting.Core/EditorBinding/InspectableAttribute.cs
 0.1 kb	 0.0% Packages/com.unity.visualscripting/Runtime/VisualScripting.Core/EditorBinding/EditorTimeBinding.cs
 0.1 kb	 0.0% Packages/com.unity.visualscripting/Runtime/VisualScripting.Core/EditorBinding/EditorBindingUtility.cs
 0.1 kb	 0.0% Packages/com.unity.visualscripting/Runtime/VisualScripting.Core/EditorBinding/AllowsNullAttribute.cs
 0.1 kb	 0.0% Packages/com.unity.visualscripting/Runtime/VisualScripting.Core/Dependencies/FullSerializer/Internal/fsOption.cs
 0.1 kb	 0.0% Packages/com.unity.visualscripting/Runtime/VisualScripting.Core/Decorators/IDecoratorAttribute.cs
 0.1 kb	 0.0% Packages/com.unity.visualscripting/Runtime/VisualScripting.Core/Cloning/Cloners/AnimationCurveCloner.cs
 0.1 kb	 0.0% Packages/com.unity.ugui/Runtime/TMP/TMP_DynamicFontAssetUtilities.cs
 0.1 kb	 0.0% Packages/com.unity.timeline/Runtime/Utilities/AnimationPreviewUtilities.cs
 0.1 kb	 0.0% Packages/com.unity.timeline/Runtime/Playables/TimeNotificationBehaviour.cs
 0.1 kb	 0.0% Packages/com.unity.timeline/Runtime/Playables/ActivationControlPlayable.cs
 0.1 kb	 0.0% Packages/com.unity.timeline/Runtime/Events/INotificationOptionProvider.cs
 0.1 kb	 0.0% Packages/com.unity.splines/Runtime/SplineDataHandleAttribute.cs
 0.1 kb	 0.0% Packages/com.unity.services.core/Runtime/Core.Internal/Components/Telemetry/IDiagnostics.cs
 0.1 kb	 0.0% Packages/com.unity.services.core/Runtime/Core.Internal/Components/Networking/IHttpClient.cs
 0.1 kb	 0.0% Packages/com.unity.services.core/Runtime/Core.Internal/Components/Networking/HttpResponse.cs
 0.1 kb	 0.0% Packages/com.unity.services.core/Runtime/Core.Internal/Components/Networking/HttpRequest.cs
 0.1 kb	 0.0% Packages/com.unity.services.core/Runtime/Core.Internal/Components/Networking/HttpOptions.cs
 0.1 kb	 0.0% Packages/com.unity.services.core/Runtime/Core.Internal/Components/Authentication/IPlayerId.cs
 0.1 kb	 0.0% Packages/com.unity.services.core/Runtime/Core.Internal/Components/Authentication/IAccessToken.cs
 0.1 kb	 0.0% Packages/com.unity.services.authentication/Runtime/Generated/Shared/IApiClient.cs
 0.1 kb	 0.0% Packages/com.unity.services.authentication/Runtime/Generated/Shared/IApiAccessor.cs
 0.1 kb	 0.0% Packages/com.unity.services.authentication/Runtime/Generated/Shared/ApiResponse.cs
 0.1 kb	 0.0% Packages/com.unity.services.authentication/Runtime/Generated/Shared/ApiException.cs
 0.1 kb	 0.0% Packages/com.unity.services.authentication/Runtime/Compatibility/Models.cs
 0.1 kb	 0.0% Packages/com.unity.scriptablebuildpipeline/Runtime/Shared/BundleDetails.cs
 0.1 kb	 0.0% Packages/com.unity.render-pipelines.universal/Runtime/NoAllocUtils.cs
 0.1 kb	 0.0% Packages/com.unity.render-pipelines.universal/Runtime/2D/Lights/Light2D.cs
 0.1 kb	 0.0% Packages/com.unity.render-pipelines.universal/Runtime/2D/Clipper.cs
 0.1 kb	 0.0% Packages/com.unity.render-pipelines.core/Runtime/XR/XRSRPSettings.cs
 0.1 kb	 0.0% Packages/com.unity.render-pipelines.core/Runtime/Volume/VolumeProfile.cs
 0.1 kb	 0.0% Packages/com.unity.render-pipelines.core/Runtime/Volume/VolumeParameter.cs
 0.1 kb	 0.0% Packages/com.unity.render-pipelines.core/Runtime/Volume/VolumeManager.cs
 0.1 kb	 0.0% Packages/com.unity.render-pipelines.core/Runtime/Volume/VolumeDebugData.cs
 0.1 kb	 0.0% Packages/com.unity.render-pipelines.core/Runtime/Volume/VolumeComponent.cs
 0.1 kb	 0.0% Packages/com.unity.render-pipelines.core/Runtime/Volume/VolumeCollection.cs
 0.1 kb	 0.0% Packages/com.unity.render-pipelines.core/Runtime/Volume/KeyframeUtility.cs
 0.1 kb	 0.0% Packages/com.unity.render-pipelines.core/Runtime/Utilities/TileLayoutUtils.cs
 0.1 kb	 0.0% Packages/com.unity.render-pipelines.core/Runtime/Utilities/TextureGradient.cs
 0.1 kb	 0.0% Packages/com.unity.render-pipelines.core/Runtime/Utilities/ResourceReloader.cs
 0.1 kb	 0.0% Packages/com.unity.render-pipelines.core/Runtime/Utilities/LightUnitUtils.cs
 0.1 kb	 0.0% Packages/com.unity.render-pipelines.core/Runtime/Utilities/HaltonSequence.cs
 0.1 kb	 0.0% Packages/com.unity.render-pipelines.core/Runtime/Utilities/HDROutputUtils.cs
 0.1 kb	 0.0% Packages/com.unity.render-pipelines.core/Runtime/Utilities/GPUPrefixSum/GPUPrefixSum.Data.cs
 0.1 kb	 0.0% Packages/com.unity.render-pipelines.core/Runtime/Utilities/DelegateUtility.cs
 0.1 kb	 0.0% Packages/com.unity.render-pipelines.core/Runtime/Utilities/CoreMatrixUtils.cs
 0.1 kb	 0.0% Packages/com.unity.render-pipelines.core/Runtime/Utilities/ColorSpaceUtils.cs
 0.1 kb	 0.0% Packages/com.unity.render-pipelines.core/Runtime/Utilities/ArrayExtensions.cs
 0.1 kb	 0.0% Packages/com.unity.render-pipelines.core/Runtime/Textures/Texture2DAtlas.cs
 0.1 kb	 0.0% Packages/com.unity.render-pipelines.core/Runtime/Textures/RTHandleSystem.cs
 0.1 kb	 0.0% Packages/com.unity.render-pipelines.core/Runtime/Sampling/SobolData.cs
 0.1 kb	 0.0% Packages/com.unity.render-pipelines.core/Runtime/RenderPipeline/IVolumetricCloud.cs
 0.1 kb	 0.0% Packages/com.unity.render-pipelines.core/Runtime/RenderPipeline/ICloudBackground.cs
 0.1 kb	 0.0% Packages/com.unity.render-pipelines.core/Runtime/RenderGraph/RenderGraphCompilationCache.cs
 0.1 kb	 0.0% Packages/com.unity.render-pipelines.core/Runtime/PostProcessing/LensFlareDataSRP.cs
 0.1 kb	 0.0% Packages/com.unity.render-pipelines.core/Runtime/Lighting/SurfaceCache/SurfaceCacheWorld.cs
 0.1 kb	 0.0% Packages/com.unity.render-pipelines.core/Runtime/Lighting/ProbeVolume/ProbeVolumeUtil.cs
 0.1 kb	 0.0% Packages/com.unity.render-pipelines.core/Runtime/Lighting/ProbeVolume/ProbeBrickPool.cs
 0.1 kb	 0.0% Packages/com.unity.render-pipelines.core/Runtime/Lighting/ProbeVolume/ProbeBrickIndex.cs
 0.1 kb	 0.0% Packages/com.unity.render-pipelines.core/Runtime/Debugging/ProfilingScope.cs
 0.1 kb	 0.0% Packages/com.unity.render-pipelines.core/Runtime/Debugging/FrameTiming/FrameTimeSample.cs
 0.1 kb	 0.0% Packages/com.unity.render-pipelines.core/Runtime/Debugging/DebugManager.UIState.cs
 0.1 kb	 0.0% Packages/com.unity.render-pipelines.core/Runtime/Debugging/DebugManager.Input.cs
 0.1 kb	 0.0% Packages/com.unity.render-pipelines.core/Runtime/Debugging/DebugFrameTiming.cs
 0.1 kb	 0.0% Packages/com.unity.render-pipelines.core/Runtime/Common/SerializableEnum.cs
 0.1 kb	 0.0% Packages/com.unity.render-pipelines.core/Runtime/Common/ReloadAttribute.cs
 0.1 kb	 0.0% Packages/com.unity.render-pipelines.core/Runtime/Common/IAdditionalData.cs
 0.1 kb	 0.0% Packages/com.unity.render-pipelines.core/Runtime/Common/DynamicString.cs
 0.1 kb	 0.0% Packages/com.unity.render-pipelines.core/Runtime/Common/CoreUnsafeUtils.cs
 0.1 kb	 0.0% Packages/com.unity.render-pipelines.core/Runtime/Common/ContextContainer.cs
 0.1 kb	 0.0% Packages/com.unity.render-pipelines.core/Runtime/Common/ConstantBuffer.cs
 0.1 kb	 0.0% Packages/com.unity.render-pipelines.core/Runtime/Camera/CameraSwitcher.cs
 0.1 kb	 0.0% Packages/com.unity.probuilder/Runtime/Core/SelectionPickerRendererURP.cs
 0.1 kb	 0.0% Packages/com.unity.probuilder/Runtime/Core/SelectionPickerRendererHDRP.cs
 0.1 kb	 0.0% Packages/com.unity.probuilder/External/Poly2Tri/Utility/FixedBitArray3.cs
 0.1 kb	 0.0% Packages/com.unity.probuilder/External/Poly2Tri/Triangulation/Util/PolygonGenerator.cs
 0.1 kb	 0.0% Packages/com.unity.probuilder/External/Poly2Tri/Triangulation/Util/PointGenerator.cs
 0.1 kb	 0.0% Packages/com.unity.probuilder/External/Poly2Tri/Triangulation/ITriangulatable.cs
 0.1 kb	 0.0% Packages/com.unity.probuilder/External/Poly2Tri/Triangulation/Delaunay/Sweep/DTSweepEdgeEvent.cs
 0.1 kb	 0.0% Packages/com.unity.probuilder/External/Poly2Tri/Triangulation/Delaunay/Sweep/DTSweepContext.cs
 0.1 kb	 0.0% Packages/com.unity.probuilder/External/Poly2Tri/Triangulation/Delaunay/Sweep/AdvancingFront.cs
 0.1 kb	 0.0% Packages/com.unity.probuilder/External/Poly2Tri/Triangulation/Delaunay/DelaunayTriangle.cs
 0.1 kb	 0.0% Packages/com.unity.physics/Unity.Physics/Numerics/Linear/Sparse/VectorStorage.cs
 0.1 kb	 0.0% Packages/com.unity.physics/Unity.Physics/Numerics/Linear/Dense/VectorStorage.cs
 0.1 kb	 0.0% Packages/com.unity.physics/Unity.Physics/Numerics/Linear/Dense/RowOperations.cs
 0.1 kb	 0.0% Packages/com.unity.physics/Unity.Physics/Numerics/Linear/Dense/Householder.cs
 0.1 kb	 0.0% Packages/com.unity.physics/Unity.Physics/ECS/GraphicsIntegration/Components/PhysicsRenderEntity.cs
 0.1 kb	 0.0% Packages/com.unity.physics/Unity.Physics.Hybrid/Utilities/DebugDisplay/DisplayContactsSystem.cs
 0.1 kb	 0.0% Packages/com.unity.physics/Unity.Physics.Hybrid/Utilities/DebugDisplay/DisplayCollidersSystem.cs
 0.1 kb	 0.0% Packages/com.unity.physics/Unity.Physics.Hybrid/EntitiesBaking/BakingSystems/RigidbodyBakingSystem.cs
 0.1 kb	 0.0% Packages/com.unity.physics/Unity.Physics.Hybrid/EntitiesBaking/BakingSystems/EndColliderBakingSystem.cs
 0.1 kb	 0.0% Packages/com.unity.physics/Unity.Physics.Hybrid/EntitiesBaking/BakingSystems/BeginJointBakingSystem.cs
 0.1 kb	 0.0% Packages/com.unity.physics/Unity.Physics.Hybrid/EntitiesBaking/BakingSystems/BaseShapeBakingSystem_Data.cs
 0.1 kb	 0.0% Packages/com.unity.physics/Unity.Physics.Hybrid/EntitiesBaking/BakingSystems/BaseShapeBakingSystem.cs
 0.1 kb	 0.0% Packages/com.unity.physics/Unity.Physics.Hybrid/EntitiesBaking/BakingSystems/BaseColliderBaker.cs
 0.1 kb	 0.0% Packages/com.unity.physics/Unity.Physics.Hybrid/Data/CustomPhysicsBodyTags.cs
 0.1 kb	 0.0% Packages/com.unity.inputsystem/InputSystem/Runtime/Utilities/Comparers.cs
 0.1 kb	 0.0% Packages/com.unity.inputsystem/InputSystem/Runtime/State/InputStateHistory.cs
 0.1 kb	 0.0% Packages/com.unity.inputsystem/InputSystem/Runtime/State/InputStateBuffers.cs
 0.1 kb	 0.0% Packages/com.unity.inputsystem/InputSystem/Runtime/State/IInputStateTypeInfo.cs
 0.1 kb	 0.0% Packages/com.unity.inputsystem/InputSystem/Runtime/Plugins/Users/InputUserSettings.cs
 0.1 kb	 0.0% Packages/com.unity.inputsystem/InputSystem/Runtime/Plugins/Switch/SwitchProController.cs
 0.1 kb	 0.0% Packages/com.unity.inputsystem/InputSystem/Runtime/Plugins/EnhancedTouch/TouchSimulation.cs
 0.1 kb	 0.0% Packages/com.unity.inputsystem/InputSystem/Runtime/NativeInputRuntime.cs
 0.1 kb	 0.0% Packages/com.unity.inputsystem/InputSystem/Runtime/InputEditorUserSettings.cs
 0.1 kb	 0.0% Packages/com.unity.inputsystem/InputSystem/Runtime/Events/InputEventListener.cs
 0.1 kb	 0.0% Packages/com.unity.inputsystem/InputSystem/Runtime/Events/IMECompositionEvent.cs
 0.1 kb	 0.0% Packages/com.unity.inputsystem/InputSystem/Runtime/Events/IInputEventTypeInfo.cs
 0.1 kb	 0.0% Packages/com.unity.inputsystem/InputSystem/Runtime/Events/DeviceRemoveEvent.cs
 0.1 kb	 0.0% Packages/com.unity.inputsystem/InputSystem/Runtime/Devices/InputDeviceMatcher.cs
 0.1 kb	 0.0% Packages/com.unity.inputsystem/InputSystem/Runtime/Devices/InputDeviceBuilder.cs
 0.1 kb	 0.0% Packages/com.unity.inputsystem/InputSystem/Runtime/Devices/ITextInputReceiver.cs
 0.1 kb	 0.0% Packages/com.unity.inputsystem/InputSystem/Runtime/Devices/IEventPreProcessor.cs
 0.1 kb	 0.0% Packages/com.unity.inputsystem/InputSystem/Runtime/Devices/ICustomDeviceReset.cs
 0.1 kb	 0.0% Packages/com.unity.inputsystem/InputSystem/Runtime/Devices/Commands/RequestSyncCommand.cs
 0.1 kb	 0.0% Packages/com.unity.inputsystem/InputSystem/Runtime/Devices/Commands/RequestResetCommand.cs
 0.1 kb	 0.0% Packages/com.unity.inputsystem/InputSystem/Runtime/Devices/Commands/QueryUserIdCommand.cs
 0.1 kb	 0.0% Packages/com.unity.inputsystem/InputSystem/Runtime/Devices/Commands/QueryKeyNameCommand.cs
 0.1 kb	 0.0% Packages/com.unity.inputsystem/InputSystem/Runtime/Devices/Commands/InputDeviceCommand.cs
 0.1 kb	 0.0% Packages/com.unity.inputsystem/InputSystem/Runtime/Devices/Commands/EnableDeviceCommand.cs
 0.1 kb	 0.0% Packages/com.unity.inputsystem/InputSystem/Runtime/Devices/Commands/DisableDeviceCommand.cs
 0.1 kb	 0.0% Packages/com.unity.inputsystem/InputSystem/Runtime/Controls/TouchPressControl.cs
 0.1 kb	 0.0% Packages/com.unity.inputsystem/InputSystem/Runtime/Controls/TouchPhaseControl.cs
 0.1 kb	 0.0% Packages/com.unity.inputsystem/InputSystem/Runtime/Controls/QuaternionControl.cs
 0.1 kb	 0.0% Packages/com.unity.inputsystem/InputSystem/Runtime/Controls/InputControlLayout.cs
 0.1 kb	 0.0% Packages/com.unity.inputsystem/InputSystem/Runtime/Controls/InputControlExtensions.cs
 0.1 kb	 0.0% Packages/com.unity.inputsystem/InputSystem/Runtime/Actions/InputInteractionContext.cs
 0.1 kb	 0.0% Packages/com.unity.inputsystem/InputSystem/Runtime/Actions/InputBindingComposite.cs
 0.1 kb	 0.0% Packages/com.unity.inputsystem/InputSystem/Runtime/Actions/IInputActionCollection.cs
 0.1 kb	 0.0% Packages/com.unity.inputsystem/InputSystem/Editor/VirtualMouseInputEditor.cs
 0.1 kb	 0.0% Packages/com.unity.inputsystem/InputSystem/Editor/UITKAssetEditor/Views/MatchingControlPaths.cs
 0.1 kb	 0.0% Packages/com.unity.inputsystem/InputSystem/Editor/UITKAssetEditor/Views/IViewStateCollection.cs
 0.1 kb	 0.0% Packages/com.unity.inputsystem/InputSystem/Editor/UITKAssetEditor/Views/ControlSchemesView.cs
 0.1 kb	 0.0% Packages/com.unity.inputsystem/InputSystem/Editor/UITKAssetEditor/Views/ActionPropertiesView.cs
 0.1 kb	 0.0% Packages/com.unity.inputsystem/InputSystem/Editor/UITKAssetEditor/EnumerableExtensions.cs
 0.1 kb	 0.0% Packages/com.unity.inputsystem/InputSystem/Editor/PropertyDrawers/InputActionMapDrawer.cs
 0.1 kb	 0.0% Packages/com.unity.inputsystem/InputSystem/Editor/PropertyDrawers/InputActionDrawer.cs
 0.1 kb	 0.0% Packages/com.unity.inputsystem/InputSystem/Editor/Plugins/iOS/InputSettingsiOSProvider.cs
 0.1 kb	 0.0% Packages/com.unity.inputsystem/InputSystem/Editor/Plugins/PlayerInput/PlayerInputEditor.cs
 0.1 kb	 0.0% Packages/com.unity.inputsystem/InputSystem/Editor/Plugins/OnScreen/OnScreenStickEditor.cs
 0.1 kb	 0.0% Packages/com.unity.inputsystem/InputSystem/Editor/Plugins/OnScreen/OnScreenButtonEditor.cs
 0.1 kb	 0.0% Packages/com.unity.inputsystem/InputSystem/Editor/Internal/InputEventTreeView.cs
 0.1 kb	 0.0% Packages/com.unity.inputsystem/InputSystem/Editor/Internal/InputControlTreeView.cs
 0.1 kb	 0.0% Packages/com.unity.inputsystem/InputSystem/Editor/Internal/BuildProviderHelpers.cs
 0.1 kb	 0.0% Packages/com.unity.inputsystem/InputSystem/Editor/Internal/AdvancedDropdown/MultiLevelDataSource.cs
 0.1 kb	 0.0% Packages/com.unity.inputsystem/InputSystem/Editor/Internal/AdvancedDropdown/CallbackDataSource.cs
 0.1 kb	 0.0% Packages/com.unity.inputsystem/InputSystem/Editor/Internal/AdvancedDropdown/AdvancedDropdownItem.cs
 0.1 kb	 0.0% Packages/com.unity.inputsystem/InputSystem/Editor/Internal/AdvancedDropdown/AdvancedDropdownGUI.cs
 0.1 kb	 0.0% Packages/com.unity.inputsystem/InputSystem/Editor/InputSystemStateManager.cs
 0.1 kb	 0.0% Packages/com.unity.inputsystem/InputSystem/Editor/InputParameterEditor.cs
 0.1 kb	 0.0% Packages/com.unity.inputsystem/InputSystem/Editor/DeviceSimulator/InputSystemPlugin.cs
 0.1 kb	 0.0% Packages/com.unity.inputsystem/InputSystem/Editor/Debugger/InputDebuggerWindow.cs
 0.1 kb	 0.0% Packages/com.unity.inputsystem/InputSystem/Editor/ControlPicker/InputControlPicker.cs
 0.1 kb	 0.0% Packages/com.unity.inputsystem/InputSystem/Editor/BuildPipeline/LinkFileGenerator.cs
 0.1 kb	 0.0% Packages/com.unity.inputsystem/InputSystem/Editor/AssetImporter/InputActionImporter.cs
 0.1 kb	 0.0% Packages/com.unity.inputsystem/InputSystem/Editor/AssetEditor/PropertiesViewBase.cs
 0.1 kb	 0.0% Packages/com.unity.inputsystem/InputSystem/Editor/AssetEditor/InputActionTreeView.cs
 0.1 kb	 0.0% Packages/com.unity.inputsystem/InputSystem/Editor/Analytics/InputEditorAnalytics.cs
 0.1 kb	 0.0% Packages/com.unity.inputsystem/InputSystem/Editor/Analytics/InputBuildAnalytic.cs
 0.1 kb	 0.0% Packages/com.unity.entities/Unity.Entities/Serialization/RuntimeGlobalObjectId.cs
 0.1 kb	 0.0% Packages/com.unity.entities/Unity.Entities/Serialization/EntityPrefabReference.cs
 0.1 kb	 0.0% Packages/com.unity.entities/Unity.Entities/Serialization/Binary/Utility/SerializedReferenceVisitor.cs
 0.1 kb	 0.0% Packages/com.unity.entities/Unity.Entities/Serialization/Binary/Utility/DefaultTypeConstruction.cs
 0.1 kb	 0.0% Packages/com.unity.entities/Unity.Entities/Serialization/Binary/Properties/Internal/BinaryPropertyWriter.cs
 0.1 kb	 0.0% Packages/com.unity.entities/Unity.Entities/Serialization/Binary/Properties/Internal/BinaryPropertyReader.cs
 0.1 kb	 0.0% Packages/com.unity.entities/Unity.Entities/Serialization/Binary/BinarySerialization.cs
 0.1 kb	 0.0% Packages/com.unity.entities/Unity.Entities/Serialization/Binary/Adapters/Internal/BinaryAdapter+Primitives.cs
 0.1 kb	 0.0% Packages/com.unity.entities/Unity.Entities/ProfilerModules/EntitiesProfiler+FixedComponentTypeDataList.cs
 0.1 kb	 0.0% Packages/com.unity.entities/Unity.Entities/LiveConversionSettings.cs
 0.1 kb	 0.0% Packages/com.unity.entities/Unity.Entities.Hybrid/Injection/CompanionGameObject.cs
 0.1 kb	 0.0% Packages/com.unity.entities/Unity.Entities.Hybrid/GameObjectConversion/Incremental/IncrementalHierarchy.cs
 0.1 kb	 0.0% Packages/com.unity.dt.app-ui/Runtime/UI/Manipulators/RuntimeContextMenuManipulator.cs
 0.1 kb	 0.0% Packages/com.unity.dt.app-ui/Runtime/UI/Exceptions/VisualElementNotFoundException.cs
 0.1 kb	 0.0% Packages/com.unity.dt.app-ui/Runtime/UI/Events/AccordionItemValueChangedEvent.cs
 0.1 kb	 0.0% Packages/com.unity.collections/Unity.Collections/NativeNotBurstCompatible.cs
 0.1 kb	 0.0% Packages/com.unity.behavior/com.unity.serialization/Runtime/Unity.Serialization/Utility/Exceptions.cs
 0.1 kb	 0.0% Packages/com.unity.behavior/com.unity.serialization/Runtime/Unity.Serialization/Json/Views/Internal/UnsafeView.cs
 0.1 kb	 0.0% Packages/com.unity.ai.assistant/Modules/Unity.AI.MCP.Runtime/Serialization/UnityTypeConverters.cs
 0.1 kb	 0.0% Assets/TextMesh Pro/Examples & Extras/Resources/Color Gradient Presets/Yellow to Orange - Vertical.asset
 0.1 kb	 0.0% Assets/TextMesh Pro/Examples & Extras/Resources/Color Gradient Presets/Blue to Purple - Vertical.asset
 0.1 kb	 0.0% Packages/com.unity.visualscripting/Runtime/VisualScripting.Core/Ensure/EnsureThat.ValueTypes.cs
 0.1 kb	 0.0% Packages/com.unity.visualscripting/Runtime/VisualScripting.Core/Ensure/EnsureThat.Reflection.cs
 0.1 kb	 0.0% Packages/com.unity.visualscripting/Runtime/VisualScripting.Core/Ensure/EnsureThat.Comparables.cs
 0.1 kb	 0.0% Packages/com.unity.visualscripting/Runtime/VisualScripting.Core/Ensure/EnsureThat.Collections.cs
 0.1 kb	 0.0% Packages/com.unity.visualscripting/Runtime/VisualScripting.Core/Dependencies/FullSerializer/fsSerializer.cs
 0.1 kb	 0.0% Packages/com.unity.visualscripting/Runtime/VisualScripting.Core/Dependencies/FullSerializer/fsJsonParser.cs
 0.1 kb	 0.0% Packages/com.unity.visualscripting/Runtime/VisualScripting.Core/Dependencies/FullSerializer/fsConverter.cs
 0.1 kb	 0.0% Packages/com.unity.visualscripting/Runtime/VisualScripting.Core/Dependencies/FullSerializer/fsContext.cs
 0.1 kb	 0.0% Packages/com.unity.visualscripting/Runtime/VisualScripting.Core/Dependencies/FullSerializer/Reflection/fsTypeCache.cs
 0.1 kb	 0.0% Packages/com.unity.visualscripting/Runtime/VisualScripting.Core/Dependencies/FullSerializer/Reflection/fsMetaType.cs
 0.1 kb	 0.0% Packages/com.unity.ugui/Runtime/UGUI/EventSystem/UIElements/WorldDocumentRaycaster.cs
 0.1 kb	 0.0% Packages/com.unity.ugui/Runtime/UGUI/EventSystem/InputModules/StandaloneInputModule.cs
 0.1 kb	 0.0% Packages/com.unity.services.core/Runtime/Telemetry/Metrics/Metrics.cs
 0.1 kb	 0.0% Packages/com.unity.services.core/Runtime/Device/InstallationId.cs
 0.1 kb	 0.0% Packages/com.unity.services.core/Runtime/Core/RequestFailedException.cs
 0.1 kb	 0.0% Packages/com.unity.services.core/Runtime/Core/Initialization/InitializationOptions.cs
 0.1 kb	 0.0% Packages/com.unity.services.core/Runtime/Core/ExternalUserIdProperty.cs
 0.1 kb	 0.0% Packages/com.unity.services.core/Runtime/Core.Internal/Telemetry/CoreDiagnostics.cs
 0.1 kb	 0.0% Packages/com.unity.services.core/Runtime/Core.Internal/Registry/ServiceRegistry/ServiceRegistry.cs
 0.1 kb	 0.0% Packages/com.unity.services.core/Runtime/Core.Internal/Registry/ServiceRegistry/IServiceRegistry.cs
 0.1 kb	 0.0% Packages/com.unity.services.core/Runtime/Core.Internal/Registry/PackageRegistry/PackageRegistry.cs
 0.1 kb	 0.0% Packages/com.unity.services.core/Runtime/Core.Internal/Registry/PackageRegistry/IPackageRegistry.cs
 0.1 kb	 0.0% Packages/com.unity.services.core/Runtime/Core.Internal/Registry/MissingComponent.cs
 0.1 kb	 0.0% Packages/com.unity.services.core/Runtime/Core.Internal/Registry/HashExceptions.cs
 0.1 kb	 0.0% Packages/com.unity.services.core/Runtime/Core.Internal/Registry/DependencyTree.cs
 0.1 kb	 0.0% Packages/com.unity.services.core/Runtime/Core.Internal/Registry/CoreRegistration.cs
 0.1 kb	 0.0% Packages/com.unity.services.core/Runtime/Core.Internal/AsyncOperation/IAsyncOperation.cs
 0.1 kb	 0.0% Packages/com.unity.services.core/Runtime/Core.Internal/AsyncOperation/AsyncOperation.cs
 0.1 kb	 0.0% Packages/com.unity.services.authentication/Runtime/Utilities/Jwt/JwtDecoder.cs
 0.1 kb	 0.0% Packages/com.unity.services.authentication/Runtime/Utilities/Jwt/IJwtDecoder.cs
 0.1 kb	 0.0% Packages/com.unity.services.authentication/Runtime/Network/WebRequest.cs
 0.1 kb	 0.0% Packages/com.unity.services.authentication/Runtime/Models/Security/AccessToken.cs
 0.1 kb	 0.0% Packages/com.unity.services.authentication/Runtime/Models/Responses/UsernameInfo.cs
 0.1 kb	 0.0% Packages/com.unity.services.authentication/Runtime/Models/Responses/LinkResponse.cs
 0.1 kb	 0.0% Packages/com.unity.services.authentication/Runtime/Models/Requests/SteamConfig.cs
 0.1 kb	 0.0% Packages/com.unity.services.authentication/Runtime/Models/Requests/OculusConfig.cs
 0.1 kb	 0.0% Packages/com.unity.services.authentication/Runtime/Models/PlayerInfo.cs
 0.1 kb	 0.0% Packages/com.unity.services.authentication/Runtime/Models/Notification.cs
 0.1 kb	 0.0% Packages/com.unity.services.authentication/Runtime/Models/LinkOptions.cs
 0.1 kb	 0.0% Packages/com.unity.services.authentication/Runtime/Models/Attributes.cs
 0.1 kb	 0.0% Packages/com.unity.services.authentication/Runtime/Generated/PlayerNames/Model/Player.cs
 0.1 kb	 0.0% Packages/com.unity.services.authentication/Runtime/Generated/PlayerNames/Model/Detail.cs
 0.1 kb	 0.0% Packages/com.unity.render-pipelines.universal/Runtime/StpUtils.cs
 0.1 kb	 0.0% Packages/com.unity.render-pipelines.universal/Runtime/RendererFeatures/OnTilePostProcessPass.cs
 0.1 kb	 0.0% Packages/com.unity.render-pipelines.universal/Runtime/RendererFeatures/OnTilePostProcessFeature.cs
 0.1 kb	 0.0% Packages/com.unity.render-pipelines.universal/Runtime/Passes/ScreenSpaceAmbientOcclusion/AAOPass.cs
 0.1 kb	 0.0% Packages/com.unity.render-pipelines.universal/Runtime/Overrides/Vignette.cs
 0.1 kb	 0.0% Packages/com.unity.render-pipelines.universal/Runtime/Overrides/Bloom.cs
 0.1 kb	 0.0% Packages/com.unity.render-pipelines.universal/Runtime/MipGen/MipGenerator.cs
 0.1 kb	 0.0% Packages/com.unity.render-pipelines.core/Runtime/XR/XRView.cs
 0.1 kb	 0.0% Packages/com.unity.render-pipelines.core/Runtime/XR/XRSystem.cs
 0.1 kb	 0.0% Packages/com.unity.render-pipelines.core/Runtime/XR/XRPass.cs
 0.1 kb	 0.0% Packages/com.unity.render-pipelines.core/Runtime/XR/XRLayout.cs
 0.1 kb	 0.0% Packages/com.unity.render-pipelines.core/Runtime/UnifiedRayTracing/StringIDs.cs
 0.1 kb	 0.0% Packages/com.unity.render-pipelines.core/Runtime/UnifiedRayTracing/Compute/RadeonRays/RadixSort.cs
 0.1 kb	 0.0% Packages/com.unity.render-pipelines.core/Runtime/UnifiedRayTracing/Compute/RadeonRays/HlbvhBuilder.cs
 0.1 kb	 0.0% Packages/com.unity.render-pipelines.core/Runtime/UnifiedRayTracing/Common/Utilities/Utils.cs
 0.1 kb	 0.0% Packages/com.unity.render-pipelines.core/Runtime/PathTracing/ShaderProperties.cs
 0.1 kb	 0.0% Packages/com.unity.render-pipelines.core/Runtime/PathTracing/LightFalloffLUT.cs
 0.1 kb	 0.0% Packages/com.unity.render-pipelines.core/Runtime/PathTracing/Environment/CubemapRender.cs
 0.1 kb	 0.0% Packages/com.unity.render-pipelines.core/Runtime/PathTracing/Core/TextureQuadTree.cs
 0.1 kb	 0.0% Packages/com.unity.render-pipelines.core/Runtime/GPUDriven/CoreDataSystems/RenderWorld.cs
 0.1 kb	 0.0% Packages/com.unity.render-pipelines.core/Runtime/GPUDriven/BatchLayers.cs
 0.1 kb	 0.0% Packages/com.unity.render-pipelines.core/Runtime/Debugging/DebugUI.FieldUtils.cs
 0.1 kb	 0.0% Packages/com.unity.render-pipelines.core/Runtime/Debugging/DebugUI.Containers.cs
 0.1 kb	 0.0% Packages/com.unity.probuilder/Runtime/MeshOperations/VertexEditing.cs
 0.1 kb	 0.0% Packages/com.unity.probuilder/Runtime/MeshOperations/Triangulation.cs
 0.1 kb	 0.0% Packages/com.unity.probuilder/Runtime/MeshOperations/SurfaceTopology.cs
 0.1 kb	 0.0% Packages/com.unity.probuilder/Runtime/MeshOperations/MeshValidation.cs
 0.1 kb	 0.0% Packages/com.unity.probuilder/Runtime/MeshOperations/MeshTransform.cs
 0.1 kb	 0.0% Packages/com.unity.probuilder/Runtime/MeshOperations/MergeElements.cs
 0.1 kb	 0.0% Packages/com.unity.probuilder/Runtime/MeshOperations/ExtrudeElements.cs
 0.1 kb	 0.0% Packages/com.unity.probuilder/Runtime/MeshOperations/ElementSelection.cs
 0.1 kb	 0.0% Packages/com.unity.probuilder/Runtime/MeshOperations/DeleteElements.cs
 0.1 kb	 0.0% Packages/com.unity.probuilder/Runtime/MeshOperations/ConnectElements.cs
 0.1 kb	 0.0% Packages/com.unity.probuilder/Runtime/MeshOperations/CombineMeshes.cs
 0.1 kb	 0.0% Packages/com.unity.probuilder/Runtime/MeshOperations/AppendElements.cs
 0.1 kb	 0.0% Packages/com.unity.probuilder/Runtime/Core/URPSelectionPickerPass.cs
 0.1 kb	 0.0% Packages/com.unity.probuilder/Runtime/Core/SelectionPickerRenderer.cs
 0.1 kb	 0.0% Packages/com.unity.physics/Unity.Physics/Numerics/Linear/Sparse/VisualStudio.cs
 0.1 kb	 0.0% Packages/com.unity.physics/Unity.Physics/Numerics/Linear/Sparse/Error.cs
 0.1 kb	 0.0% Packages/com.unity.physics/Unity.Physics/Numerics/Linear/Solvers/Lowlevel/QR.cs
 0.1 kb	 0.0% Packages/com.unity.physics/Unity.Physics/Numerics/Linear/Solvers/Lowlevel/LU.cs
 0.1 kb	 0.0% Packages/com.unity.physics/Unity.Physics/Numerics/Linear/Solvers/Lowlevel/LQ.cs
 0.1 kb	 0.0% Packages/com.unity.physics/Unity.Physics/Numerics/Linear/Solvers/Lowlevel/LCP.cs
 0.1 kb	 0.0% Packages/com.unity.physics/Unity.Physics/Numerics/Linear/Dense/VisualStudio.cs
 0.1 kb	 0.0% Packages/com.unity.physics/Unity.Physics/Numerics/Linear/Dense/Error.cs
 0.1 kb	 0.0% Packages/com.unity.physics/Unity.Physics/Extensions/PhysicsWorldExtensions.cs
 0.1 kb	 0.0% Packages/com.unity.physics/Unity.Physics/Extensions/JointComponentExtensions.cs
 0.1 kb	 0.0% Packages/com.unity.physics/Unity.Physics/ECS/Base/Systems/CustomPhysicsSystemGroup.cs
 0.1 kb	 0.0% Packages/com.unity.physics/Unity.Physics/Dynamics/Jacobians/Motors/LinearVelocityMotorJacobian.cs
 0.1 kb	 0.0% Packages/com.unity.physics/Unity.Physics/Dynamics/Jacobians/Motors/AngularVelocityMotorJacobian.cs
 0.1 kb	 0.0% Packages/com.unity.physics/Unity.Physics/Collision/Geometry/BoundingVolumeHierarchyBuilder.cs
 0.1 kb	 0.0% Packages/com.unity.physics/Unity.Physics/Base/Utilities/TemporalCoherenceUtilities.cs
 0.1 kb	 0.0% Packages/com.unity.physics/Unity.Physics.Hybrid/Utilities/DebugDisplay/DisplayBroadphaseSystem.cs
 0.1 kb	 0.0% Packages/com.unity.physics/Unity.Physics.Hybrid/Assets/Editor/SceneSimulationAnalytics.cs
 0.1 kb	 0.0% Packages/com.unity.inputsystem/InputSystem/Runtime/Utilities/StringHelpers.cs
 0.1 kb	 0.0% Packages/com.unity.inputsystem/InputSystem/Runtime/Utilities/SpriteUtilities.cs
 0.1 kb	 0.0% Packages/com.unity.inputsystem/InputSystem/Runtime/Utilities/PrimitiveValue.cs
 0.1 kb	 0.0% Packages/com.unity.inputsystem/InputSystem/Runtime/Utilities/PredictiveParser.cs
 0.1 kb	 0.0% Packages/com.unity.inputsystem/InputSystem/Runtime/Utilities/NumberHelpers.cs
 0.1 kb	 0.0% Packages/com.unity.inputsystem/InputSystem/Runtime/Utilities/MemoryHelpers.cs
 0.1 kb	 0.0% Packages/com.unity.inputsystem/InputSystem/Runtime/Utilities/InternedString.cs
 0.1 kb	 0.0% Packages/com.unity.inputsystem/InputSystem/Runtime/Utilities/ExceptionHelpers.cs
 0.1 kb	 0.0% Packages/com.unity.inputsystem/InputSystem/Runtime/Utilities/DelegateHelpers.cs
 0.1 kb	 0.0% Packages/com.unity.inputsystem/InputSystem/Runtime/Plugins/iOS/iOSStepCounter.cs
 0.1 kb	 0.0% Packages/com.unity.inputsystem/InputSystem/Runtime/Plugins/XR/TrackedPoseDriver.cs
 0.1 kb	 0.0% Packages/com.unity.inputsystem/InputSystem/Runtime/Plugins/XR/Haptics/BufferedRumble.cs
 0.1 kb	 0.0% Packages/com.unity.inputsystem/InputSystem/Runtime/Plugins/UI/VirtualMouseInput.cs
 0.1 kb	 0.0% Packages/com.unity.inputsystem/InputSystem/Runtime/Plugins/UI/INavigationEventData.cs
 0.1 kb	 0.0% Packages/com.unity.inputsystem/InputSystem/Runtime/Plugins/UI/BaseInputOverride.cs
 0.1 kb	 0.0% Packages/com.unity.inputsystem/InputSystem/Runtime/Plugins/DualShock/DualShockSupport.cs
 0.1 kb	 0.0% Packages/com.unity.inputsystem/InputSystem/Runtime/Plugins/DualShock/DualShockGamepad.cs
 0.1 kb	 0.0% Packages/com.unity.inputsystem/InputSystem/Runtime/Controls/Processors/ScaleProcessor.cs
 0.1 kb	 0.0% Packages/com.unity.inputsystem/InputSystem/Runtime/Controls/Processors/InvertProcessor.cs
 0.1 kb	 0.0% Packages/com.unity.inputsystem/InputSystem/Runtime/Controls/Processors/ClampProcessor.cs
 0.1 kb	 0.0% Packages/com.unity.inputsystem/InputSystem/Runtime/Actions/Interactions/TapInteraction.cs
 0.1 kb	 0.0% Packages/com.unity.inputsystem/InputSystem/Runtime/Actions/Interactions/PressInteraction.cs
 0.1 kb	 0.0% Packages/com.unity.inputsystem/InputSystem/Runtime/Actions/Interactions/HoldInteraction.cs
 0.1 kb	 0.0% Packages/com.unity.inputsystem/InputSystem/Runtime/Actions/InputActionTrace.cs
 0.1 kb	 0.0% Packages/com.unity.inputsystem/InputSystem/Runtime/Actions/Composites/Vector3Composite.cs
 0.1 kb	 0.0% Packages/com.unity.inputsystem/InputSystem/Runtime/Actions/Composites/Vector2Composite.cs
 0.1 kb	 0.0% Packages/com.unity.inputsystem/InputSystem/Runtime/Actions/Composites/AxisComposite.cs
 0.1 kb	 0.0% Packages/com.unity.entities/Unity.Scenes/WeakAssetReferenceLoadingSystem.cs
 0.1 kb	 0.0% Packages/com.unity.entities/Unity.Scenes/SceneWithBuildConfigurationGUIDs.cs
 0.1 kb	 0.0% Packages/com.unity.entities/Unity.Scenes/LiveConversion/LiveConversionSceneChangeTracker.cs
 0.1 kb	 0.0% Packages/com.unity.entities/Unity.Entities/Types/BurstCompatibleTypes.cs
 0.1 kb	 0.0% Packages/com.unity.entities/Unity.Entities/Serialization/WeakReferenceId.cs
 0.1 kb	 0.0% Packages/com.unity.entities/Unity.Entities/Serialization/Binary/Adapters/Internal/BinaryAdapter+System.cs
 0.1 kb	 0.0% Packages/com.unity.entities/Unity.Entities/ScriptBehaviourUpdateOrder.cs
 0.1 kb	 0.0% Packages/com.unity.entities/Unity.Entities/ProfilerModules/StructuralChangesProfiler.cs
 0.1 kb	 0.0% Packages/com.unity.entities/Unity.Entities/ProfilerModules/EntitiesProfiler+ArchetypeComponentData.cs
 0.1 kb	 0.0% Packages/com.unity.entities/Unity.Entities/Journaling/EntitiesJournaling+RecordViewArray.cs
 0.1 kb	 0.0% Packages/com.unity.entities/Unity.Entities/Journaling/EntitiesJournaling+FrameCountSystem.cs
 0.1 kb	 0.0% Packages/com.unity.entities/Unity.Entities/Journaling/EntitiesJournaling+EntityViewArray.cs
 0.1 kb	 0.0% Packages/com.unity.entities/Unity.Entities/Journaling/EntitiesJournaling+ComponentTypeView.cs
 0.1 kb	 0.0% Packages/com.unity.entities/Unity.Entities/ExclusiveEntityTransaction.cs
 0.1 kb	 0.0% Packages/com.unity.entities/Unity.Entities/EntityManagerExclusiveEntityTransaction.cs
 0.1 kb	 0.0% Packages/com.unity.entities/Unity.Entities/EntityComponentStoreCreateArchetype.cs
 0.1 kb	 0.0% Packages/com.unity.entities/Unity.Entities/EntityComponentStoreChangeArchetype.cs
 0.1 kb	 0.0% Packages/com.unity.entities/Unity.Entities/EntityCommandBufferSystem.cs
 0.1 kb	 0.0% Packages/com.unity.entities/Unity.Entities/EntityCommandBufferParallelWriter.cs
 0.1 kb	 0.0% Packages/com.unity.entities/Unity.Entities/DefaultWorldInitialization.cs
 0.1 kb	 0.0% Packages/com.unity.entities/Unity.Entities/DefaultWorld.cs
 0.1 kb	 0.0% Packages/com.unity.entities/Unity.Entities/Content/WeakObjectSceneReference.cs
 0.1 kb	 0.0% Packages/com.unity.entities/Unity.Entities/Content/RuntimeContentManager.cs
 0.1 kb	 0.0% Packages/com.unity.entities/Unity.Entities/Content/RuntimeContentCatalog.cs
 0.1 kb	 0.0% Packages/com.unity.entities/Unity.Entities/Content/Delivery/RemoteContentLocation.cs
 0.1 kb	 0.0% Packages/com.unity.entities/Unity.Entities/Content/Delivery/ContentLocationService.cs
 0.1 kb	 0.0% Packages/com.unity.entities/Unity.Entities/Content/Delivery/ContentDownloadService.cs
 0.1 kb	 0.0% Packages/com.unity.entities/Unity.Entities/Content/Delivery/ContentDeliveryService.cs
 0.1 kb	 0.0% Packages/com.unity.entities/Unity.Entities/ComponentDependencyManager.cs
 0.1 kb	 0.0% Packages/com.unity.entities/Unity.Entities/AlwaysUpdateSystemAttribute.cs
 0.1 kb	 0.0% Packages/com.unity.entities/Unity.Entities.UI/Attributes/DelayedValueAttribute.cs
 0.1 kb	 0.0% Packages/com.unity.entities/Unity.Entities.Hybrid/UpdateWorldTimeSystem.cs
 0.1 kb	 0.0% Packages/com.unity.entities/Unity.Entities.Hybrid/SceneSectionComponent.cs
 0.1 kb	 0.0% Packages/com.unity.entities/Unity.Entities.Hybrid/Injection/AutomaticWorldBootstrap.cs
 0.1 kb	 0.0% Packages/com.unity.entities/Unity.Entities.Hybrid/Bindings/RegisterBindingAttribute.cs
 0.1 kb	 0.0% Packages/com.unity.entities/Unity.Entities.Hybrid/Baking/TransformUsageFlags.cs
 0.1 kb	 0.0% Packages/com.unity.entities/Unity.Entities.Hybrid/Baking/TransformAuthoringBaking.cs
 0.1 kb	 0.0% Packages/com.unity.entities/Unity.Entities.Hybrid/Baking/RemoveUnusedEntityInBake.cs
 0.1 kb	 0.0% Packages/com.unity.entities/Unity.Entities.Hybrid/Baking/PostBakingSystemGroup.cs
 0.1 kb	 0.0% Packages/com.unity.entities/Unity.Entities.Hybrid/Baking/IncrementalBakingLog.cs
 0.1 kb	 0.0% Packages/com.unity.entities/Unity.Entities.Hybrid/Baking/GameObjectComponents.cs
 0.1 kb	 0.0% Packages/com.unity.entities/Unity.Entities.Hybrid/Baking/DefaultGameObjectBaker.cs
 0.1 kb	 0.0% Packages/com.unity.entities/Unity.Entities.Editor/Unity.InternalAPIEngineBridge.002/ListViewBridge.cs
 0.1 kb	 0.0% Packages/com.unity.dt.app-ui/Runtime/UI/Attributes/GenerateLowerCaseStrings.cs
 0.1 kb	 0.0% Packages/com.unity.dt.app-ui/Runtime/Redux/DevTools/Instrument/InstrumentedStore.cs
 0.1 kb	 0.0% Packages/com.unity.dt.app-ui/Runtime/Navigation/NavGraphViewAsset.cs
 0.1 kb	 0.0% Packages/com.unity.dt.app-ui/Runtime/Navigation/INavigationScreen.cs
 0.1 kb	 0.0% Packages/com.unity.dt.app-ui/Runtime/Navigation/INavVisualController.cs
 0.1 kb	 0.0% Packages/com.unity.dt.app-ui/Runtime/MVVM/Extensions/ServicesCollectionExtensions.cs
 0.1 kb	 0.0% Packages/com.unity.dt.app-ui/Runtime/MVVM/Extensions/ServiceProviderExtensions.cs
 0.1 kb	 0.0% Packages/com.unity.dt.app-ui/Runtime/MVVM/DependencyInjection/IDependencyInjectionListener.cs
 0.1 kb	 0.0% Packages/com.unity.dt.app-ui/Runtime/MVVM/Attributes/ObservablePropertyAttribute.cs
 0.1 kb	 0.0% Packages/com.unity.dt.app-ui/Runtime/MVVM/Attributes/ObservableObjectAttribute.cs
 0.1 kb	 0.0% Packages/com.unity.collections/Unity.Collections/UnsafeBitArray.cs
 0.1 kb	 0.0% Packages/com.unity.collections/Unity.Collections/UTF8ArrayUnsafeUtility.cs
 0.1 kb	 0.0% Packages/com.unity.collections/Unity.Collections/StreamCompressionModel.cs
 0.1 kb	 0.0% Packages/com.unity.collections/Unity.Collections/NativeArrayExtensions.cs
 0.1 kb	 0.0% Packages/com.unity.collections/Unity.Collections/FixedStringInternalMethods.cs
 0.1 kb	 0.0% Packages/com.unity.collections/Unity.Collections/FixedStringFormatMethods.gen.cs
 0.1 kb	 0.0% Packages/com.unity.cinemachine/Runtime/Timeline/CinemachineShotPlayable.cs
 0.1 kb	 0.0% Packages/com.unity.cinemachine/Runtime/Timeline/CinemachinePlayableMixer.cs
 0.1 kb	 0.0% Packages/com.unity.cinemachine/Runtime/Impulse/CinemachineImpulseSource.cs
 0.1 kb	 0.0% Packages/com.unity.cinemachine/Runtime/Impulse/CinemachineFixedSignal.cs
 0.1 kb	 0.0% Packages/com.unity.cinemachine/Runtime/Helpers/GroupWeightManipulator.cs
 0.1 kb	 0.0% Packages/com.unity.cinemachine/Runtime/Helpers/CinemachineTriggerAction.cs
 0.1 kb	 0.0% Packages/com.unity.cinemachine/Runtime/Helpers/CinemachineCameraEvents.cs
 0.1 kb	 0.0% Packages/com.unity.cinemachine/Runtime/Helpers/CinemachineBrainEvents.cs
 0.1 kb	 0.0% Packages/com.unity.cinemachine/Runtime/Deprecated/DeprecatedAttributes.cs
 0.1 kb	 0.0% Packages/com.unity.cinemachine/Runtime/Deprecated/CinemachineVirtualCamera.cs
 0.1 kb	 0.0% Packages/com.unity.cinemachine/Runtime/Deprecated/CinemachineTransposer.cs
 0.1 kb	 0.0% Packages/com.unity.cinemachine/Runtime/Deprecated/CinemachineTrackedDolly.cs
 0.1 kb	 0.0% Packages/com.unity.cinemachine/Runtime/Deprecated/CinemachineSmoothPath.cs
 0.1 kb	 0.0% Packages/com.unity.cinemachine/Runtime/Deprecated/CinemachineInputProvider.cs
 0.1 kb	 0.0% Packages/com.unity.cinemachine/Runtime/Deprecated/CinemachineGroupComposer.cs
 0.1 kb	 0.0% Packages/com.unity.cinemachine/Runtime/Deprecated/CinemachineDoNotUpgrade.cs
 0.1 kb	 0.0% Packages/com.unity.cinemachine/Runtime/Core/VirtualCameraRegistry.cs
 0.1 kb	 0.0% Packages/com.unity.cinemachine/Runtime/Core/UnityVectorExtensions.cs
 0.1 kb	 0.0% Packages/com.unity.cinemachine/Runtime/Core/ScreenComposerSettings.cs
 0.1 kb	 0.0% Packages/com.unity.cinemachine/Runtime/Core/IShotQualityEvaluator.cs
 0.1 kb	 0.0% Packages/com.unity.cinemachine/Runtime/Core/CinemachineComponentBase.cs
 0.1 kb	 0.0% Packages/com.unity.cinemachine/Runtime/Components/CinemachineSplineDolly.cs
 0.1 kb	 0.0% Packages/com.unity.cinemachine/Runtime/Components/CinemachineOrbitalFollow.cs
 0.1 kb	 0.0% Packages/com.unity.cinemachine/Runtime/Components/CinemachineHardLookAt.cs
 0.1 kb	 0.0% Packages/com.unity.cinemachine/Runtime/Behaviours/CinemachineTargetGroup.cs
 0.1 kb	 0.0% Packages/com.unity.cinemachine/Runtime/Behaviours/CinemachineStoryboard.cs
 0.1 kb	 0.0% Packages/com.unity.cinemachine/Runtime/Behaviours/CinemachineSplineRoll.cs
 0.1 kb	 0.0% Packages/com.unity.cinemachine/Runtime/Behaviours/CinemachineSplineCart.cs
 0.1 kb	 0.0% Packages/com.unity.cinemachine/Runtime/Behaviours/CinemachineRecomposer.cs
 0.1 kb	 0.0% Packages/com.unity.cinemachine/Runtime/Behaviours/CinemachinePixelPerfect.cs
 0.1 kb	 0.0% Packages/com.unity.cinemachine/Runtime/Behaviours/CinemachineMixingCamera.cs
 0.1 kb	 0.0% Packages/com.unity.cinemachine/Runtime/Behaviours/CinemachineGroupFraming.cs
 0.1 kb	 0.0% Packages/com.unity.cinemachine/Runtime/Behaviours/CinemachineFollowZoom.cs
 0.1 kb	 0.0% Packages/com.unity.cinemachine/Runtime/Behaviours/CinemachineDeoccluder.cs
 0.1 kb	 0.0% Packages/com.unity.cinemachine/Runtime/Behaviours/CinemachineDecollider.cs
 0.1 kb	 0.0% Packages/com.unity.cinemachine/Runtime/Behaviours/CinemachineConfiner3D.cs
 0.1 kb	 0.0% Packages/com.unity.cinemachine/Runtime/Behaviours/CinemachineConfiner2D.cs
 0.1 kb	 0.0% Packages/com.unity.cinemachine/Runtime/Behaviours/CinemachineCameraOffset.cs
 0.1 kb	 0.0% Packages/com.unity.behavior/com.unity.serialization/Runtime/Unity.Serialization/Utility/Internal/PropertyWrapper.cs
 0.1 kb	 0.0% Packages/com.unity.behavior/com.unity.serialization/Runtime/Unity.Serialization/Utility/Internal/PropertyChecks.cs
 0.1 kb	 0.0% Packages/com.unity.behavior/com.unity.serialization/Runtime/Unity.Serialization/Utility/Attributes.cs
 0.1 kb	 0.0% Packages/com.unity.behavior/com.unity.serialization/Runtime/Unity.Serialization/Json/Parser/Internal/NodeParser.cs
 0.1 kb	 0.0% Packages/com.unity.behavior/com.unity.serialization/Runtime/Unity.Serialization/Json/JsonWriter.cs
 0.1 kb	 0.0% Packages/com.unity.behavior/com.unity.serialization/Runtime/Unity.Serialization/Json/JsonObject.cs
 0.1 kb	 0.0% Packages/com.unity.behavior/com.unity.serialization/Runtime/Unity.Serialization/Json/Adapters/IJsonAdapter.cs
 0.1 kb	 0.0% Packages/com.unity.behavior/Runtime/Utilities/RuntimeSerializationUtility.cs
 0.1 kb	 0.0% Packages/com.unity.behavior/Runtime/Execution/Nodes/Composites/BranchingConditionComposite.cs
 0.1 kb	 0.0% Packages/com.unity.behavior/Runtime/Execution/Nodes/Actions/Transform/SetPositionToTargetAction.cs
 0.1 kb	 0.0% Packages/com.unity.behavior/Runtime/Execution/Nodes/Actions/Physics/WaitForPhysicsMessageAction.cs
 0.1 kb	 0.0% Packages/com.unity.behavior/Runtime/Execution/Nodes/Actions/GameObject/SetObjectListActiveAction.cs
 0.1 kb	 0.0% Packages/com.unity.behavior/Runtime/Execution/Conditions/VariableComparisonCondition.cs
 0.1 kb	 0.0% Packages/com.unity.behavior/Runtime/Execution/Components/BehaviorGraphCollisionEvents.cs
 0.1 kb	 0.0% Packages/com.unity.behavior/Authoring/GenerativeAI/WebApi/Model/SmartContextResponse.cs
 0.1 kb	 0.0% Packages/com.unity.behavior/Authoring/GenerativeAI/WebApi/Model/SmartContextRequest.cs
 0.1 kb	 0.0% Packages/com.unity.behavior/Authoring/GenerativeAI/WebApi/Model/ParameterDefinition.cs
 0.1 kb	 0.0% Packages/com.unity.behavior/Authoring/GenerativeAI/WebApi/Model/LLMCompletionRequest.cs
 0.1 kb	 0.0% Packages/com.unity.behavior/Authoring/GenerativeAI/WebApi/Model/HTTPValidationError.cs
 0.1 kb	 0.0% Packages/com.unity.behavior/Authoring/GenerativeAI/WebApi/Model/FunctionDefinition.cs
 0.1 kb	 0.0% Packages/com.unity.behavior/Authoring/GenerativeAI/WebApi/Model/ConversationFragment.cs
 0.1 kb	 0.0% Packages/com.unity.behavior/Authoring/GenerativeAI/WebApi/Model/ClientConversation.cs
 0.1 kb	 0.0% Packages/com.unity.behavior/Authoring/GenerativeAI/WebApi/Client/OpenAPIDateConverter.cs
 0.1 kb	 0.0% Packages/com.unity.behavior/Authoring/GenerativeAI/WebApi/Client/ISynchronousClient.cs
 0.1 kb	 0.0% Packages/com.unity.behavior/Authoring/GenerativeAI/WebApi/Client/IAsynchronousClient.cs
 0.1 kb	 0.0% Packages/com.unity.behavior/Authoring/GenerativeAI/WebApi/Client/GlobalConfiguration.cs
 0.1 kb	 0.0% Packages/com.unity.behavior/Authoring/GenerativeAI/WebApi/Client/ConnectionException.cs
 0.1 kb	 0.0% Packages/com.unity.animation.rigging/Runtime/Utils/QuaternionExt.cs
 0.1 kb	 0.0% Packages/com.unity.animation.rigging/Runtime/Utils/ConstraintsUtils.cs
 0.1 kb	 0.0% Packages/com.unity.animation.rigging/Runtime/Utils/AffineTransform.cs
 0.1 kb	 0.0% Packages/com.unity.animation.rigging/Runtime/Effectors/RigEffectorData.cs
 0.1 kb	 0.0% Packages/com.unity.animation.rigging/Runtime/AnimationRig/RigBuilderUtils.cs
 0.1 kb	 0.0% Packages/com.unity.animation.rigging/Runtime/AnimationRig/OverrideRigLayer.cs
 0.1 kb	 0.0% Packages/com.unity.animation.rigging/Runtime/AnimationRig/IRigConstraint.cs
 0.1 kb	 0.0% Packages/com.unity.animation.rigging/Runtime/AnimationRig/Constraints/TwistCorrection.cs
 0.1 kb	 0.0% Packages/com.unity.animation.rigging/Runtime/AnimationRig/Constraints/DampedTransform.cs
 0.1 kb	 0.0% Packages/com.unity.animation.rigging/Runtime/AnimationRig/Constraints/BlendConstraint.cs
 0.1 kb	 0.0% Packages/com.unity.ai.navigation/Runtime/NavMeshModifierVolume.cs
 0.1 kb	 0.0% Packages/com.autodesk.fbx/Runtime/Scripts/FbxLayerElementTemplateFbxColor.cs
 0.1 kb	 0.0% Packages/com.autodesk.fbx/Runtime/Scripts/FbxLayerElementArrayTemplateInt.cs
 0.1 kb	 0.0% Assets/_Game/Gameplay/World/SceneTransitionInteractable.cs
 0.1 kb	 0.0% Assets/_Game/Gameplay/World/BroadcastConsoleInteractable.cs
 0.1 kb	 0.0% Packages/com.unity.visualscripting/Runtime/VisualScripting.State/Units/SetStateGraph.cs
 0.1 kb	 0.0% Packages/com.unity.visualscripting/Runtime/VisualScripting.State/Units/GetStateGraphs.cs
 0.1 kb	 0.0% Packages/com.unity.visualscripting/Runtime/VisualScripting.State/Units/GetStateGraph.cs
 0.1 kb	 0.0% Packages/com.unity.visualscripting/Runtime/VisualScripting.State/StateTransition.cs
 0.1 kb	 0.0% Packages/com.unity.visualscripting/Runtime/VisualScripting.State/StateGraphData.cs
 0.1 kb	 0.0% Packages/com.unity.visualscripting/Runtime/VisualScripting.State/StateGraphAsset.cs
 0.1 kb	 0.0% Packages/com.unity.visualscripting/Runtime/VisualScripting.State/StateEventHooks.cs
 0.1 kb	 0.0% Packages/com.unity.visualscripting/Runtime/VisualScripting.State/IStateTransition.cs
 0.1 kb	 0.0% Packages/com.unity.visualscripting/Runtime/VisualScripting.State/IStateDebugData.cs
 0.1 kb	 0.0% Packages/com.unity.visualscripting/Runtime/VisualScripting.State/Framework/Graph/HasStateGraph.cs
 0.1 kb	 0.0% Packages/com.unity.visualscripting/Runtime/VisualScripting.Flow/UnitPreservation.cs
 0.1 kb	 0.0% Packages/com.unity.visualscripting/Runtime/VisualScripting.Flow/ScriptMachine.cs
 0.1 kb	 0.0% Packages/com.unity.visualscripting/Runtime/VisualScripting.Flow/ScriptGraphAsset.cs
 0.1 kb	 0.0% Packages/com.unity.visualscripting/Runtime/VisualScripting.Flow/Ports/InvalidOutput.cs
 0.1 kb	 0.0% Packages/com.unity.visualscripting/Runtime/VisualScripting.Flow/Ports/IUnitValuePort.cs
 0.1 kb	 0.0% Packages/com.unity.visualscripting/Runtime/VisualScripting.Flow/Ports/IUnitOutputPort.cs
 0.1 kb	 0.0% Packages/com.unity.visualscripting/Runtime/VisualScripting.Flow/Ports/IUnitInvalidPort.cs
 0.1 kb	 0.0% Packages/com.unity.visualscripting/Runtime/VisualScripting.Flow/Ports/IUnitInputPort.cs
 0.1 kb	 0.0% Packages/com.unity.visualscripting/Runtime/VisualScripting.Flow/Ports/IUnitControlPort.cs
 0.1 kb	 0.0% Packages/com.unity.visualscripting/Runtime/VisualScripting.Flow/Ports/ControlOutput.cs
 0.1 kb	 0.0% Packages/com.unity.visualscripting/Runtime/VisualScripting.Flow/MultiInputUnit.cs
 0.1 kb	 0.0% Packages/com.unity.visualscripting/Runtime/VisualScripting.Flow/IUnitDebugData.cs
 0.1 kb	 0.0% Packages/com.unity.visualscripting/Runtime/VisualScripting.Flow/Framework/Variables/SaveVariables.cs
 0.1 kb	 0.0% Packages/com.unity.visualscripting/Runtime/VisualScripting.Flow/Framework/Variables/Obsolete/SetVariableUnit.cs
 0.1 kb	 0.0% Packages/com.unity.visualscripting/Runtime/VisualScripting.Flow/Framework/Variables/Obsolete/SetSceneVariable.cs
 0.1 kb	 0.0% Packages/com.unity.visualscripting/Runtime/VisualScripting.Flow/Framework/Variables/Obsolete/SetSavedVariable.cs
 0.1 kb	 0.0% Packages/com.unity.visualscripting/Runtime/VisualScripting.Flow/Framework/Variables/Obsolete/SetGraphVariable.cs
 0.1 kb	 0.0% Packages/com.unity.visualscripting/Runtime/VisualScripting.Flow/Framework/Variables/Obsolete/IVariableUnit.cs
 0.1 kb	 0.0% Packages/com.unity.visualscripting/Runtime/VisualScripting.Flow/Framework/Variables/Obsolete/GetVariableUnit.cs
 0.1 kb	 0.0% Packages/com.unity.visualscripting/Runtime/VisualScripting.Flow/Framework/Variables/Obsolete/GetSceneVariable.cs
 0.1 kb	 0.0% Packages/com.unity.visualscripting/Runtime/VisualScripting.Flow/Framework/Variables/Obsolete/GetSavedVariable.cs
 0.1 kb	 0.0% Packages/com.unity.visualscripting/Runtime/VisualScripting.Flow/Framework/Variables/Obsolete/GetGraphVariable.cs
 0.1 kb	 0.0% Packages/com.unity.visualscripting/Runtime/VisualScripting.Flow/Framework/Time/WaitWhileUnit.cs
 0.1 kb	 0.0% Packages/com.unity.visualscripting/Runtime/VisualScripting.Flow/Framework/Time/WaitUntilUnit.cs
 0.1 kb	 0.0% Packages/com.unity.visualscripting/Runtime/VisualScripting.Flow/Framework/Math/Vector4/Vector4Subtract.cs
 0.1 kb	 0.0% Packages/com.unity.visualscripting/Runtime/VisualScripting.Flow/Framework/Math/Vector4/Vector4PerSecond.cs
 0.1 kb	 0.0% Packages/com.unity.visualscripting/Runtime/VisualScripting.Flow/Framework/Math/Vector4/Vector4Normalize.cs
 0.1 kb	 0.0% Packages/com.unity.visualscripting/Runtime/VisualScripting.Flow/Framework/Math/Vector4/Vector4Multiply.cs
 0.1 kb	 0.0% Packages/com.unity.visualscripting/Runtime/VisualScripting.Flow/Framework/Math/Vector4/Vector4Modulo.cs
 0.1 kb	 0.0% Packages/com.unity.visualscripting/Runtime/VisualScripting.Flow/Framework/Math/Vector4/Vector4Minimum.cs
 0.1 kb	 0.0% Packages/com.unity.visualscripting/Runtime/VisualScripting.Flow/Framework/Math/Vector4/Vector4Maximum.cs
 0.1 kb	 0.0% Packages/com.unity.visualscripting/Runtime/VisualScripting.Flow/Framework/Math/Vector4/Vector4Divide.cs
 0.1 kb	 0.0% Packages/com.unity.visualscripting/Runtime/VisualScripting.Flow/Framework/Math/Vector4/Vector4Distance.cs
 0.1 kb	 0.0% Packages/com.unity.visualscripting/Runtime/VisualScripting.Flow/Framework/Math/Vector4/Vector4Average.cs
 0.1 kb	 0.0% Packages/com.unity.visualscripting/Runtime/VisualScripting.Flow/Framework/Math/Vector4/Vector4Absolute.cs
 0.1 kb	 0.0% Packages/com.unity.visualscripting/Runtime/VisualScripting.Flow/Framework/Math/Vector3/Vector3Subtract.cs
 0.1 kb	 0.0% Packages/com.unity.visualscripting/Runtime/VisualScripting.Flow/Framework/Math/Vector3/Vector3Project.cs
 0.1 kb	 0.0% Packages/com.unity.visualscripting/Runtime/VisualScripting.Flow/Framework/Math/Vector3/Vector3PerSecond.cs
 0.1 kb	 0.0% Packages/com.unity.visualscripting/Runtime/VisualScripting.Flow/Framework/Math/Vector3/Vector3Normalize.cs
 0.1 kb	 0.0% Packages/com.unity.visualscripting/Runtime/VisualScripting.Flow/Framework/Math/Vector3/Vector3Multiply.cs
 0.1 kb	 0.0% Packages/com.unity.visualscripting/Runtime/VisualScripting.Flow/Framework/Math/Vector3/Vector3Modulo.cs
 0.1 kb	 0.0% Packages/com.unity.visualscripting/Runtime/VisualScripting.Flow/Framework/Math/Vector3/Vector3Minimum.cs
 0.1 kb	 0.0% Packages/com.unity.visualscripting/Runtime/VisualScripting.Flow/Framework/Math/Vector3/Vector3Maximum.cs
 0.1 kb	 0.0% Packages/com.unity.visualscripting/Runtime/VisualScripting.Flow/Framework/Math/Vector3/Vector3Divide.cs
 0.1 kb	 0.0% Packages/com.unity.visualscripting/Runtime/VisualScripting.Flow/Framework/Math/Vector3/Vector3Distance.cs
 0.1 kb	 0.0% Packages/com.unity.visualscripting/Runtime/VisualScripting.Flow/Framework/Math/Vector3/Vector3Average.cs
 0.1 kb	 0.0% Packages/com.unity.visualscripting/Runtime/VisualScripting.Flow/Framework/Math/Vector3/Vector3Absolute.cs
 0.1 kb	 0.0% Packages/com.unity.visualscripting/Runtime/VisualScripting.Flow/Framework/Math/Vector2/Vector2Subtract.cs
 0.1 kb	 0.0% Packages/com.unity.visualscripting/Runtime/VisualScripting.Flow/Framework/Math/Vector2/Vector2Project.cs
 0.1 kb	 0.0% Packages/com.unity.visualscripting/Runtime/VisualScripting.Flow/Framework/Math/Vector2/Vector2PerSecond.cs
 0.1 kb	 0.0% Packages/com.unity.visualscripting/Runtime/VisualScripting.Flow/Framework/Math/Vector2/Vector2Normalize.cs
 0.1 kb	 0.0% Packages/com.unity.visualscripting/Runtime/VisualScripting.Flow/Framework/Math/Vector2/Vector2Multiply.cs
 0.1 kb	 0.0% Packages/com.unity.visualscripting/Runtime/VisualScripting.Flow/Framework/Math/Vector2/Vector2Modulo.cs
 0.1 kb	 0.0% Packages/com.unity.visualscripting/Runtime/VisualScripting.Flow/Framework/Math/Vector2/Vector2Minimum.cs
 0.1 kb	 0.0% Packages/com.unity.visualscripting/Runtime/VisualScripting.Flow/Framework/Math/Vector2/Vector2Maximum.cs
 0.1 kb	 0.0% Packages/com.unity.visualscripting/Runtime/VisualScripting.Flow/Framework/Math/Vector2/Vector2Divide.cs
 0.1 kb	 0.0% Packages/com.unity.visualscripting/Runtime/VisualScripting.Flow/Framework/Math/Vector2/Vector2Distance.cs
 0.1 kb	 0.0% Packages/com.unity.visualscripting/Runtime/VisualScripting.Flow/Framework/Math/Vector2/Vector2Average.cs
 0.1 kb	 0.0% Packages/com.unity.visualscripting/Runtime/VisualScripting.Flow/Framework/Math/Vector2/Vector2Absolute.cs
 0.1 kb	 0.0% Packages/com.unity.visualscripting/Runtime/VisualScripting.Flow/Framework/Math/Scalar/ScalarSubtract.cs
 0.1 kb	 0.0% Packages/com.unity.visualscripting/Runtime/VisualScripting.Flow/Framework/Math/Scalar/ScalarPerSecond.cs
 0.1 kb	 0.0% Packages/com.unity.visualscripting/Runtime/VisualScripting.Flow/Framework/Math/Scalar/ScalarNormalize.cs
 0.1 kb	 0.0% Packages/com.unity.visualscripting/Runtime/VisualScripting.Flow/Framework/Math/Scalar/ScalarMultiply.cs
 0.1 kb	 0.0% Packages/com.unity.visualscripting/Runtime/VisualScripting.Flow/Framework/Math/Scalar/ScalarMinimum.cs
 0.1 kb	 0.0% Packages/com.unity.visualscripting/Runtime/VisualScripting.Flow/Framework/Math/Scalar/ScalarMaximum.cs
 0.1 kb	 0.0% Packages/com.unity.visualscripting/Runtime/VisualScripting.Flow/Framework/Math/Scalar/ScalarAverage.cs
 0.1 kb	 0.0% Packages/com.unity.visualscripting/Runtime/VisualScripting.Flow/Framework/Math/Scalar/ScalarAbsolute.cs
 0.1 kb	 0.0% Packages/com.unity.visualscripting/Runtime/VisualScripting.Flow/Framework/Math/Generic/GenericSubtract.cs
 0.1 kb	 0.0% Packages/com.unity.visualscripting/Runtime/VisualScripting.Flow/Framework/Math/Generic/GenericMultiply.cs
 0.1 kb	 0.0% Packages/com.unity.visualscripting/Runtime/VisualScripting.Flow/Framework/Math/Generic/GenericModulo.cs
 0.1 kb	 0.0% Packages/com.unity.visualscripting/Runtime/VisualScripting.Flow/Framework/Math/Generic/GenericDivide.cs
 0.1 kb	 0.0% Packages/com.unity.visualscripting/Runtime/VisualScripting.Flow/Framework/Logic/GreaterOrEqual.cs
 0.1 kb	 0.0% Packages/com.unity.visualscripting/Runtime/VisualScripting.Flow/Framework/Graph/SetScriptGraph.cs
 0.1 kb	 0.0% Packages/com.unity.visualscripting/Runtime/VisualScripting.Flow/Framework/Graph/HasScriptGraph.cs
 0.1 kb	 0.0% Packages/com.unity.visualscripting/Runtime/VisualScripting.Flow/Framework/Graph/GetScriptGraphs.cs
 0.1 kb	 0.0% Packages/com.unity.visualscripting/Runtime/VisualScripting.Flow/Framework/Graph/GetScriptGraph.cs
 0.1 kb	 0.0% Packages/com.unity.visualscripting/Runtime/VisualScripting.Flow/Framework/Events/Time/OnTimerElapsed.cs
 0.1 kb	 0.0% Packages/com.unity.visualscripting/Runtime/VisualScripting.Flow/Framework/Events/Rendering/OnBecameVisible.cs
 0.1 kb	 0.0% Packages/com.unity.visualscripting/Runtime/VisualScripting.Flow/Framework/Events/Physics2D/OnTriggerStay2D.cs
 0.1 kb	 0.0% Packages/com.unity.visualscripting/Runtime/VisualScripting.Flow/Framework/Events/Physics2D/OnTriggerExit2D.cs
 0.1 kb	 0.0% Packages/com.unity.visualscripting/Runtime/VisualScripting.Flow/Framework/Events/Physics2D/OnTriggerEnter2D.cs
 0.1 kb	 0.0% Packages/com.unity.visualscripting/Runtime/VisualScripting.Flow/Framework/Events/Physics2D/OnJointBreak2D.cs
 0.1 kb	 0.0% Packages/com.unity.visualscripting/Runtime/VisualScripting.Flow/Framework/Events/Physics/TriggerEventUnit.cs
 0.1 kb	 0.0% Packages/com.unity.visualscripting/Runtime/VisualScripting.Flow/Framework/Events/Physics/OnTriggerStay.cs
 0.1 kb	 0.0% Packages/com.unity.visualscripting/Runtime/VisualScripting.Flow/Framework/Events/Physics/OnTriggerExit.cs
 0.1 kb	 0.0% Packages/com.unity.visualscripting/Runtime/VisualScripting.Flow/Framework/Events/Physics/OnTriggerEnter.cs
 0.1 kb	 0.0% Packages/com.unity.visualscripting/Runtime/VisualScripting.Flow/Framework/Events/Physics/OnCollisionStay.cs
 0.1 kb	 0.0% Packages/com.unity.visualscripting/Runtime/VisualScripting.Flow/Framework/Events/Physics/OnCollisionExit.cs
 0.1 kb	 0.0% Packages/com.unity.visualscripting/Runtime/VisualScripting.Flow/Framework/Events/Physics/OnCollisionEnter.cs
 0.1 kb	 0.0% Packages/com.unity.visualscripting/Runtime/VisualScripting.Flow/Framework/Events/Input/OnKeyboardInput.cs
 0.1 kb	 0.0% Packages/com.unity.visualscripting/Runtime/VisualScripting.Flow/Framework/Events/Input/OnButtonInput.cs
 0.1 kb	 0.0% Packages/com.unity.visualscripting/Runtime/VisualScripting.Flow/Framework/Events/Input/IMouseEventUnit.cs
 0.1 kb	 0.0% Packages/com.unity.visualscripting/Runtime/VisualScripting.Flow/Framework/Events/GUI/PointerEventUnit.cs
 0.1 kb	 0.0% Packages/com.unity.visualscripting/Runtime/VisualScripting.Flow/Framework/Events/GUI/OnPointerExit.cs
 0.1 kb	 0.0% Packages/com.unity.visualscripting/Runtime/VisualScripting.Flow/Framework/Events/GUI/OnPointerEnter.cs
 0.1 kb	 0.0% Packages/com.unity.visualscripting/Runtime/VisualScripting.Flow/Framework/Events/GUI/OnPointerDown.cs
 0.1 kb	 0.0% Packages/com.unity.visualscripting/Runtime/VisualScripting.Flow/Framework/Events/GUI/OnPointerClick.cs
 0.1 kb	 0.0% Packages/com.unity.visualscripting/Runtime/VisualScripting.Flow/Framework/Events/GUI/OnButtonClick.cs
 0.1 kb	 0.0% Packages/com.unity.visualscripting/Runtime/VisualScripting.Flow/Framework/Events/CustomEventArgs.cs
 0.1 kb	 0.0% Packages/com.unity.visualscripting/Runtime/VisualScripting.Flow/Framework/Events/BoltUnityEvent.cs
 0.1 kb	 0.0% Packages/com.unity.visualscripting/Runtime/VisualScripting.Flow/Framework/Events/Animation/OnAnimatorMove.cs
 0.1 kb	 0.0% Packages/com.unity.visualscripting/Runtime/VisualScripting.Flow/Framework/Control/SwitchOnString.cs
 0.1 kb	 0.0% Packages/com.unity.visualscripting/Runtime/VisualScripting.Flow/Framework/Control/SwitchOnInteger.cs
 0.1 kb	 0.0% Packages/com.unity.visualscripting/Runtime/VisualScripting.Flow/Framework/Control/SelectOnString.cs
 0.1 kb	 0.0% Packages/com.unity.visualscripting/Runtime/VisualScripting.Flow/Framework/Control/SelectOnInteger.cs
 0.1 kb	 0.0% Packages/com.unity.visualscripting/Runtime/VisualScripting.Flow/Framework/Collections/Lists/RemoveListItemAt.cs
 0.1 kb	 0.0% Packages/com.unity.visualscripting/Runtime/VisualScripting.Flow/Framework/Collections/Lists/RemoveListItem.cs
 0.1 kb	 0.0% Packages/com.unity.visualscripting/Runtime/VisualScripting.Flow/Framework/Collections/Lists/ListContainsItem.cs
 0.1 kb	 0.0% Packages/com.unity.visualscripting/Runtime/VisualScripting.Flow/Framework/Collections/Lists/InsertListItem.cs
 0.1 kb	 0.0% Packages/com.unity.visualscripting/Runtime/VisualScripting.Flow/Framework/Collections/Dictionaries/CreateDictionary.cs
 0.1 kb	 0.0% Packages/com.unity.visualscripting/Runtime/VisualScripting.Flow/Framework/Collections/Dictionaries/ClearDictionary.cs
 0.1 kb	 0.0% Packages/com.unity.visualscripting/Runtime/VisualScripting.Flow/FlowGraphData.cs
 0.1 kb	 0.0% Packages/com.unity.visualscripting/Runtime/VisualScripting.Flow/EditorBinding/PortKeyAttribute.cs
 0.1 kb	 0.0% Packages/com.unity.visualscripting/Runtime/VisualScripting.Flow/Connections/ValueConnection.cs
 0.1 kb	 0.0% Packages/com.unity.visualscripting/Runtime/VisualScripting.Flow/Connections/IUnitRelation.cs
 0.1 kb	 0.0% Packages/com.unity.visualscripting/Runtime/VisualScripting.Flow/Connections/IUnitConnection.cs
 0.1 kb	 0.0% Packages/com.unity.visualscripting/Runtime/VisualScripting.Core/Variables/VariablesSaver.cs
 0.1 kb	 0.0% Packages/com.unity.visualscripting/Runtime/VisualScripting.Core/Variables/VariablesAsset.cs
 0.1 kb	 0.0% Packages/com.unity.visualscripting/Runtime/VisualScripting.Core/Variables/SceneVariables.cs
 0.1 kb	 0.0% Packages/com.unity.visualscripting/Runtime/VisualScripting.Core/Variables/SavedVariables.cs
 0.1 kb	 0.0% Packages/com.unity.visualscripting/Runtime/VisualScripting.Core/Variables/ObjectVariables.cs
 0.1 kb	 0.0% Packages/com.unity.visualscripting/Runtime/VisualScripting.Core/Utilities/StringUtility.cs
 0.1 kb	 0.0% Packages/com.unity.visualscripting/Runtime/VisualScripting.Core/Utilities/IInitializable.cs
 0.1 kb	 0.0% Packages/com.unity.visualscripting/Runtime/VisualScripting.Core/Utilities/IIdentifiable.cs
 0.1 kb	 0.0% Packages/com.unity.visualscripting/Runtime/VisualScripting.Core/Utilities/ExceptionUtility.cs
 0.1 kb	 0.0% Packages/com.unity.visualscripting/Runtime/VisualScripting.Core/Utilities/CoroutineRunner.cs
 0.1 kb	 0.0% Packages/com.unity.visualscripting/Runtime/VisualScripting.Core/Unity/LudiqBehaviour.cs
 0.1 kb	 0.0% Packages/com.unity.visualscripting/Runtime/VisualScripting.Core/Serialization/Serialization.cs
 0.1 kb	 0.0% Packages/com.unity.visualscripting/Runtime/VisualScripting.Core/Serialization/SerializableType.cs
 0.1 kb	 0.0% Packages/com.unity.visualscripting/Runtime/VisualScripting.Core/Serialization/DictionaryAsset.cs
 0.1 kb	 0.0% Packages/com.unity.visualscripting/Runtime/VisualScripting.Core/Serialization/Converters/Ray2DConverter.cs
 0.1 kb	 0.0% Packages/com.unity.visualscripting/Runtime/VisualScripting.Core/Reflection/RuntimeCodebase.cs
 0.1 kb	 0.0% Packages/com.unity.visualscripting/Runtime/VisualScripting.Core/Reflection/Operators/OperatorUtility.cs
 0.1 kb	 0.0% Packages/com.unity.visualscripting/Runtime/VisualScripting.Core/Reflection/Operators/OperatorHandler.cs
 0.1 kb	 0.0% Packages/com.unity.visualscripting/Runtime/VisualScripting.Core/Reflection/Operators/ModuloHandler.cs
 0.1 kb	 0.0% Packages/com.unity.visualscripting/Runtime/VisualScripting.Core/Reflection/Operators/LessThanHandler.cs
 0.1 kb	 0.0% Packages/com.unity.visualscripting/Runtime/VisualScripting.Core/Reflection/Operators/LeftShiftHandler.cs
 0.1 kb	 0.0% Packages/com.unity.visualscripting/Runtime/VisualScripting.Core/Reflection/Operators/IncrementHandler.cs
 0.1 kb	 0.0% Packages/com.unity.visualscripting/Runtime/VisualScripting.Core/Reflection/Operators/EqualityHandler.cs
 0.1 kb	 0.0% Packages/com.unity.visualscripting/Runtime/VisualScripting.Core/Reflection/Operators/DivisionHandler.cs
 0.1 kb	 0.0% Packages/com.unity.visualscripting/Runtime/VisualScripting.Core/Reflection/Operators/DecrementHandler.cs
 0.1 kb	 0.0% Packages/com.unity.visualscripting/Runtime/VisualScripting.Core/Reflection/Operators/AdditionHandler.cs
 0.1 kb	 0.0% Packages/com.unity.visualscripting/Runtime/VisualScripting.Core/Reflection/MemberUtility.cs
 0.1 kb	 0.0% Packages/com.unity.visualscripting/Runtime/VisualScripting.Core/Reflection/AttributeUtility.cs
 0.1 kb	 0.0% Packages/com.unity.visualscripting/Runtime/VisualScripting.Core/Profiling/ProfilingUtility.cs
 0.1 kb	 0.0% Packages/com.unity.visualscripting/Runtime/VisualScripting.Core/Profiling/ProfilingScope.cs
 0.1 kb	 0.0% Packages/com.unity.visualscripting/Runtime/VisualScripting.Core/Profiling/ProfiledSegment.cs
 0.1 kb	 0.0% Packages/com.unity.visualscripting/Runtime/VisualScripting.Core/Platforms/PlatformUtility.cs
 0.1 kb	 0.0% Packages/com.unity.visualscripting/Runtime/VisualScripting.Core/Platforms/IAotStubbable.cs
 0.1 kb	 0.0% Packages/com.unity.visualscripting/Runtime/VisualScripting.Core/Listeners/MessageListener.cs
 0.1 kb	 0.0% Packages/com.unity.visualscripting/Runtime/VisualScripting.Core/Graphs/IGraphElement.cs
 0.1 kb	 0.0% Packages/com.unity.visualscripting/Runtime/VisualScripting.Core/Graphs/IGraphDebugData.cs
 0.1 kb	 0.0% Packages/com.unity.visualscripting/Runtime/VisualScripting.Core/Graphs/GraphReference.cs
 0.1 kb	 0.0% Packages/com.unity.visualscripting/Runtime/VisualScripting.Core/Graphs/GraphInstances.cs
 0.1 kb	 0.0% Packages/com.unity.visualscripting/Runtime/VisualScripting.Core/Graphs/GraphDebugData.cs
 0.1 kb	 0.0% Packages/com.unity.visualscripting/Runtime/VisualScripting.Core/Events/IEventMachine.cs
 0.1 kb	 0.0% Packages/com.unity.visualscripting/Runtime/VisualScripting.Core/Events/EmptyEventArgs.cs
 0.1 kb	 0.0% Packages/com.unity.visualscripting/Runtime/VisualScripting.Core/Ensure/EnsureThat.Strings.cs
 0.1 kb	 0.0% Packages/com.unity.visualscripting/Runtime/VisualScripting.Core/Ensure/EnsureThat.Objects.cs
 0.1 kb	 0.0% Packages/com.unity.visualscripting/Runtime/VisualScripting.Core/Ensure/EnsureThat.Booleans.cs
 0.1 kb	 0.0% Packages/com.unity.visualscripting/Runtime/VisualScripting.Core/EditorBinding/TypeSetAttribute.cs
 0.1 kb	 0.0% Packages/com.unity.visualscripting/Runtime/VisualScripting.Core/Decorators/ValueAttribute.cs
 0.1 kb	 0.0% Packages/com.unity.visualscripting/Runtime/VisualScripting.Core/Collections/AotDictionary.cs
 0.1 kb	 0.0% Packages/com.unity.visualscripting/Runtime/VisualScripting.Core/Cloning/ISpecifiesCloner.cs
 0.1 kb	 0.0% Packages/com.unity.visualscripting/Runtime/VisualScripting.Core/Cloning/CloningContext.cs
 0.1 kb	 0.0% Packages/com.unity.visualscripting/Runtime/VisualScripting.Core/Cloning/Cloners/ReflectedCloner.cs
 0.1 kb	 0.0% Packages/com.unity.visualscripting/Runtime/VisualScripting.Core/Cloning/Cloners/GradientCloner.cs
 0.1 kb	 0.0% Packages/com.unity.visualscripting/Runtime/VisualScripting.Core/Cloning/Cloners/EnumerableCloner.cs
 0.1 kb	 0.0% Packages/com.unity.visualscripting/Runtime/VisualScripting.Core/Cloning/Cloners/DictionaryCloner.cs
 0.1 kb	 0.0% Packages/com.unity.ugui/Runtime/TMP/TMP_ScrollbarEventHandler.cs
 0.1 kb	 0.0% Packages/com.unity.ugui/Runtime/TMP/TMP_PackageResourceImporter.cs
 0.1 kb	 0.0% Packages/com.unity.ugui/Runtime/InternalBridge/ObjectUtilsBridge.cs
 0.1 kb	 0.0% Packages/com.unity.timeline/Runtime/Utilities/TimelineCreateUtilities.cs
 0.1 kb	 0.0% Packages/com.unity.timeline/Runtime/Utilities/TimelineClipExtensions.cs
 0.1 kb	 0.0% Packages/com.unity.timeline/Runtime/Utilities/NotificationUtilities.cs
 0.1 kb	 0.0% Packages/com.unity.timeline/Runtime/Playables/PrefabControlPlayable.cs
 0.1 kb	 0.0% Packages/com.unity.timeline/Runtime/Playables/ParticleControlPlayable.cs
 0.1 kb	 0.0% Packages/com.unity.timeline/Runtime/Playables/DirectorControlPlayable.cs
 0.1 kb	 0.0% Packages/com.unity.timeline/Runtime/Events/Signals/CustomSignalEventDrawer.cs
 0.1 kb	 0.0% Packages/com.unity.timeline/Runtime/Attributes/TimelineHelpURLAttribute.cs
 0.1 kb	 0.0% Packages/com.unity.timeline/Runtime/Animation/AnimationPlayableAsset.cs
 0.1 kb	 0.0% Packages/com.unity.timeline/Runtime/Activation/ActivationPlayableAsset.cs
 0.1 kb	 0.0% Packages/com.unity.timeline/Runtime/Activation/ActivationMixerPlayable.cs
 0.1 kb	 0.0% Packages/com.unity.splines/Runtime/SplineModificationData.cs
 0.1 kb	 0.0% Packages/com.unity.services.core/Runtime/Core.Internal/Components/Telemetry/IMetrics.cs
 0.1 kb	 0.0% Packages/com.unity.services.authentication/Runtime/Generated/Shared/ApiUtils.cs
 0.1 kb	 0.0% Packages/com.unity.render-pipelines.core/Runtime/Vrs/VrsShaders.cs
 0.1 kb	 0.0% Packages/com.unity.render-pipelines.core/Runtime/Vrs/VrsResources.cs
 0.1 kb	 0.0% Packages/com.unity.render-pipelines.core/Runtime/Volume/VolumeStack.cs
 0.1 kb	 0.0% Packages/com.unity.render-pipelines.core/Runtime/Utilities/TextureCurve.cs
 0.1 kb	 0.0% Packages/com.unity.render-pipelines.core/Runtime/Utilities/MeshGizmo.cs
 0.1 kb	 0.0% Packages/com.unity.render-pipelines.core/Runtime/Utilities/HashFNV1A32.cs
 0.1 kb	 0.0% Packages/com.unity.render-pipelines.core/Runtime/Utilities/HableCurve.cs
 0.1 kb	 0.0% Packages/com.unity.render-pipelines.core/Runtime/Utilities/GPUPrefixSum/GPUPrefixSum.cs
 0.1 kb	 0.0% Packages/com.unity.render-pipelines.core/Runtime/Utilities/CoreUtils.cs
 0.1 kb	 0.0% Packages/com.unity.render-pipelines.core/Runtime/Utilities/ColorUtils.cs
 0.1 kb	 0.0% Packages/com.unity.render-pipelines.core/Runtime/Textures/TextureXR.cs
 0.1 kb	 0.0% Packages/com.unity.render-pipelines.core/Runtime/Textures/RTHandles.cs
 0.1 kb	 0.0% Packages/com.unity.render-pipelines.core/Runtime/Stripping/IStripper.cs
 0.1 kb	 0.0% Packages/com.unity.render-pipelines.core/Runtime/ShaderLibrary/Sampling/Hammersley.cs
 0.1 kb	 0.0% Packages/com.unity.render-pipelines.core/Runtime/Lighting/ProbeVolume/ProbeVolume.cs
 0.1 kb	 0.0% Packages/com.unity.render-pipelines.core/Runtime/GPUDriven/Utilities/FrustumPlanes.cs
 0.1 kb	 0.0% Packages/com.unity.render-pipelines.core/Runtime/Debugging/DebugUpdater.cs
 0.1 kb	 0.0% Packages/com.unity.render-pipelines.core/Runtime/Debugging/DebugUI.Panel.cs
 0.1 kb	 0.0% Packages/com.unity.render-pipelines.core/Runtime/Debugging/DebugShapes.cs
 0.1 kb	 0.0% Packages/com.unity.render-pipelines.core/Runtime/Debugging/DebugOverlay.cs
 0.1 kb	 0.0% Packages/com.unity.render-pipelines.core/Runtime/Debugging/DebugManager.cs
 0.1 kb	 0.0% Packages/com.unity.render-pipelines.core/Runtime/Camera/FreeCamera.cs
 0.1 kb	 0.0% Packages/com.unity.profiling.core/Runtime/ProfilerMarkerExtensions.cs
 0.1 kb	 0.0% Packages/com.unity.probuilder/Runtime/MeshOperations/UV/TextureStitching.cs
 0.1 kb	 0.0% Packages/com.unity.probuilder/Runtime/Core/ProGridsIgnoreSnap.cs
 0.1 kb	 0.0% Packages/com.unity.probuilder/External/Poly2Tri/Triangulation/Delaunay/Sweep/DTSweepBasin.cs
 0.1 kb	 0.0% Packages/com.unity.probuilder/External/Poly2Tri/Polygon/PolygonSet.cs
 0.1 kb	 0.0% Packages/com.unity.probuilder/External/Poly2Tri/Polygon/PolygonPoint.cs
 0.1 kb	 0.0% Packages/com.unity.probuilder/External/KdTree/KdTreeLib/Math/FloatMath.cs
 0.1 kb	 0.0% Packages/com.unity.probuilder/External/KdTree/KdTreeLib/Math/DoubleMath.cs
 0.1 kb	 0.0% Packages/com.unity.probuilder/External/KdTree/KdTreeLib/KdTree.cs
 0.1 kb	 0.0% Packages/com.unity.physics/Unity.Physics/Numerics/Linear/Sparse/Vector.cs
 0.1 kb	 0.0% Packages/com.unity.physics/Unity.Physics/Numerics/Linear/Sparse/Matrix.cs
 0.1 kb	 0.0% Packages/com.unity.physics/Unity.Physics/Numerics/Linear/Dense/Vector.cs
 0.1 kb	 0.0% Packages/com.unity.physics/Unity.Physics/Numerics/Linear/Dense/Matrix.cs
 0.1 kb	 0.0% Packages/com.unity.physics/Unity.Physics/ECS/Base/Components/PhysicsJointComponents.cs
 0.1 kb	 0.0% Packages/com.unity.physics/Unity.Physics.Hybrid/Utilities/HashableShapeInputs.cs
 0.1 kb	 0.0% Packages/com.unity.physics/Unity.Physics.Hybrid/Utilities/DebugDisplay/DrawColliderUtility.cs
 0.1 kb	 0.0% Packages/com.unity.physics/Unity.Physics.Hybrid/Utilities/ColliderExtensions.cs
 0.1 kb	 0.0% Packages/com.unity.physics/Unity.Physics.Hybrid/EntitiesBaking/BakingSystems/EndJointBakingSystem.cs
 0.1 kb	 0.0% Packages/com.unity.physics/Unity.Physics.Hybrid/EntitiesBaking/BakingSystems/ColliderBakingSystem.cs
 0.1 kb	 0.0% Packages/com.unity.physics/Unity.Physics.Hybrid/Components/SolverTypeAuthoring.cs
 0.1 kb	 0.0% Packages/com.unity.physics/Unity.Physics.Hybrid/Components/PhysicsStepAuthoring.cs
 0.1 kb	 0.0% Packages/com.unity.inputsystem/InputSystem/Runtime/State/InputStateBlock.cs
 0.1 kb	 0.0% Packages/com.unity.inputsystem/InputSystem/Runtime/Plugins/XInput/XboxGamepadMacOS.cs
 0.1 kb	 0.0% Packages/com.unity.inputsystem/InputSystem/Runtime/Plugins/XInput/XInputSupport.cs
 0.1 kb	 0.0% Packages/com.unity.inputsystem/InputSystem/Runtime/Plugins/XInput/XInputController.cs
 0.1 kb	 0.0% Packages/com.unity.inputsystem/InputSystem/Runtime/Plugins/XInput/IXboxOneRumble.cs
 0.1 kb	 0.0% Packages/com.unity.inputsystem/InputSystem/Runtime/Plugins/WebGL/WebGLJoystick.cs
 0.1 kb	 0.0% Packages/com.unity.inputsystem/InputSystem/Runtime/Plugins/Switch/SwitchSupportHID.cs
 0.1 kb	 0.0% Packages/com.unity.inputsystem/InputSystem/Runtime/Plugins/PlayerInput/PlayerInputManager.cs
 0.1 kb	 0.0% Packages/com.unity.inputsystem/InputSystem/Runtime/Plugins/PlayerInput/DefaultInputActions.cs
 0.1 kb	 0.0% Packages/com.unity.inputsystem/InputSystem/Runtime/Plugins/OnScreen/OnScreenSupport.cs
 0.1 kb	 0.0% Packages/com.unity.inputsystem/InputSystem/Runtime/Plugins/OnScreen/OnScreenStick.cs
 0.1 kb	 0.0% Packages/com.unity.inputsystem/InputSystem/Runtime/Plugins/OnScreen/OnScreenControl.cs
 0.1 kb	 0.0% Packages/com.unity.inputsystem/InputSystem/Runtime/Plugins/OnScreen/OnScreenButton.cs
 0.1 kb	 0.0% Packages/com.unity.inputsystem/InputSystem/Runtime/Plugins/Linux/SDLDeviceBuilder.cs
 0.1 kb	 0.0% Packages/com.unity.inputsystem/InputSystem/Runtime/Plugins/EnhancedTouch/TouchHistory.cs
 0.1 kb	 0.0% Packages/com.unity.inputsystem/InputSystem/Runtime/Plugins/Android/AndroidSupport.cs
 0.1 kb	 0.0% Packages/com.unity.inputsystem/InputSystem/Runtime/InputSystemTestHooks.cs
 0.1 kb	 0.0% Packages/com.unity.inputsystem/InputSystem/Runtime/InputFeatureNames.cs
 0.1 kb	 0.0% Packages/com.unity.inputsystem/InputSystem/Runtime/IInputRuntime.cs
 0.1 kb	 0.0% Packages/com.unity.inputsystem/InputSystem/Runtime/IInputDiagnostics.cs
 0.1 kb	 0.0% Packages/com.unity.inputsystem/InputSystem/Runtime/Events/InputEventTrace.cs
 0.1 kb	 0.0% Packages/com.unity.inputsystem/InputSystem/Runtime/Events/InputEventStream.cs
 0.1 kb	 0.0% Packages/com.unity.inputsystem/InputSystem/Runtime/Events/InputEventPtr.cs
 0.1 kb	 0.0% Packages/com.unity.inputsystem/InputSystem/Runtime/Events/InputEventBuffer.cs
 0.1 kb	 0.0% Packages/com.unity.inputsystem/InputSystem/Runtime/Events/DeviceResetEvent.cs
 0.1 kb	 0.0% Packages/com.unity.inputsystem/InputSystem/Runtime/Events/DeltaStateEvent.cs
 0.1 kb	 0.0% Packages/com.unity.inputsystem/InputSystem/Runtime/Devices/Haptics/IDualMotorRumble.cs
 0.1 kb	 0.0% Packages/com.unity.inputsystem/InputSystem/Runtime/Devices/Haptics/DualMotorRumble.cs
 0.1 kb	 0.0% Packages/com.unity.inputsystem/InputSystem/Runtime/Controls/Vector3Control.cs
 0.1 kb	 0.0% Packages/com.unity.inputsystem/InputSystem/Runtime/Controls/Vector2Control.cs
 0.1 kb	 0.0% Packages/com.unity.inputsystem/InputSystem/Runtime/Controls/IntegerControl.cs
 0.1 kb	 0.0% Packages/com.unity.inputsystem/InputSystem/Runtime/Controls/DoubleControl.cs
 0.1 kb	 0.0% Packages/com.unity.inputsystem/InputSystem/Runtime/Controls/ButtonControl.cs
 0.1 kb	 0.0% Packages/com.unity.inputsystem/InputSystem/Runtime/Controls/AnyKeyControl.cs
 0.1 kb	 0.0% Packages/com.unity.inputsystem/InputSystem/Runtime/Actions/InputControlScheme.cs
 0.1 kb	 0.0% Packages/com.unity.inputsystem/InputSystem/Runtime/Actions/InputBindingResolver.cs
 0.1 kb	 0.0% Packages/com.unity.inputsystem/InputSystem/Runtime/Actions/InputActionReference.cs
 0.1 kb	 0.0% Packages/com.unity.inputsystem/InputSystem/Runtime/Actions/InputActionProperty.cs
 0.1 kb	 0.0% Packages/com.unity.inputsystem/InputSystem/Runtime/Actions/IInputInteraction.cs
 0.1 kb	 0.0% Packages/com.unity.inputsystem/InputSystem/Editor/UITKAssetEditor/Views/PropertiesView.cs
 0.1 kb	 0.0% Packages/com.unity.inputsystem/InputSystem/Editor/UITKAssetEditor/Views/DropManipulator.cs
 0.1 kb	 0.0% Packages/com.unity.inputsystem/InputSystem/Editor/UITKAssetEditor/Views/CopyPasteHelper.cs
 0.1 kb	 0.0% Packages/com.unity.inputsystem/InputSystem/Editor/UITKAssetEditor/Views/ActionsTreeView.cs
 0.1 kb	 0.0% Packages/com.unity.inputsystem/InputSystem/Editor/UITKAssetEditor/Views/ActionMapsView.cs
 0.1 kb	 0.0% Packages/com.unity.inputsystem/InputSystem/Editor/UITKAssetEditor/StateContainer.cs
 0.1 kb	 0.0% Packages/com.unity.inputsystem/InputSystem/Editor/UITKAssetEditor/ExpressionUtils.cs
 0.1 kb	 0.0% Packages/com.unity.inputsystem/InputSystem/Editor/Plugins/iOS/iOSPostProcessBuild.cs
 0.1 kb	 0.0% Packages/com.unity.inputsystem/InputSystem/Editor/Plugins/UnityRemote/UnityRemoteSupport.cs
 0.1 kb	 0.0% Packages/com.unity.inputsystem/InputSystem/Editor/Internal/TreeViewHelpers.cs
 0.1 kb	 0.0% Packages/com.unity.inputsystem/InputSystem/Editor/Internal/InputStateWindow.cs
 0.1 kb	 0.0% Packages/com.unity.inputsystem/InputSystem/Editor/Internal/EditorHelpers.cs
 0.1 kb	 0.0% Packages/com.unity.inputsystem/InputSystem/Editor/Internal/AdvancedDropdown/AdvancedDropdown.cs
 0.1 kb	 0.0% Packages/com.unity.inputsystem/InputSystem/Editor/InputSystemObject.cs
 0.1 kb	 0.0% Packages/com.unity.inputsystem/InputSystem/Editor/InputDiagnostics.cs
 0.1 kb	 0.0% Packages/com.unity.formats.fbx/Runtime/FbxPrefab.cs
 0.1 kb	 0.0% Packages/com.unity.entities/Unity.Scenes/EntitySceneOptimization.cs
 0.1 kb	 0.0% Packages/com.unity.entities/Unity.Mathematics.Extensions.Hybrid/BoundsToAABB.cs
 0.1 kb	 0.0% Packages/com.unity.entities/Unity.Entities/WorldUpdateAllocator.cs
 0.1 kb	 0.0% Packages/com.unity.entities/Unity.Entities/Serialization/EntitySceneReference.cs
 0.1 kb	 0.0% Packages/com.unity.entities/Unity.Entities/Serialization/EntitiesJsonOptions.cs
 0.1 kb	 0.0% Packages/com.unity.entities/Unity.Entities/Serialization/DotsSerialization.cs
 0.1 kb	 0.0% Packages/com.unity.entities/Unity.Entities/Serialization/Binary/Adapters/IBinaryAdapter.cs
 0.1 kb	 0.0% Packages/com.unity.entities/Unity.Entities/ProfilerModules/MemoryProfiler+ArchetypeMemoryData.cs
 0.1 kb	 0.0% Packages/com.unity.entities/Unity.Entities/ProfilerModules/EntitiesProfiler+ComponentTypeData.cs
 0.1 kb	 0.0% Packages/com.unity.entities/Unity.Entities/Journaling/EntitiesJournaling+SystemView.cs
 0.1 kb	 0.0% Packages/com.unity.entities/Unity.Entities/Journaling/EntitiesJournaling+RecordView.cs
 0.1 kb	 0.0% Packages/com.unity.entities/Unity.Entities/Journaling/EntitiesJournaling+RecordType.cs
 0.1 kb	 0.0% Packages/com.unity.entities/Unity.Entities/Journaling/EntitiesJournaling+Preferences.cs
 0.1 kb	 0.0% Packages/com.unity.entities/Unity.Entities/Journaling/EntitiesJournaling+Enumerable.cs
 0.1 kb	 0.0% Packages/com.unity.entities/Unity.Entities/Journaling/EntitiesJournaling+EntityView.cs
 0.1 kb	 0.0% Packages/com.unity.entities/Unity.Entities/EntityCommandBufferInternals.cs
 0.1 kb	 0.0% Packages/com.unity.entities/Unity.Entities/Content/RuntimeContentManagerUtility.cs
 0.1 kb	 0.0% Packages/com.unity.entities/Unity.Entities.Hybrid/GameObjectConversion/Incremental/SceneHierarchy.cs
 0.1 kb	 0.0% Packages/com.unity.entities/Unity.Entities.Editor/Unity.InternalAPIEngineBridge.002/GUIUtilityBridge.cs
 0.1 kb	 0.0% Packages/com.unity.dt.app-ui/Runtime/UI/Manipulators/TrackpadGestureManipulator.cs
 0.1 kb	 0.0% Packages/com.unity.dt.app-ui/Runtime/UI/Extensions/FocusControllerExtensions.cs
 0.1 kb	 0.0% Packages/com.unity.dt.app-ui/Runtime/UI/Events/SplitViewPaneCollapsedEvent.cs
 0.1 kb	 0.0% Packages/com.unity.collections/Unity.Collections/UnsafeList.cs
 0.1 kb	 0.0% Packages/com.unity.collections/Unity.Collections/FixedStringParseMethods.cs
 0.1 kb	 0.0% Packages/com.unity.collections/Unity.Collections/FixedStringAppendMethods.cs
 0.1 kb	 0.0% Packages/com.unity.cinemachine/Runtime/Core/TargetTracking.cs
 0.1 kb	 0.0% Packages/com.unity.cinemachine/Runtime/Core/InputAxisControllerBase.cs
 0.1 kb	 0.0% Packages/com.unity.behavior/Runtime/Execution/Nodes/Decorators/RepeatUntilModifierModifier.cs
 0.1 kb	 0.0% Packages/com.autodesk.fbx/Tests/Runtime/BuildTestsAssets/ExportEmptyFbx.cs
 0.1 kb	 0.0% Packages/com.unity.visualscripting/Runtime/VisualScripting.Core/Ensure/EnsureThat.Types.cs
 0.1 kb	 0.0% Packages/com.unity.visualscripting/Runtime/VisualScripting.Core/Ensure/EnsureThat.Guids.cs
 0.1 kb	 0.0% Packages/com.unity.visualscripting/Runtime/VisualScripting.Core/Dependencies/FullSerializer/fsResult.cs
 0.1 kb	 0.0% Packages/com.unity.visualscripting/Runtime/VisualScripting.Core/Dependencies/FullSerializer/fsData.cs
 0.1 kb	 0.0% Packages/com.unity.visualscripting/Runtime/VisualScripting.Core/Dependencies/FullSerializer/fsConfig.cs
 0.1 kb	 0.0% Packages/com.unity.ugui/Runtime/UGUI/UI/Core/Utility/ReflectionMethodsCache.cs
 0.1 kb	 0.0% Packages/com.unity.ugui/Runtime/UGUI/UI/Core/MultipleDisplayUtilities.cs
 0.1 kb	 0.0% Packages/com.unity.ugui/Runtime/UGUI/UI/Core/Layout/HorizontalLayoutGroup.cs
 0.1 kb	 0.0% Packages/com.unity.ugui/Runtime/UGUI/UI/Core/IGraphicEnabledDisabled.cs
 0.1 kb	 0.0% Packages/com.unity.ugui/Runtime/UGUI/UI/Core/GraphicRebuildTracker.cs
 0.1 kb	 0.0% Packages/com.unity.ugui/Runtime/UGUI/UI/Core/Culling/RectangularVertexClipper.cs
 0.1 kb	 0.0% Packages/com.unity.ugui/Runtime/UGUI/EventSystem/UIElements/PanelEventHandler.cs
 0.1 kb	 0.0% Packages/com.unity.ugui/Runtime/UGUI/EventSystem/Raycasters/Physics2DRaycaster.cs
 0.1 kb	 0.0% Packages/com.unity.ugui/Runtime/UGUI/EventSystem/InputModules/PointerInputModule.cs
 0.1 kb	 0.0% Packages/com.unity.timeline/Runtime/TimelinePlayable_Animation.cs
 0.1 kb	 0.0% Packages/com.unity.timeline/Runtime/TimelineAttributes.cs
 0.1 kb	 0.0% Packages/com.unity.timeline/Runtime/Playables/BasicScriptPlayable.cs
 0.1 kb	 0.0% Packages/com.unity.splines/Runtime/Interpolators.cs
 0.1 kb	 0.0% Packages/com.unity.services.core/Runtime/Core/UnityServicesBuilder.cs
 0.1 kb	 0.0% Packages/com.unity.services.core/Runtime/Core.Internal/Telemetry/CoreMetrics.cs
 0.1 kb	 0.0% Packages/com.unity.services.core/Runtime/Core.Internal/Registry/CoreRegistry.cs
 0.1 kb	 0.0% Packages/com.unity.services.core/Runtime/Core.Internal/Logging/CoreLogger.cs
 0.1 kb	 0.0% Packages/com.unity.services.core/Runtime/Core.Internal/Components/Wire/ChannelToken.cs
 0.1 kb	 0.0% Packages/com.unity.services.core/Runtime/Core.Internal/Components/Qos/IQosResults.cs
 0.1 kb	 0.0% Packages/com.unity.services.authentication/Runtime/Utilities/Logger.cs
 0.1 kb	 0.0% Packages/com.unity.services.authentication/Runtime/Utilities/Cache/ICache.cs
 0.1 kb	 0.0% Packages/com.unity.services.authentication/Runtime/Models/Security/BaseJwt.cs
 0.1 kb	 0.0% Packages/com.unity.services.authentication/Runtime/Models/Identity.cs
 0.1 kb	 0.0% Packages/com.unity.services.authentication/Runtime/Models/Components/Profile/IProfile.cs
 0.1 kb	 0.0% Packages/com.unity.render-pipelines.core/ShaderLibrary/DummyShaderLibrary.cs
 0.1 kb	 0.0% Packages/com.unity.render-pipelines.core/Runtime/Utilities/GPUSort/GPUSort.Data.cs
 0.1 kb	 0.0% Packages/com.unity.render-pipelines.core/Runtime/Utilities/BitArray.cs
 0.1 kb	 0.0% Packages/com.unity.render-pipelines.core/Runtime/UnifiedRayTracing/Compute/RadeonRays/StringIDs.cs
 0.1 kb	 0.0% Packages/com.unity.render-pipelines.core/Runtime/UnifiedRayTracing/Compute/RadeonRays/Common.cs
 0.1 kb	 0.0% Packages/com.unity.render-pipelines.core/Runtime/UnifiedRayTracing/Compute/RadeonRays/BvhCheck.cs
 0.1 kb	 0.0% Packages/com.unity.render-pipelines.core/Runtime/PathTracing/UVMesh.cs
 0.1 kb	 0.0% Packages/com.unity.render-pipelines.core/Runtime/PathTracing/MaterialPool/MaterialPool.cs
 0.1 kb	 0.0% Packages/com.unity.render-pipelines.core/Runtime/Inputs/InputRegistering.cs
 0.1 kb	 0.0% Packages/com.unity.probuilder/Runtime/Shapes/ProBuilderShape.cs
 0.1 kb	 0.0% Packages/com.unity.probuilder/Runtime/MeshOperations/UV/UVEditing.cs
 0.1 kb	 0.0% Packages/com.unity.probuilder/Runtime/MeshOperations/Subdivision.cs
 0.1 kb	 0.0% Packages/com.unity.probuilder/Runtime/MeshOperations/QuadUtility.cs
 0.1 kb	 0.0% Packages/com.unity.probuilder/Runtime/MeshOperations/MeshImporter.cs
 0.1 kb	 0.0% Packages/com.unity.probuilder/Runtime/Core/WingedEdgeEnumerator.cs
 0.1 kb	 0.0% Packages/com.unity.probuilder/Runtime/Core/VertexPositioning.cs
 0.1 kb	 0.0% Packages/com.unity.probuilder/Runtime/Core/SelectionPickerSettings.cs
 0.1 kb	 0.0% Packages/com.unity.probuilder/Runtime/Core/ProBuilderSnapping.cs
 0.1 kb	 0.0% Packages/com.unity.probuilder/Runtime/Core/PreferenceDictionary.cs
 0.1 kb	 0.0% Packages/com.unity.probuilder/Runtime/Core/HandleConstraint2D.cs
 0.1 kb	 0.0% Packages/com.unity.probuilder/Runtime/Core/ColliderBehaviour.cs
 0.1 kb	 0.0% Packages/com.unity.probuilder/Runtime/Core/AutoUnwrapSettings.cs
 0.1 kb	 0.0% Packages/com.unity.probuilder/External/StlExporter/Code/pb_Stl_Importer.cs
 0.1 kb	 0.0% Packages/com.unity.probuilder/External/StlExporter/Code/pb_Stl_Exporter.cs
 0.1 kb	 0.0% Packages/com.unity.probuilder/External/CSG/Classes/VertexUtility.cs
 0.1 kb	 0.0% Packages/com.unity.physics/Unity.Physics/Numerics/Memory/MemoryManager.cs
 0.1 kb	 0.0% Packages/com.unity.physics/Unity.Physics/Extensions/ColliderExtensions.cs
 0.1 kb	 0.0% Packages/com.unity.physics/Unity.Physics/ECS/Base/Systems/PhysicsWorldExporter.cs
 0.1 kb	 0.0% Packages/com.unity.physics/Unity.Physics/ECS/Base/Systems/PhysicsWorldBuilder.cs
 0.1 kb	 0.0% Packages/com.unity.physics/Unity.Physics/ECS/Base/Systems/PhysicsSystemGroups.cs
 0.1 kb	 0.0% Packages/com.unity.physics/Unity.Physics/ECS/Base/Systems/ExportPhysicsWorld.cs
 0.1 kb	 0.0% Packages/com.unity.physics/Unity.Physics/ECS/Base/Systems/BuildPhysicsWorld.cs
 0.1 kb	 0.0% Packages/com.unity.physics/Unity.Physics/ECS/Base/Components/ColliderBlobComponents.cs
 0.1 kb	 0.0% Packages/com.unity.physics/Unity.Physics/Dynamics/Jacobians/Motors/RotationMotorJacobian.cs
 0.1 kb	 0.0% Packages/com.unity.physics/Unity.Physics/Dynamics/Jacobians/Motors/PositionMotorJacobian.cs
 0.1 kb	 0.0% Packages/com.unity.physics/Unity.Physics/Dynamics/Jacobians/AngularLimit3DJacobian.cs
 0.1 kb	 0.0% Packages/com.unity.physics/Unity.Physics/Dynamics/Jacobians/AngularLimit2DJacobian.cs
 0.1 kb	 0.0% Packages/com.unity.physics/Unity.Physics/Dynamics/Jacobians/AngularLimit1DJacobian.cs
 0.1 kb	 0.0% Packages/com.unity.physics/Unity.Physics/Collision/Queries/ConvexConvexManifold.cs
 0.1 kb	 0.0% Packages/com.unity.physics/Unity.Physics/Collision/Queries/ConvexConvexDistance.cs
 0.1 kb	 0.0% Packages/com.unity.physics/Unity.Physics/Collision/Geometry/BoundingVolumeHierarchy.cs
 0.1 kb	 0.0% Packages/com.unity.physics/Unity.Physics.Hybrid/Utilities/DebugDisplay/DisplayJointsSystem.cs
 0.1 kb	 0.0% Packages/com.unity.physics/Unity.Physics.Hybrid/Utilities/DebugDisplay/DebugStream.cs
 0.1 kb	 0.0% Packages/com.unity.inputsystem/InputSystem/Runtime/Utilities/TypeTable.cs
 0.1 kb	 0.0% Packages/com.unity.inputsystem/InputSystem/Runtime/Utilities/TypeHelpers.cs
 0.1 kb	 0.0% Packages/com.unity.inputsystem/InputSystem/Runtime/Utilities/Substring.cs
 0.1 kb	 0.0% Packages/com.unity.inputsystem/InputSystem/Runtime/Utilities/SavedState.cs
 0.1 kb	 0.0% Packages/com.unity.inputsystem/InputSystem/Runtime/Utilities/Observables/Observable.cs
 0.1 kb	 0.0% Packages/com.unity.inputsystem/InputSystem/Runtime/Utilities/NamedValue.cs
 0.1 kb	 0.0% Packages/com.unity.inputsystem/InputSystem/Runtime/Utilities/MiscHelpers.cs
 0.1 kb	 0.0% Packages/com.unity.inputsystem/InputSystem/Runtime/Utilities/JsonParser.cs
 0.1 kb	 0.0% Packages/com.unity.inputsystem/InputSystem/Runtime/Utilities/ArrayHelpers.cs
 0.1 kb	 0.0% Packages/com.unity.inputsystem/InputSystem/Runtime/Plugins/iOS/InputSettingsiOS.cs
 0.1 kb	 0.0% Packages/com.unity.inputsystem/InputSystem/Runtime/Plugins/XR/XRLayoutBuilder.cs
 0.1 kb	 0.0% Packages/com.unity.inputsystem/InputSystem/Runtime/Plugins/UI/NavigationModel.cs
 0.1 kb	 0.0% Packages/com.unity.inputsystem/InputSystem/Runtime/InputUpdateType.cs
 0.1 kb	 0.0% Packages/com.unity.entities/Unity.Scenes/SceneSectionStreamingSystem.cs
 0.1 kb	 0.0% Packages/com.unity.entities/Unity.Scenes/ResolveSceneSectionUtility.cs
 0.1 kb	 0.0% Packages/com.unity.entities/Unity.Scenes/ResolveSceneReferenceSystem.cs
 0.1 kb	 0.0% Packages/com.unity.entities/Unity.Scenes/Hybrid/CompanionSceneUtility.cs
 0.1 kb	 0.0% Packages/com.unity.entities/Unity.Scenes/GlobalAssetObjectResolver.cs
 0.1 kb	 0.0% Packages/com.unity.entities/Unity.Scenes/EntityChangeSetSerialization.cs
 0.1 kb	 0.0% Packages/com.unity.entities/Unity.Scenes/AssetDatabaseCompatibility.cs
 0.1 kb	 0.0% Packages/com.unity.entities/Unity.Mathematics.Extensions/GeneratePoints.cs
 0.1 kb	 0.0% Packages/com.unity.entities/Unity.Entities/WorldUnmanagedImpl.Memory.cs
 0.1 kb	 0.0% Packages/com.unity.entities/Unity.Entities/WorldSystemFiltering.cs
 0.1 kb	 0.0% Packages/com.unity.entities/Unity.Entities/Types/SharedComponentValues.cs
 0.1 kb	 0.0% Packages/com.unity.entities/Unity.Entities/Types/ComponentTypeInArchetype.cs
 0.1 kb	 0.0% Packages/com.unity.entities/Unity.Entities/SystemAPIQueryBuilder.cs
 0.1 kb	 0.0% Packages/com.unity.entities/Unity.Entities/RetainBlobAssetSystem.cs
 0.1 kb	 0.0% Packages/com.unity.entities/Unity.Entities/ProfilerModules/EntitiesProfiler+ArchetypeData.cs
 0.1 kb	 0.0% Packages/com.unity.entities/Unity.Entities/ManagedComponentStore.cs
 0.1 kb	 0.0% Packages/com.unity.entities/Unity.Entities/Journaling/EntitiesJournaling+WorldView.cs
 0.1 kb	 0.0% Packages/com.unity.entities/Unity.Entities/Journaling/EntitiesJournaling+Utilities.cs
 0.1 kb	 0.0% Packages/com.unity.entities/Unity.Entities/Journaling/EntitiesJournaling+Record.cs
 0.1 kb	 0.0% Packages/com.unity.entities/Unity.Entities/Journaling/EntitiesJournaling+Ordering.cs
 0.1 kb	 0.0% Packages/com.unity.entities/Unity.Entities/Journaling/EntitiesJournaling+Header.cs
 0.1 kb	 0.0% Packages/com.unity.entities/Unity.Entities/Journaling/EntitiesJournaling+Export.cs
 0.1 kb	 0.0% Packages/com.unity.entities/Unity.Entities/Iterators/UnsafeChunkCacheIterator.cs
 0.1 kb	 0.0% Packages/com.unity.entities/Unity.Entities/Iterators/EntityStorageInfoLookup.cs
 0.1 kb	 0.0% Packages/com.unity.entities/Unity.Entities/Iterators/ChunkIterationUtility.cs
 0.1 kb	 0.0% Packages/com.unity.entities/Unity.Entities/Iterators/ChunkEntityEnumerator.cs
 0.1 kb	 0.0% Packages/com.unity.entities/Unity.Entities/EntityComponentStoreEntities.cs
 0.1 kb	 0.0% Packages/com.unity.entities/Unity.Entities/EntityComponentStoreDebug.cs
 0.1 kb	 0.0% Packages/com.unity.entities/Unity.Entities/EntityComponentStoreChunk.cs
 0.1 kb	 0.0% Packages/com.unity.entities/Unity.Entities/EntityCommandBufferPlayback.cs
 0.1 kb	 0.0% Packages/com.unity.entities/Unity.Entities/Diff/EntityPatcherBlobs.cs
 0.1 kb	 0.0% Packages/com.unity.entities/Unity.Entities/Diff/EntityDifferClearMissingReferences.cs
 0.1 kb	 0.0% Packages/com.unity.entities/Unity.Entities/Diff/DynamicBlobAssetBatch.cs
 0.1 kb	 0.0% Packages/com.unity.entities/Unity.Entities/Content/RuntimeContentSystem.cs
 0.1 kb	 0.0% Packages/com.unity.entities/Unity.Entities/ComponentSystemSorter.cs
 0.1 kb	 0.0% Packages/com.unity.entities/Unity.Entities/ComponentSafetyHandles.cs
 0.1 kb	 0.0% Packages/com.unity.entities/Unity.Entities/BakingVersionAttribute.cs
 0.1 kb	 0.0% Packages/com.unity.entities/Unity.Entities.UI/Attributes/PaginationAttribute.cs
 0.1 kb	 0.0% Packages/com.unity.entities/Unity.Entities.UI/Attributes/MinValueAttribute.cs
 0.1 kb	 0.0% Packages/com.unity.entities/Unity.Entities.UI/Attributes/InspectorAttribute.cs
 0.1 kb	 0.0% Packages/com.unity.entities/Unity.Entities.UI/Attributes/DisplayNameAttribute.cs
 0.1 kb	 0.0% Packages/com.unity.entities/Unity.Entities.Hybrid/StaticOptimizeEntity.cs
 0.1 kb	 0.0% Packages/com.unity.entities/Unity.Entities.Hybrid/LayerFieldAttribute.cs
 0.1 kb	 0.0% Packages/com.unity.entities/Unity.Entities.Hybrid/Baking/TransformAuthoring.cs
 0.1 kb	 0.0% Packages/com.unity.entities/Unity.Entities.Hybrid/Baking/PreBakingSystemGroup.cs
 0.1 kb	 0.0% Packages/com.unity.entities/Unity.Entities.Hybrid/Baking/DependenciesHashMapHelper.cs
 0.1 kb	 0.0% Packages/com.unity.entities/Unity.Entities.Hybrid/Baking/BakingSystemGroup.cs
 0.1 kb	 0.0% Packages/com.unity.entities/Unity.Entities.Hybrid/Baking/BakingStripSystem.cs
 0.1 kb	 0.0% Packages/com.unity.entities/Unity.Entities.Hybrid/Baking/BakeDependencies.cs
 0.1 kb	 0.0% Packages/com.unity.entities/Unity.Deformations/DeformationComponents.cs
 0.1 kb	 0.0% Packages/com.unity.dt.app-ui/Runtime/Redux/DevTools/DiffGenerator.cs
 0.1 kb	 0.0% Packages/com.unity.dt.app-ui/Runtime/Redux/DevTools/DevToolsService.cs
 0.1 kb	 0.0% Packages/com.unity.dt.app-ui/Runtime/Redux/AsyncThunkOptions{T}.cs
 0.1 kb	 0.0% Packages/com.unity.dt.app-ui/Runtime/Redux/AsyncThunkOptions.cs
 0.1 kb	 0.0% Packages/com.unity.dt.app-ui/Runtime/Redux/AsyncThunkActions.cs
 0.1 kb	 0.0% Packages/com.unity.dt.app-ui/Runtime/Navigation/NavigationScreen.cs
 0.1 kb	 0.0% Packages/com.unity.dt.app-ui/Runtime/Navigation/NavigationArgs.cs
 0.1 kb	 0.0% Packages/com.unity.dt.app-ui/Runtime/Navigation/NavGraphViewNode.cs
 0.1 kb	 0.0% Packages/com.unity.dt.app-ui/Runtime/Navigation/NavDestination.cs
 0.1 kb	 0.0% Packages/com.unity.dt.app-ui/Runtime/Navigation/NavController.cs
 0.1 kb	 0.0% Packages/com.unity.dt.app-ui/Runtime/MVVM/App/IInitializableComponent.cs
 0.1 kb	 0.0% Packages/com.unity.dt.app-ui/Runtime/MVVM/App/AppUIServiceCollection.cs
 0.1 kb	 0.0% Packages/com.unity.collections/Unity.Collections/UnsafeText.cs
 0.1 kb	 0.0% Packages/com.unity.collections/Unity.Collections/UnsafeStream.cs
 0.1 kb	 0.0% Packages/com.unity.collections/Unity.Collections/RewindableAllocator.cs
 0.1 kb	 0.0% Packages/com.unity.collections/Unity.Collections/FixedStringMethods.cs
 0.1 kb	 0.0% Packages/com.unity.collections/Unity.Collections/AutoFreeAllocator.cs
 0.1 kb	 0.0% Packages/com.unity.cinemachine/Runtime/PostProcessing/CinemachineAutoFocus.cs
 0.1 kb	 0.0% Packages/com.unity.cinemachine/Runtime/Deprecated/LegacyLensSettings.cs
 0.1 kb	 0.0% Packages/com.unity.cinemachine/Runtime/Deprecated/CinemachinePipeline.cs
 0.1 kb	 0.0% Packages/com.unity.cinemachine/Runtime/Deprecated/CinemachinePathBase.cs
 0.1 kb	 0.0% Packages/com.unity.cinemachine/Runtime/Deprecated/CinemachineFreeLook.cs
 0.1 kb	 0.0% Packages/com.unity.cinemachine/Runtime/Deprecated/CinemachineDollyCart.cs
 0.1 kb	 0.0% Packages/com.unity.cinemachine/Runtime/Deprecated/CinemachineConfiner.cs
 0.1 kb	 0.0% Packages/com.unity.cinemachine/Runtime/Deprecated/CinemachineComposer.cs
 0.1 kb	 0.0% Packages/com.unity.cinemachine/Runtime/Deprecated/CinemachineCollider.cs
 0.1 kb	 0.0% Packages/com.unity.cinemachine/Runtime/Core/TargetPositionCache.cs
 0.1 kb	 0.0% Packages/com.unity.cinemachine/Runtime/Core/SignalSourceAsset.cs
 0.1 kb	 0.0% Packages/com.unity.cinemachine/Runtime/Core/LookaheadSettings.cs
 0.1 kb	 0.0% Packages/com.unity.cinemachine/Runtime/Core/ICinemachineCamera.cs
 0.1 kb	 0.0% Packages/com.unity.cinemachine/Runtime/Core/CinemachineExtension.cs
 0.1 kb	 0.0% Packages/com.unity.cinemachine/Runtime/Core/CameraUpdateManager.cs
 0.1 kb	 0.0% Packages/com.unity.cinemachine/Runtime/Components/CinemachinePanTilt.cs
 0.1 kb	 0.0% Packages/com.unity.cinemachine/Runtime/Components/CinemachineFollow.cs
 0.1 kb	 0.0% Packages/com.unity.cinemachine/Runtime/Behaviours/CinemachineClearShot.cs
 0.1 kb	 0.0% Packages/com.unity.cinemachine/Runtime/Behaviours/CinemachineCamera.cs
 0.1 kb	 0.0% Packages/com.unity.behavior/com.unity.serialization/Runtime/Unity.Serialization/Json/Utility/Internal/Convert.cs
 0.1 kb	 0.0% Packages/com.unity.behavior/Runtime/Execution/RuntimeBlackboardAsset.cs
 0.1 kb	 0.0% Packages/com.unity.behavior/Runtime/Execution/Nodes/Decorators/RepeatWhileCondition.cs
 0.1 kb	 0.0% Packages/com.unity.behavior/Runtime/Execution/Nodes/Decorators/ObserverAbortModifier.cs
 0.1 kb	 0.0% Packages/com.unity.behavior/Runtime/Execution/Nodes/Decorators/ConditionalGuardModifier.cs
 0.1 kb	 0.0% Packages/com.unity.behavior/Runtime/Execution/Nodes/Actions/Resource/PlayParticleSystemAction.cs
 0.1 kb	 0.0% Packages/com.unity.behavior/Runtime/Execution/Nodes/Actions/Physics/WaitForTrigger2DAction.cs
 0.1 kb	 0.0% Packages/com.unity.behavior/Runtime/Execution/Nodes/Actions/Physics/WaitForCollisionAction.cs
 0.1 kb	 0.0% Packages/com.unity.behavior/Runtime/Execution/Nodes/Actions/Physics/WaitForCollision2DAction.cs
 0.1 kb	 0.0% Packages/com.unity.behavior/Runtime/Execution/Nodes/Actions/Physics/AddExplosiveForceAction.cs
 0.1 kb	 0.0% Packages/com.unity.behavior/Runtime/Execution/Nodes/Actions/Navigation/NavigateToTargetAction.cs
 0.1 kb	 0.0% Packages/com.unity.behavior/Runtime/Execution/Nodes/Actions/Navigation/NavigateToLocationAction.cs
 0.1 kb	 0.0% Packages/com.unity.behavior/Runtime/Execution/Nodes/Actions/GameObject/SetObjectActiveAction.cs
 0.1 kb	 0.0% Packages/com.unity.behavior/Runtime/Execution/Nodes/Actions/GameObject/InstantiateObjectAction.cs
 0.1 kb	 0.0% Packages/com.unity.behavior/Runtime/Execution/Nodes/Actions/GameObject/DontDestroyOnLoadAction.cs
 0.1 kb	 0.0% Packages/com.unity.behavior/Runtime/Execution/Nodes/Actions/Find/FindObjectWithTagAction.cs
 0.1 kb	 0.0% Packages/com.unity.behavior/Runtime/Execution/Nodes/Actions/Find/FindClosestWithTagAction.cs
 0.1 kb	 0.0% Packages/com.unity.behavior/Runtime/Execution/Nodes/Actions/Conditional/ConditionalGuardAction.cs
 0.1 kb	 0.0% Packages/com.unity.behavior/Runtime/Execution/Nodes/Actions/Blackboard/SetVariableValueAction.cs
 0.1 kb	 0.0% Packages/com.unity.behavior/Runtime/Execution/Nodes/Actions/Animation/SetAnimatorTriggerAction.cs
 0.1 kb	 0.0% Packages/com.unity.behavior/Runtime/Execution/Nodes/Actions/Animation/SetAnimatorFloatAction.cs
 0.1 kb	 0.0% Packages/com.unity.behavior/Runtime/Execution/Nodes/Actions/Animation/SetAnimatorBoolAction.cs
 0.1 kb	 0.0% Packages/com.unity.behavior/Runtime/Execution/Conditions/CheckDistanceCondition.cs
 0.1 kb	 0.0% Packages/com.unity.behavior/Runtime/Execution/Blackboard/BlackboardVariableCaster.cs
 0.1 kb	 0.0% Packages/com.unity.behavior/Runtime/Execution/Attributes/NodeDescriptionAttribute.cs
 0.1 kb	 0.0% Packages/com.unity.behavior/Runtime/Execution/Attributes/BlackboardEnumAttribute.cs
 0.1 kb	 0.0% Packages/com.unity.behavior/Runtime/BehaviorGraphDebugInfo.cs
 0.1 kb	 0.0% Packages/com.unity.behavior/Authoring/GenerativeAI/WebApi/Model/ValidationError.cs
 0.1 kb	 0.0% Packages/com.unity.behavior/Authoring/GenerativeAI/WebApi/Model/LocationInner.cs
 0.1 kb	 0.0% Packages/com.unity.behavior/Authoring/GenerativeAI/WebApi/Model/ErrorResponse.cs
 0.1 kb	 0.0% Packages/com.unity.behavior/Authoring/GenerativeAI/WebApi/Model/ConversationInfo.cs
 0.1 kb	 0.0% Packages/com.unity.behavior/Authoring/GenerativeAI/WebApi/Model/ActionRequest.cs
 0.1 kb	 0.0% Packages/com.unity.behavior/Authoring/GenerativeAI/WebApi/ILanguageModel.cs
 0.1 kb	 0.0% Packages/com.unity.behavior/Authoring/GenerativeAI/WebApi/Client/RequestOptions.cs
 0.1 kb	 0.0% Packages/com.unity.behavior/Authoring/GenerativeAI/WebApi/Client/Configuration.cs
 0.1 kb	 0.0% Packages/com.unity.animation.rigging/Runtime/Utils/Vector3Bool.cs
 0.1 kb	 0.0% Packages/com.unity.animation.rigging/Runtime/Utils/BoneRenderer.cs
 0.1 kb	 0.0% Packages/com.unity.animation.rigging/Runtime/AnimationRig/RigTransform.cs
 0.1 kb	 0.0% Packages/com.unity.animation.rigging/Runtime/AnimationRig/RigBuilder.cs
 0.1 kb	 0.0% Packages/com.unity.animation.rigging/Runtime/AnimationRig/IRigLayer.cs
 0.1 kb	 0.0% Packages/com.unity.ai.assistant/Modules/Unity.AI.Tracing/TraceSinkConfigManager.cs
 0.1 kb	 0.0% Packages/com.unity.ai.assistant/Modules/Unity.AI.Tracing/TraceConfigFileWriter.cs
 0.1 kb	 0.0% Packages/com.autodesk.fbx/Runtime/Scripts/FbxPropertyEProjectionType.cs
 0.1 kb	 0.0% Packages/com.autodesk.fbx/Runtime/Scripts/FbxPropertyEAreaLightShape.cs
 0.1 kb	 0.0% Packages/com.autodesk.fbx/Runtime/Scripts/FbxLayerElementVertexColor.cs
 0.1 kb	 0.0% Assets/_Game/Gameplay/World/DistractionInteractable.cs
 0.1 kb	 0.0% Assets/_Game/Gameplay/Player/PlayerSaveParticipant.cs
 0.1 kb	 0.0% Assets/TextMesh Pro/Examples & Extras/Scripts/TextMeshProFloatingText.cs
 0.1 kb	 0.0% Assets/TextMesh Pro/Examples & Extras/Scripts/TMPro_InstructionOverlay.cs
 0.1 kb	 0.0% Assets/TextMesh Pro/Examples & Extras/Scripts/TMP_UiFrameRateCounter.cs
 0.1 kb	 0.0% Assets/TextMesh Pro/Examples & Extras/Scripts/TMP_TextInfoDebugTool.cs
 0.1 kb	 0.0% Packages/com.unity.visualscripting/Runtime/VisualScripting.State/SuperState.cs
 0.1 kb	 0.0% Packages/com.unity.visualscripting/Runtime/VisualScripting.State/StateUnit.cs
 0.1 kb	 0.0% Packages/com.unity.visualscripting/Runtime/VisualScripting.State/StateMachine.cs
 0.1 kb	 0.0% Packages/com.unity.visualscripting/Runtime/VisualScripting.State/StateGraph.cs
 0.1 kb	 0.0% Packages/com.unity.visualscripting/Runtime/VisualScripting.State/OnExitState.cs
 0.1 kb	 0.0% Packages/com.unity.visualscripting/Runtime/VisualScripting.State/OnEnterState.cs
 0.1 kb	 0.0% Packages/com.unity.visualscripting/Runtime/VisualScripting.State/INesterState.cs
 0.1 kb	 0.0% Packages/com.unity.visualscripting/Runtime/VisualScripting.State/FlowState.cs
 0.1 kb	 0.0% Packages/com.unity.visualscripting/Runtime/VisualScripting.Flow/UnitCategory.cs
 0.1 kb	 0.0% Packages/com.unity.visualscripting/Runtime/VisualScripting.Flow/SubgraphUnit.cs
 0.1 kb	 0.0% Packages/com.unity.visualscripting/Runtime/VisualScripting.Flow/Ports/ValueOutput.cs
 0.1 kb	 0.0% Packages/com.unity.visualscripting/Runtime/VisualScripting.Flow/Ports/ValueInput.cs
 0.1 kb	 0.0% Packages/com.unity.visualscripting/Runtime/VisualScripting.Flow/Ports/InvalidInput.cs
 0.1 kb	 0.0% Packages/com.unity.visualscripting/Runtime/VisualScripting.Flow/Ports/IUnitPort.cs
 0.1 kb	 0.0% Packages/com.unity.visualscripting/Runtime/VisualScripting.Flow/Ports/ControlInput.cs
 0.1 kb	 0.0% Packages/com.unity.visualscripting/Runtime/VisualScripting.Flow/INesterUnit.cs
 0.1 kb	 0.0% Packages/com.unity.visualscripting/Runtime/VisualScripting.Flow/Framework/Variables/SetVariable.cs
 0.1 kb	 0.0% Packages/com.unity.visualscripting/Runtime/VisualScripting.Flow/Framework/Variables/Obsolete/VariableUnit.cs
 0.1 kb	 0.0% Packages/com.unity.visualscripting/Runtime/VisualScripting.Flow/Framework/Variables/GetVariable.cs
 0.1 kb	 0.0% Packages/com.unity.visualscripting/Runtime/VisualScripting.Flow/Framework/Time/WaitForFlow.cs
 0.1 kb	 0.0% Packages/com.unity.visualscripting/Runtime/VisualScripting.Flow/Framework/Nulls/NullCoalesce.cs
 0.1 kb	 0.0% Packages/com.unity.visualscripting/Runtime/VisualScripting.Flow/Framework/Nulls/NullCheck.cs
 0.1 kb	 0.0% Packages/com.unity.visualscripting/Runtime/VisualScripting.Flow/Framework/Nesting/GraphOutput.cs
 0.1 kb	 0.0% Packages/com.unity.visualscripting/Runtime/VisualScripting.Flow/Framework/Nesting/GraphInput.cs
 0.1 kb	 0.0% Packages/com.unity.visualscripting/Runtime/VisualScripting.Flow/Framework/MissingType.cs
 0.1 kb	 0.0% Packages/com.unity.visualscripting/Runtime/VisualScripting.Flow/Framework/Math/Vector4/Vector4Sum.cs
 0.1 kb	 0.0% Packages/com.unity.visualscripting/Runtime/VisualScripting.Flow/Framework/Math/Vector4/Vector4Round.cs
 0.1 kb	 0.0% Packages/com.unity.visualscripting/Runtime/VisualScripting.Flow/Framework/Math/Vector4/Vector4Lerp.cs
 0.1 kb	 0.0% Packages/com.unity.visualscripting/Runtime/VisualScripting.Flow/Framework/Math/Vector3/Vector3Sum.cs
 0.1 kb	 0.0% Packages/com.unity.visualscripting/Runtime/VisualScripting.Flow/Framework/Math/Vector3/Vector3Round.cs
 0.1 kb	 0.0% Packages/com.unity.visualscripting/Runtime/VisualScripting.Flow/Framework/Math/Vector3/Vector3Lerp.cs
 0.1 kb	 0.0% Packages/com.unity.visualscripting/Runtime/VisualScripting.Flow/Framework/Math/Vector3/Vector3Angle.cs
 0.1 kb	 0.0% Packages/com.unity.visualscripting/Runtime/VisualScripting.Flow/Framework/Math/Vector2/Vector2Sum.cs
 0.1 kb	 0.0% Packages/com.unity.visualscripting/Runtime/VisualScripting.Flow/Framework/Math/Vector2/Vector2Round.cs
 0.1 kb	 0.0% Packages/com.unity.visualscripting/Runtime/VisualScripting.Flow/Framework/Math/Vector2/Vector2Lerp.cs
 0.1 kb	 0.0% Packages/com.unity.visualscripting/Runtime/VisualScripting.Flow/Framework/Math/Vector2/Vector2Angle.cs
 0.1 kb	 0.0% Packages/com.unity.visualscripting/Runtime/VisualScripting.Flow/Framework/Math/Scalar/ScalarSum.cs
 0.1 kb	 0.0% Packages/com.unity.visualscripting/Runtime/VisualScripting.Flow/Framework/Math/Scalar/ScalarRound.cs
 0.1 kb	 0.0% Packages/com.unity.visualscripting/Runtime/VisualScripting.Flow/Framework/Math/Scalar/ScalarRoot.cs
 0.1 kb	 0.0% Packages/com.unity.visualscripting/Runtime/VisualScripting.Flow/Framework/Math/Scalar/ScalarModulo.cs
 0.1 kb	 0.0% Packages/com.unity.visualscripting/Runtime/VisualScripting.Flow/Framework/Math/Scalar/ScalarLerp.cs
 0.1 kb	 0.0% Packages/com.unity.visualscripting/Runtime/VisualScripting.Flow/Framework/Math/Scalar/ScalarDivide.cs
 0.1 kb	 0.0% Packages/com.unity.visualscripting/Runtime/VisualScripting.Flow/Framework/Math/Generic/GenericSum.cs
 0.1 kb	 0.0% Packages/com.unity.visualscripting/Runtime/VisualScripting.Flow/Framework/Logic/LessOrEqual.cs
 0.1 kb	 0.0% Packages/com.unity.visualscripting/Runtime/VisualScripting.Flow/Framework/Logic/ExclusiveOr.cs
 0.1 kb	 0.0% Packages/com.unity.visualscripting/Runtime/VisualScripting.Flow/Framework/Logic/Comparison.cs
 0.1 kb	 0.0% Packages/com.unity.visualscripting/Runtime/VisualScripting.Flow/Framework/Events/Physics/OnJointBreak.cs
 0.1 kb	 0.0% Packages/com.unity.visualscripting/Runtime/VisualScripting.Flow/Framework/Events/Lifecycle/OnDisable.cs
 0.1 kb	 0.0% Packages/com.unity.visualscripting/Runtime/VisualScripting.Flow/Framework/Events/Lifecycle/OnDestroy.cs
 0.1 kb	 0.0% Packages/com.unity.visualscripting/Runtime/VisualScripting.Flow/Framework/Events/Lifecycle/LateUpdate.cs
 0.1 kb	 0.0% Packages/com.unity.visualscripting/Runtime/VisualScripting.Flow/Framework/Events/Lifecycle/FixedUpdate.cs
 0.1 kb	 0.0% Packages/com.unity.visualscripting/Runtime/VisualScripting.Flow/Framework/Events/Input/OnMouseUp.cs
 0.1 kb	 0.0% Packages/com.unity.visualscripting/Runtime/VisualScripting.Flow/Framework/Events/Input/OnMouseOver.cs
 0.1 kb	 0.0% Packages/com.unity.visualscripting/Runtime/VisualScripting.Flow/Framework/Events/Input/OnMouseInput.cs
 0.1 kb	 0.0% Packages/com.unity.visualscripting/Runtime/VisualScripting.Flow/Framework/Events/Input/OnMouseExit.cs
 0.1 kb	 0.0% Packages/com.unity.visualscripting/Runtime/VisualScripting.Flow/Framework/Events/Input/OnMouseEnter.cs
 0.1 kb	 0.0% Packages/com.unity.visualscripting/Runtime/VisualScripting.Flow/Framework/Events/Input/OnMouseDrag.cs
 0.1 kb	 0.0% Packages/com.unity.visualscripting/Runtime/VisualScripting.Flow/Framework/Events/Input/OnMouseDown.cs
 0.1 kb	 0.0% Packages/com.unity.visualscripting/Runtime/VisualScripting.Flow/Framework/Events/IEventUnit.cs
 0.1 kb	 0.0% Packages/com.unity.visualscripting/Runtime/VisualScripting.Flow/Framework/Events/GUI/OnPointerUp.cs
 0.1 kb	 0.0% Packages/com.unity.visualscripting/Runtime/VisualScripting.Flow/Framework/Events/GUI/OnEndDrag.cs
 0.1 kb	 0.0% Packages/com.unity.visualscripting/Runtime/VisualScripting.Flow/Framework/Events/GUI/OnDeselect.cs
 0.1 kb	 0.0% Packages/com.unity.visualscripting/Runtime/VisualScripting.Flow/Framework/Events/GUI/OnBeginDrag.cs
 0.1 kb	 0.0% Packages/com.unity.visualscripting/Runtime/VisualScripting.Flow/Framework/Events/Editor/OnDrawGizmos.cs
 0.1 kb	 0.0% Packages/com.unity.visualscripting/Runtime/VisualScripting.Flow/Framework/Events/CustomEvent.cs
 0.1 kb	 0.0% Packages/com.unity.visualscripting/Runtime/VisualScripting.Flow/Framework/Events/Animation/OnAnimatorIK.cs
 0.1 kb	 0.0% Packages/com.unity.visualscripting/Runtime/VisualScripting.Flow/Framework/Control/ToggleValue.cs
 0.1 kb	 0.0% Packages/com.unity.visualscripting/Runtime/VisualScripting.Flow/Framework/Control/ToggleFlow.cs
 0.1 kb	 0.0% Packages/com.unity.visualscripting/Runtime/VisualScripting.Flow/Framework/Control/SwitchOnEnum.cs
 0.1 kb	 0.0% Packages/com.unity.visualscripting/Runtime/VisualScripting.Flow/Framework/Control/SelectUnit_T.cs
 0.1 kb	 0.0% Packages/com.unity.visualscripting/Runtime/VisualScripting.Flow/Framework/Control/SelectUnit.cs
 0.1 kb	 0.0% Packages/com.unity.visualscripting/Runtime/VisualScripting.Flow/Framework/Control/SelectOnFlow.cs
 0.1 kb	 0.0% Packages/com.unity.visualscripting/Runtime/VisualScripting.Flow/Framework/Control/SelectOnEnum.cs
 0.1 kb	 0.0% Packages/com.unity.visualscripting/Runtime/VisualScripting.Flow/Framework/Control/ISelectUnit.cs
 0.1 kb	 0.0% Packages/com.unity.visualscripting/Runtime/VisualScripting.Flow/Framework/Control/IBranchUnit.cs
 0.1 kb	 0.0% Packages/com.unity.visualscripting/Runtime/VisualScripting.Flow/Framework/Collections/Lists/SetListItem.cs
 0.1 kb	 0.0% Packages/com.unity.visualscripting/Runtime/VisualScripting.Flow/Framework/Collections/Lists/MergeLists.cs
 0.1 kb	 0.0% Packages/com.unity.visualscripting/Runtime/VisualScripting.Flow/Framework/Collections/Lists/GetListItem.cs
 0.1 kb	 0.0% Packages/com.unity.visualscripting/Runtime/VisualScripting.Flow/Framework/Collections/Lists/CreateList.cs
 0.1 kb	 0.0% Packages/com.unity.visualscripting/Runtime/VisualScripting.Flow/Framework/Collections/Lists/ClearList.cs
 0.1 kb	 0.0% Packages/com.unity.visualscripting/Runtime/VisualScripting.Flow/Framework/Collections/Lists/AddListItem.cs
 0.1 kb	 0.0% Packages/com.unity.visualscripting/Runtime/VisualScripting.Flow/Framework/Collections/FirstItem.cs
 0.1 kb	 0.0% Packages/com.unity.visualscripting/Runtime/VisualScripting.Flow/Framework/Collections/CountItems.cs
 0.1 kb	 0.0% Packages/com.unity.visualscripting/Runtime/VisualScripting.Flow/Framework/Codebase/SetMember.cs
 0.1 kb	 0.0% Packages/com.unity.visualscripting/Runtime/VisualScripting.Flow/Framework/Codebase/MemberUnit.cs
 0.1 kb	 0.0% Packages/com.unity.visualscripting/Runtime/VisualScripting.Flow/Framework/Codebase/InvokeMember.cs
 0.1 kb	 0.0% Packages/com.unity.visualscripting/Runtime/VisualScripting.Flow/Framework/Codebase/GetMember.cs
 0.1 kb	 0.0% Packages/com.unity.visualscripting/Runtime/VisualScripting.Flow/Framework/Codebase/CreateStruct.cs
 0.1 kb	 0.0% Packages/com.unity.visualscripting/Runtime/VisualScripting.Flow/FlowGraph.cs
 0.1 kb	 0.0% Packages/com.unity.visualscripting/Runtime/VisualScripting.Flow/Connections/UnitRelation.cs
 0.1 kb	 0.0% Packages/com.unity.visualscripting/Runtime/VisualScripting.Core/Variables/Variables.cs
 0.1 kb	 0.0% Packages/com.unity.visualscripting/Runtime/VisualScripting.Core/Utilities/Recursion.cs
 0.1 kb	 0.0% Packages/com.unity.visualscripting/Runtime/VisualScripting.Core/Utilities/LinqUtility.cs
 0.1 kb	 0.0% Packages/com.unity.visualscripting/Runtime/VisualScripting.Core/Utilities/IGettable.cs
 0.1 kb	 0.0% Packages/com.unity.visualscripting/Runtime/VisualScripting.Core/Utilities/HashUtility.cs
 0.1 kb	 0.0% Packages/com.unity.visualscripting/Runtime/VisualScripting.Core/Utilities/EnumUtility.cs
 0.1 kb	 0.0% Packages/com.unity.visualscripting/Runtime/VisualScripting.Core/Unity/UnityThread.cs
 0.1 kb	 0.0% Packages/com.unity.visualscripting/Runtime/VisualScripting.Core/Unity/ISingleton.cs
 0.1 kb	 0.0% Packages/com.unity.visualscripting/Runtime/VisualScripting.Core/Unity/IGizmoDrawer.cs
 0.1 kb	 0.0% Packages/com.unity.visualscripting/Runtime/VisualScripting.Core/StickyNote/StickyNote.cs
 0.1 kb	 0.0% Packages/com.unity.visualscripting/Runtime/VisualScripting.Core/Serialization/Converters/RayConverter.cs
 0.1 kb	 0.0% Packages/com.unity.visualscripting/Runtime/VisualScripting.Core/Reflection/TypeUtility.cs
 0.1 kb	 0.0% Packages/com.unity.visualscripting/Runtime/VisualScripting.Core/Reflection/TypeFilter.cs
 0.1 kb	 0.0% Packages/com.unity.visualscripting/Runtime/VisualScripting.Core/Reflection/Optimization/InvokerBase.cs
 0.1 kb	 0.0% Packages/com.unity.visualscripting/Runtime/VisualScripting.Core/Reflection/Operators/PlusHandler.cs
 0.1 kb	 0.0% Packages/com.unity.visualscripting/Runtime/VisualScripting.Core/Reflection/Operators/OrHandler.cs
 0.1 kb	 0.0% Packages/com.unity.visualscripting/Runtime/VisualScripting.Core/Reflection/Operators/AndHandler.cs
 0.1 kb	 0.0% Packages/com.unity.visualscripting/Runtime/VisualScripting.Core/Reflection/Namespace.cs
 0.1 kb	 0.0% Packages/com.unity.visualscripting/Runtime/VisualScripting.Core/Reflection/MemberFilter.cs
 0.1 kb	 0.0% Packages/com.unity.visualscripting/Runtime/VisualScripting.Core/Reflection/IPrewarmable.cs
 0.1 kb	 0.0% Packages/com.unity.visualscripting/Runtime/VisualScripting.Core/Pooling/IPoolable.cs
 0.1 kb	 0.0% Packages/com.unity.visualscripting/Runtime/VisualScripting.Core/Groups/GraphGroup.cs
 0.1 kb	 0.0% Packages/com.unity.visualscripting/Runtime/VisualScripting.Core/Graphs/IGraphRoot.cs
 0.1 kb	 0.0% Packages/com.unity.visualscripting/Runtime/VisualScripting.Core/Graphs/IGraphParent.cs
 0.1 kb	 0.0% Packages/com.unity.visualscripting/Runtime/VisualScripting.Core/Graphs/IGraphNester.cs
 0.1 kb	 0.0% Packages/com.unity.visualscripting/Runtime/VisualScripting.Core/Graphs/IGraphNest.cs
 0.1 kb	 0.0% Packages/com.unity.visualscripting/Runtime/VisualScripting.Core/Graphs/IGraphItem.cs
 0.1 kb	 0.0% Packages/com.unity.visualscripting/Runtime/VisualScripting.Core/Graphs/IGraphData.cs
 0.1 kb	 0.0% Packages/com.unity.visualscripting/Runtime/VisualScripting.Core/Graphs/GraphStack.cs
 0.1 kb	 0.0% Packages/com.unity.visualscripting/Runtime/VisualScripting.Core/Graphs/GraphPointer.cs
 0.1 kb	 0.0% Packages/com.unity.visualscripting/Runtime/VisualScripting.Core/Exceptions/DebugUtility.cs
 0.1 kb	 0.0% Packages/com.unity.visualscripting/Runtime/VisualScripting.Core/Events/IEventGraph.cs
 0.1 kb	 0.0% Packages/com.unity.visualscripting/Runtime/VisualScripting.Core/Events/EventHooks.cs
 0.1 kb	 0.0% Packages/com.unity.visualscripting/Runtime/VisualScripting.Core/Events/EventHook.cs
 0.1 kb	 0.0% Packages/com.unity.visualscripting/Runtime/VisualScripting.Core/Ensure/Extensions/XComparable.cs
 0.1 kb	 0.0% Packages/com.unity.visualscripting/Runtime/VisualScripting.Core/Ensure/EnsureThat.cs
 0.1 kb	 0.0% Packages/com.unity.visualscripting/Runtime/VisualScripting.Core/Cloning/Cloners/ListCloner.cs
 0.1 kb	 0.0% Packages/com.unity.visualscripting/Runtime/VisualScripting.Core/Cloning/Cloners/FieldsCloner.cs
 0.1 kb	 0.0% Packages/com.unity.visualscripting/Runtime/VisualScripting.Core/Cloning/Cloners/ArrayCloner.cs
 0.1 kb	 0.0% Packages/com.unity.ugui/Runtime/UGUI/UI/Animation/CoroutineTween.cs
 0.1 kb	 0.0% Packages/com.unity.ugui/Runtime/UGUI/EventSystem/EventInterfaces.cs
 0.1 kb	 0.0% Packages/com.unity.ugui/Runtime/TMP/TMPro_ExtensionMethods.cs
 0.1 kb	 0.0% Packages/com.unity.ugui/Runtime/TMP/TMP_TextParsingUtilities.cs
 0.1 kb	 0.0% Packages/com.unity.ugui/Runtime/TMP/TMP_TextElement_Legacy.cs
 0.1 kb	 0.0% Packages/com.unity.ugui/Runtime/TMP/TMP_FontAssetUtilities.cs
 0.1 kb	 0.0% Packages/com.unity.ugui/Runtime/TMP/MaterialReferenceManager.cs
 0.1 kb	 0.0% Packages/com.unity.ugui/Runtime/TMP/FontFeatureCommonGSUB.cs
 0.1 kb	 0.0% Packages/com.unity.timeline/Runtime/Utilities/IPropertyCollector.cs
 0.1 kb	 0.0% Packages/com.unity.timeline/Runtime/Utilities/AnimatorBindingCache.cs
 0.1 kb	 0.0% Packages/com.unity.timeline/Runtime/Playables/TimeControlPlayable.cs
 0.1 kb	 0.0% Packages/com.unity.timeline/Runtime/Extensions/SelectionExtensions.cs
 0.1 kb	 0.0% Packages/com.unity.timeline/Runtime/Evaluation/ScheduleRuntimeClip.cs
 0.1 kb	 0.0% Packages/com.unity.timeline/Runtime/Evaluation/InfiniteRuntimeClip.cs
 0.1 kb	 0.0% Packages/com.unity.timeline/Runtime/Control/ControlPlayableAsset.cs
 0.1 kb	 0.0% Packages/com.unity.timeline/Runtime/Audio/AudioPlayableAsset.cs
 0.1 kb	 0.0% Packages/com.unity.timeline/Runtime/Audio/AudioMixerProperties.cs
 0.1 kb	 0.0% Packages/com.unity.timeline/Runtime/Audio/AudioClipProperties.cs
 0.1 kb	 0.0% Packages/com.unity.timeline/Runtime/Attributes/TrackColorAttribute.cs
 0.1 kb	 0.0% Packages/com.unity.splines/Runtime/SplineInstantiate.cs
 0.1 kb	 0.0% Packages/com.unity.splines/Runtime/PropertyAttributes.cs
 0.1 kb	 0.0% Packages/com.unity.splines/Runtime/KnotLinkCollection.cs
 0.1 kb	 0.0% Packages/com.unity.splines/Runtime/InterpolatorsUtility.cs
 0.1 kb	 0.0% Packages/com.unity.splines/Runtime/EmbeddedSplineData.cs
 0.1 kb	 0.0% Packages/com.unity.services.core/Runtime/Core.Internal/Components/Vivox/IVivox.cs
 0.1 kb	 0.0% Packages/com.unity.render-pipelines.universal/Runtime/2D/Sources/Provider2DInfo.cs
 0.1 kb	 0.0% Packages/com.unity.render-pipelines.universal/Runtime/2D/Shadows/Shadow Provider Utility/VertexDictionary.cs
 0.1 kb	 0.0% Packages/com.unity.render-pipelines.core/Runtime/Vrs/VrsLut.cs
 0.1 kb	 0.0% Packages/com.unity.render-pipelines.core/Runtime/Volume/Volume.cs
 0.1 kb	 0.0% Packages/com.unity.render-pipelines.core/Runtime/Utilities/GPUSort/GPUSort.cs
 0.1 kb	 0.0% Packages/com.unity.render-pipelines.core/Runtime/Utilities/FSRUtils.cs
 0.1 kb	 0.0% Packages/com.unity.render-pipelines.core/Runtime/Utilities/Blitter.cs
 0.1 kb	 0.0% Packages/com.unity.render-pipelines.core/Runtime/Textures/RTHandle.cs
 0.1 kb	 0.0% Packages/com.unity.render-pipelines.core/Runtime/PathTracing/PathTracingUtil.cs
 0.1 kb	 0.0% Packages/com.unity.render-pipelines.core/Runtime/Lighting/SurfaceCache/SurfaceCache.cs
 0.1 kb	 0.0% Packages/com.unity.render-pipelines.core/Runtime/Debugging/DebugUI.cs
 0.1 kb	 0.0% Packages/com.unity.probuilder/Runtime/Core/UvAutoManualConversion.cs
 0.1 kb	 0.0% Packages/com.unity.probuilder/External/Poly2Tri/Triangulation/Sets/PointSet.cs
 0.1 kb	 0.0% Packages/com.unity.probuilder/External/Poly2Tri/Triangulation/Delaunay/Sweep/DTSweep.cs
 0.1 kb	 0.0% Packages/com.unity.probuilder/External/Poly2Tri/Polygon/Polygon.cs
 0.1 kb	 0.0% Packages/com.unity.physics/Unity.Physics/Numerics/Memory/Allocator.cs
 0.1 kb	 0.0% Packages/com.unity.physics/Unity.Physics.Hybrid/Utilities/DrawingUtility.cs
 0.1 kb	 0.0% Packages/com.unity.physics/Unity.Physics.Hybrid/Utilities/DebugDisplay/DebugMeshCache.cs
 0.1 kb	 0.0% Packages/com.unity.physics/Unity.Physics.Hybrid/EntitiesBaking/BakingSystems/BasePhysicsBaker.cs
 0.1 kb	 0.0% Packages/com.unity.inputsystem/InputSystem/Runtime/Utilities/DynamicBitfield.cs
 0.1 kb	 0.0% Packages/com.unity.inputsystem/InputSystem/Runtime/State/InputState.cs
 0.1 kb	 0.0% Packages/com.unity.inputsystem/InputSystem/Runtime/Plugins/WebGL/WebGLSupport.cs
 0.1 kb	 0.0% Packages/com.unity.inputsystem/InputSystem/Runtime/Plugins/WebGL/WebGLGamepad.cs
 0.1 kb	 0.0% Packages/com.unity.inputsystem/InputSystem/Runtime/Plugins/Users/InputUser.cs
 0.1 kb	 0.0% Packages/com.unity.inputsystem/InputSystem/Runtime/Plugins/Linux/LinuxSupport.cs
 0.1 kb	 0.0% Packages/com.unity.inputsystem/InputSystem/Runtime/Plugins/EnhancedTouch/Touch.cs
 0.1 kb	 0.0% Packages/com.unity.inputsystem/InputSystem/Runtime/Plugins/EnhancedTouch/Finger.cs
 0.1 kb	 0.0% Packages/com.unity.inputsystem/InputSystem/Runtime/InputSystemState.cs
 0.1 kb	 0.0% Packages/com.unity.inputsystem/InputSystem/Runtime/InputSettings.cs
 0.1 kb	 0.0% Packages/com.unity.inputsystem/InputSystem/Runtime/InputMetrics.cs
 0.1 kb	 0.0% Packages/com.unity.inputsystem/InputSystem/Runtime/InputExtensions.cs
 0.1 kb	 0.0% Packages/com.unity.inputsystem/InputSystem/Runtime/InputAnalytics.cs
 0.1 kb	 0.0% Packages/com.unity.inputsystem/InputSystem/Runtime/Events/TextEvent.cs
 0.1 kb	 0.0% Packages/com.unity.inputsystem/InputSystem/Runtime/Events/StateEvent.cs
 0.1 kb	 0.0% Packages/com.unity.inputsystem/InputSystem/Runtime/Events/InputEvent.cs
 0.1 kb	 0.0% Packages/com.unity.inputsystem/InputSystem/Runtime/Events/ActionEvent.cs
 0.1 kb	 0.0% Packages/com.unity.inputsystem/InputSystem/Runtime/Devices/TrackedDevice.cs
 0.1 kb	 0.0% Packages/com.unity.inputsystem/InputSystem/Runtime/Devices/Remote/InputRemoting.cs
 0.1 kb	 0.0% Packages/com.unity.inputsystem/InputSystem/Runtime/Devices/Precompiled/FastTouchscreen.cs
 0.1 kb	 0.0% Packages/com.unity.inputsystem/InputSystem/Runtime/Devices/Precompiled/FastMouse.partial.cs
 0.1 kb	 0.0% Packages/com.unity.inputsystem/InputSystem/Runtime/Devices/IEventMerger.cs
 0.1 kb	 0.0% Packages/com.unity.inputsystem/InputSystem/Runtime/Controls/TouchControl.cs
 0.1 kb	 0.0% Packages/com.unity.inputsystem/InputSystem/Runtime/Controls/StickControl.cs
 0.1 kb	 0.0% Packages/com.unity.inputsystem/InputSystem/Runtime/Controls/KeyControl.cs
 0.1 kb	 0.0% Packages/com.unity.inputsystem/InputSystem/Runtime/Controls/InputProcessor.cs
 0.1 kb	 0.0% Packages/com.unity.inputsystem/InputSystem/Runtime/Controls/InputControlPath.cs
 0.1 kb	 0.0% Packages/com.unity.inputsystem/InputSystem/Runtime/Controls/DpadControl.cs
 0.1 kb	 0.0% Packages/com.unity.inputsystem/InputSystem/Runtime/Controls/DeltaControl.cs
 0.1 kb	 0.0% Packages/com.unity.inputsystem/InputSystem/Runtime/Controls/AxisControl.cs
 0.1 kb	 0.0% Packages/com.unity.inputsystem/InputSystem/Runtime/Actions/InputActionState.cs
 0.1 kb	 0.0% Packages/com.unity.inputsystem/InputSystem/Runtime/Actions/InputActionMap.cs
 0.1 kb	 0.0% Packages/com.unity.inputsystem/InputSystem/Runtime/Actions/InputActionAsset.cs
 0.1 kb	 0.0% Packages/com.unity.inputsystem/InputSystem/Editor/UITKAssetEditor/Views/Selectors.cs
 0.1 kb	 0.0% Packages/com.unity.inputsystem/InputSystem/Editor/UITKAssetEditor/Views/ContextMenu.cs
 0.1 kb	 0.0% Packages/com.unity.inputsystem/InputSystem/Editor/Internal/GUIHelpers.cs
 0.1 kb	 0.0% Packages/com.unity.entities/Unity.Transforms/EndFrameTransformSystems.cs
 0.1 kb	 0.0% Packages/com.unity.entities/Unity.Entities/Serialization/SerializeUtility.cs
 0.1 kb	 0.0% Packages/com.unity.entities/Unity.Entities/Serialization/BinarySerialization.cs
 0.1 kb	 0.0% Packages/com.unity.entities/Unity.Entities/Serialization/Binary/Utility/PropertyWrapper.cs
 0.1 kb	 0.0% Packages/com.unity.entities/Unity.Entities/Serialization/Binary/Utility/PropertyChecks.cs
 0.1 kb	 0.0% Packages/com.unity.entities/Unity.Entities/ProfilerModules/MemoryProfiler+BytesCounter.cs
 0.1 kb	 0.0% Packages/com.unity.entities/Unity.Entities/ProfilerModules/EntitiesProfiler+WorldData.cs
 0.1 kb	 0.0% Packages/com.unity.entities/Unity.Entities/ProfilerModules/EntitiesProfiler+SystemData.cs
 0.1 kb	 0.0% Packages/com.unity.entities/Unity.Entities/ProfilerModules/EntitiesProfiler+StaticData.cs
 0.1 kb	 0.0% Packages/com.unity.entities/Unity.Entities/Journaling/EntitiesJournaling+State.cs
 0.1 kb	 0.0% Packages/com.unity.entities/Unity.Entities/Iterators/ChunkDataGatherJobs.cs
 0.1 kb	 0.0% Packages/com.unity.entities/Unity.Entities/ForeachQueryEnumerable.cs
 0.1 kb	 0.0% Packages/com.unity.entities/Unity.Entities/EntityCommandBufferDebug.cs
 0.1 kb	 0.0% Packages/com.unity.entities/Unity.Entities/Diff/EntityDifferValidation.cs
 0.1 kb	 0.0% Packages/com.unity.entities/Unity.Entities/Diff/EntityDifferEntityInChunkChanges.cs
 0.1 kb	 0.0% Packages/com.unity.dt.app-ui/Runtime/UI/Manipulators/KeyboardFocusController.cs
 0.1 kb	 0.0% Packages/com.unity.dt.app-ui/Runtime/UI/Extensions/VisualElementExtensions.cs
 0.1 kb	 0.0% Packages/com.unity.dt.app-ui/Runtime/UI/Extensions/PointerEventExtensions.cs
 0.1 kb	 0.0% Packages/com.unity.dt.app-ui/Runtime/UI/Exceptions/ValueOutOfRangeException.cs
 0.1 kb	 0.0% Packages/com.unity.dt.app-ui/Runtime/UI/Events/RuntimeContextMenuEvent.cs
 0.1 kb	 0.0% Packages/com.unity.dt.app-ui/Runtime/UI/Attributes/UxmlFilePathAttribute.cs
 0.1 kb	 0.0% Packages/com.unity.dt.app-ui/Runtime/Redux/Exceptions.cs
 0.1 kb	 0.0% Packages/com.unity.dt.app-ui/Runtime/Core/PinchGestureRecognizer.cs
 0.1 kb	 0.0% Packages/com.unity.dt.app-ui/Runtime/Core/AppUIManagerBehaviour.cs
 0.1 kb	 0.0% Packages/com.unity.collections/Unity.Collections/UnsafeQueue.cs
 0.1 kb	 0.0% Packages/com.unity.collections/Unity.Collections/NativeHashMap.cs
 0.1 kb	 0.0% Packages/com.unity.collections/Unity.Collections/FixedStringFormat.gen.cs
 0.1 kb	 0.0% Packages/com.unity.collections/Unity.Collections/FixedString.gen.cs
 0.1 kb	 0.0% Packages/com.unity.cinemachine/Runtime/SaveDuringPlay/Attributes.cs
 0.1 kb	 0.0% Packages/com.unity.behavior/Runtime/Execution/Nodes/Joins/ParallelWaitComposite.cs
 0.1 kb	 0.0% Packages/com.unity.ai.assistant/Modules/Unity.AI.Tracing/AssemblyInfo.cs
 0.1 kb	 0.0% Packages/com.unity.visualscripting/DocCodeExamples/VariableExamples.cs
 0.1 kb	 0.0% Packages/com.unity.visualscripting/DocCodeExamples/EventBusExamples.cs
 0.1 kb	 0.0% Packages/com.unity.ugui/Runtime/UGUI/UI/Core/SetPropertyUtility.cs
 0.1 kb	 0.0% Packages/com.unity.ugui/Runtime/UGUI/UI/Core/MaterialModifiers/IMaterialModifier.cs
 0.1 kb	 0.0% Packages/com.unity.ugui/Runtime/UGUI/UI/Core/Layout/VerticalLayoutGroup.cs
 0.1 kb	 0.0% Packages/com.unity.ugui/Runtime/UGUI/UI/Core/Layout/ContentSizeFitter.cs
 0.1 kb	 0.0% Packages/com.unity.ugui/Runtime/UGUI/UI/Core/Layout/AspectRatioFitter.cs
 0.1 kb	 0.0% Packages/com.unity.ugui/Runtime/UGUI/UI/Core/FontUpdateTracker.cs
 0.1 kb	 0.0% Packages/com.unity.ugui/Runtime/UGUI/UI/Core/CanvasUpdateRegistry.cs
 0.1 kb	 0.0% Packages/com.unity.ugui/Runtime/UGUI/UI/Core/AnimationTriggers.cs
 0.1 kb	 0.0% Packages/com.unity.ugui/Runtime/UGUI/EventSystem/UIElements/PanelRaycaster.cs
 0.1 kb	 0.0% Packages/com.unity.ugui/Runtime/UGUI/EventSystem/Raycasters/PhysicsRaycaster.cs
 0.1 kb	 0.0% Packages/com.unity.ugui/Runtime/UGUI/EventSystem/Raycasters/BaseRaycaster.cs
 0.1 kb	 0.0% Packages/com.unity.ugui/Runtime/UGUI/EventSystem/RaycasterManager.cs
 0.1 kb	 0.0% Packages/com.unity.ugui/Runtime/UGUI/EventSystem/RaycastResult.cs
 0.1 kb	 0.0% Packages/com.unity.ugui/Runtime/UGUI/EventSystem/InputModules/TouchInputModule.cs
 0.1 kb	 0.0% Packages/com.unity.ugui/Runtime/UGUI/EventSystem/InputModules/BaseInputModule.cs
 0.1 kb	 0.0% Packages/com.unity.ugui/Runtime/UGUI/EventSystem/ExecuteEvents.cs
 0.1 kb	 0.0% Packages/com.unity.ugui/Runtime/UGUI/EventSystem/EventData/PointerEventData.cs
 0.1 kb	 0.0% Packages/com.unity.ugui/Runtime/UGUI/EventSystem/EventData/BaseEventData.cs
 0.1 kb	 0.0% Packages/com.unity.ugui/Runtime/UGUI/EventSystem/EventData/AxisEventData.cs
 0.1 kb	 0.0% Packages/com.unity.ugui/Runtime/TMP/TMP_TextProcessingStack.cs
 0.1 kb	 0.0% Packages/com.unity.ugui/Runtime/TMP/TMP_FontFeaturesCommon.cs
 0.1 kb	 0.0% Packages/com.unity.timeline/Runtime/Extensions/TrackExtensions.cs
 0.1 kb	 0.0% Packages/com.unity.timeline/Runtime/ClipCaps.cs
 0.1 kb	 0.0% Packages/com.unity.services.core/Runtime/Core/Utils/UnityThreadUtils.cs
 0.1 kb	 0.0% Packages/com.unity.services.core/Runtime/Core/UnityServices.cs
 0.1 kb	 0.0% Packages/com.unity.services.core/Runtime/Core/IUnityServices.cs
 0.1 kb	 0.0% Packages/com.unity.services.core/Runtime/Core/CommonErrorCodes.cs
 0.1 kb	 0.0% Packages/com.unity.services.core/Runtime/Core.Internal/Components/Wire/IWire.cs
 0.1 kb	 0.0% Packages/com.unity.services.core/Runtime/Core.Internal/Components/Wire/IChannel.cs
 0.1 kb	 0.0% Packages/com.unity.services.authentication/Runtime/Models/Responses/User.cs
 0.1 kb	 0.0% Packages/com.unity.render-pipelines.core/Runtime/UnifiedRayTracing/Compute/RadeonRays/Scan.cs
 0.1 kb	 0.0% Packages/com.unity.render-pipelines.core/Runtime/PathTracing/World.cs
 0.1 kb	 0.0% Packages/com.unity.render-pipelines.core/Runtime/Lights/LightAnchor.cs
 0.1 kb	 0.0% Packages/com.unity.render-pipelines.core/Runtime/GPUDriven/Utilities/AABB.cs
 0.1 kb	 0.0% Packages/com.unity.probuilder/Runtime/MeshOperations/Bevel.cs
 0.1 kb	 0.0% Packages/com.unity.probuilder/Runtime/Core/UnwrapParameters.cs
 0.1 kb	 0.0% Packages/com.unity.probuilder/Runtime/Core/TriggerBehaviour.cs
 0.1 kb	 0.0% Packages/com.unity.probuilder/Runtime/Core/TransformUtility.cs
 0.1 kb	 0.0% Packages/com.unity.probuilder/Runtime/Core/ShapeGenerator.cs
 0.1 kb	 0.0% Packages/com.unity.probuilder/Runtime/Core/SelectionPicker.cs
 0.1 kb	 0.0% Packages/com.unity.probuilder/Runtime/Core/SelectPathFaces.cs
 0.1 kb	 0.0% Packages/com.unity.probuilder/Runtime/Core/ProBuilderMesh.cs
 0.1 kb	 0.0% Packages/com.unity.probuilder/Runtime/Core/PreferenceKeys.cs
 0.1 kb	 0.0% Packages/com.unity.probuilder/Runtime/Core/MaterialUtility.cs
 0.1 kb	 0.0% Packages/com.unity.probuilder/Runtime/Core/InternalUtility.cs
 0.1 kb	 0.0% Packages/com.unity.probuilder/Runtime/Core/HandleUtility.cs
 0.1 kb	 0.0% Packages/com.unity.probuilder/Runtime/Core/FaceRebuildData.cs
 0.1 kb	 0.0% Packages/com.unity.probuilder/Runtime/Core/EntityBehaviour.cs
 0.1 kb	 0.0% Packages/com.unity.probuilder/Runtime/Core/BuiltinMaterials.cs
 0.1 kb	 0.0% Packages/com.unity.physics/Unity.Physics/Numerics/Memory/Block.cs
 0.1 kb	 0.0% Packages/com.unity.physics/Unity.Physics/ECS/Base/Systems/PhysicsWorldData.cs
 0.1 kb	 0.0% Packages/com.unity.physics/Unity.Physics/ECS/Base/Components/PhysicsComponents.cs
 0.1 kb	 0.0% Packages/com.unity.physics/Unity.Physics/Dynamics/Simulation/ITriggerEventsJob.cs
 0.1 kb	 0.0% Packages/com.unity.physics/Unity.Physics/Dynamics/Simulation/IImpulseEventJob.cs
 0.1 kb	 0.0% Packages/com.unity.physics/Unity.Physics/Dynamics/Simulation/ICollisionEventsJob.cs
 0.1 kb	 0.0% Packages/com.unity.physics/Unity.Physics/Dynamics/Jacobians/LinearLimitJacobian.cs
 0.1 kb	 0.0% Packages/com.unity.physics/Unity.Physics/Collision/Geometry/ConvexHullBuilder.cs
 0.1 kb	 0.0% Packages/com.unity.physics/Unity.Physics/Base/Math/FourTransposedAabbs.cs
 0.1 kb	 0.0% Packages/com.unity.physics/Unity.Physics.Hybrid/Assets/DebugDisplay/TriangleBuffer.cs
 0.1 kb	 0.0% Packages/com.unity.inputsystem/InputSystem/Runtime/Utilities/FourCC.cs
 0.1 kb	 0.0% Packages/com.unity.inputsystem/InputSystem/Runtime/Plugins/iOS/iOSSupport.cs
 0.1 kb	 0.0% Packages/com.unity.inputsystem/InputSystem/Runtime/Plugins/XR/XRSupport.cs
 0.1 kb	 0.0% Packages/com.unity.inputsystem/InputSystem/Runtime/Plugins/XR/GenericXRDevice.cs
 0.1 kb	 0.0% Packages/com.unity.inputsystem/InputSystem/Runtime/Plugins/XR/Devices/WindowsMR.cs
 0.1 kb	 0.0% Packages/com.unity.inputsystem/InputSystem/Runtime/Plugins/UI/UISupport.cs
 0.1 kb	 0.0% Packages/com.unity.inputsystem/InputSystem/Runtime/Plugins/UI/PointerModel.cs
 0.1 kb	 0.0% Packages/com.unity.inputsystem/InputSystem/Runtime/Plugins/OSX/OSXSupport.cs
 0.1 kb	 0.0% Packages/com.unity.inputsystem/InputSystem/Runtime/Plugins/HID/HIDSupport.cs
 0.1 kb	 0.0% Packages/com.unity.inputsystem/InputSystem/Runtime/Plugins/HID/HIDParser.cs
 0.1 kb	 0.0% Packages/com.unity.entities/Unity.Transforms/PostTransformMatrix.cs
 0.1 kb	 0.0% Packages/com.unity.entities/Unity.Transforms/LocalToWorldSystem.cs
 0.1 kb	 0.0% Packages/com.unity.entities/Unity.Scenes/LiveConversionPatcher.cs
 0.1 kb	 0.0% Packages/com.unity.entities/Unity.Scenes/Hybrid/SerializeUtilityHybrid.cs
 0.1 kb	 0.0% Packages/com.unity.entities/Unity.Scenes/Hybrid/ReferencedUnityObjects.cs
 0.1 kb	 0.0% Packages/com.unity.entities/Unity.Scenes/AsyncLoadSceneOperation.cs
 0.1 kb	 0.0% Packages/com.unity.entities/Unity.Mathematics.Extensions/MinMaxAABB.cs
 0.1 kb	 0.0% Packages/com.unity.entities/Unity.Entities/WorldDebuggingTools.cs
 0.1 kb	 0.0% Packages/com.unity.entities/Unity.Entities/Types/SceneTagComponent.cs
 0.1 kb	 0.0% Packages/com.unity.entities/Unity.Entities/Types/ArchetypeChunkData.cs
 0.1 kb	 0.0% Packages/com.unity.entities/Unity.Entities/SystemBaseRegistry.cs
 0.1 kb	 0.0% Packages/com.unity.entities/Unity.Entities/ScratchpadAllocator.cs
 0.1 kb	 0.0% Packages/com.unity.entities/Unity.Entities/RuntimeApplication.cs
 0.1 kb	 0.0% Packages/com.unity.entities/Unity.Entities/Properties/ManagedObjectRemap.cs
 0.1 kb	 0.0% Packages/com.unity.entities/Unity.Entities/Properties/ManagedObjectEquals.cs
 0.1 kb	 0.0% Packages/com.unity.entities/Unity.Entities/Properties/ManagedObjectClone.cs
 0.1 kb	 0.0% Packages/com.unity.entities/Unity.Entities/Properties/ManagedObjectBlobs.cs
 0.1 kb	 0.0% Packages/com.unity.entities/Unity.Entities/ProfilerModules/EntitiesProfiler+DataTag.cs
 0.1 kb	 0.0% Packages/com.unity.entities/Unity.Entities/Journaling/EntitiesJournaling.cs
 0.1 kb	 0.0% Packages/com.unity.entities/Unity.Entities/Iterators/EntityQueryManager.cs
 0.1 kb	 0.0% Packages/com.unity.entities/Unity.Entities/Iterators/EntityQueryFilter.cs
 0.1 kb	 0.0% Packages/com.unity.entities/Unity.Entities/Iterators/EntityQueryBuilder.cs
 0.1 kb	 0.0% Packages/com.unity.entities/Unity.Entities/Iterators/EntityQuery.interop.gen.cs
 0.1 kb	 0.0% Packages/com.unity.entities/Unity.Entities/Iterators/ArchetypeChunkArray.cs
 0.1 kb	 0.0% Packages/com.unity.entities/Unity.Entities/EntityRemapUtility.cs
 0.1 kb	 0.0% Packages/com.unity.entities/Unity.Entities/EntityNameStorage.cs
 0.1 kb	 0.0% Packages/com.unity.entities/Unity.Entities/EntityComponentStore.cs
 0.1 kb	 0.0% Packages/com.unity.entities/Unity.Entities/EntityCommandBufferCommands.cs
 0.1 kb	 0.0% Packages/com.unity.entities/Unity.Entities/EntityCommandBuffer.cs
 0.1 kb	 0.0% Packages/com.unity.entities/Unity.Entities/EntityBatchInChunk.cs
 0.1 kb	 0.0% Packages/com.unity.entities/Unity.Entities/Documentation.cs
 0.1 kb	 0.0% Packages/com.unity.entities/Unity.Entities/Diff/EntityManagerDiffer.cs
 0.1 kb	 0.0% Packages/com.unity.entities/Unity.Entities/Diff/EntityDifferCopyAndReplace.cs
 0.1 kb	 0.0% Packages/com.unity.entities/Unity.Entities/Diff/EntityDifferComponentChanges.cs
 0.1 kb	 0.0% Packages/com.unity.entities/Unity.Entities/Diff/EntityDifferArchetypeChanges.cs
 0.1 kb	 0.0% Packages/com.unity.entities/Unity.Entities/DebuggerDataAccess.cs
 0.1 kb	 0.0% Packages/com.unity.entities/Unity.Entities/DebugView.cs
 0.1 kb	 0.0% Packages/com.unity.entities/Unity.Entities/Content/Delivery/RemoteContentId.cs
 0.1 kb	 0.0% Packages/com.unity.entities/Unity.Entities/ComponentSystemGroup.cs
 0.1 kb	 0.0% Packages/com.unity.entities/Unity.Entities/ComponentSystemBase.cs
 0.1 kb	 0.0% Packages/com.unity.entities/Unity.Entities/ChangeVersionUtility.cs
 0.1 kb	 0.0% Packages/com.unity.entities/Unity.Entities/BufferAllocatorHeap.cs
 0.1 kb	 0.0% Packages/com.unity.entities/Unity.Entities.UI/Attributes/MinMaxAttribute.cs
 0.1 kb	 0.0% Packages/com.unity.entities/Unity.Entities.Hybrid/GameObjectConversion/BlobAssetUtility.cs
 0.1 kb	 0.0% Packages/com.unity.entities/Unity.Entities.Hybrid/GameObjectConversion/BlobAssetStore.cs
 0.1 kb	 0.0% Packages/com.unity.entities/Unity.Entities.Hybrid/Components/CompanionLink.cs
 0.1 kb	 0.0% Packages/com.unity.entities/Unity.Entities.Hybrid/Bindings/BindingRegistry.cs
 0.1 kb	 0.0% Packages/com.unity.entities/Unity.Entities.Hybrid/Baking/BakingUtility.cs
 0.1 kb	 0.0% Packages/com.unity.entities/Unity.Entities.Hybrid/Baking/BakingSettings.cs
 0.1 kb	 0.0% Packages/com.unity.entities/Unity.Entities.Hybrid/Baking/BakingOnlyEntity.cs
 0.1 kb	 0.0% Packages/com.unity.entities/Unity.Entities.Hybrid/Baking/BakingAnalytics.cs
 0.1 kb	 0.0% Packages/com.unity.entities/Unity.Entities.Hybrid/Baking/BakerEntityUsage.cs
 0.1 kb	 0.0% Packages/com.unity.entities/Unity.Entities.Hybrid/Baking/BakerDebugState.cs
 0.1 kb	 0.0% Packages/com.unity.entities/Unity.Entities.Hybrid/Baking/BakerDataUtility.cs
 0.1 kb	 0.0% Packages/com.unity.entities/Unity.Entities.Hybrid/Baking/BakedEntityData.cs
 0.1 kb	 0.0% Packages/com.unity.dt.app-ui/Runtime/Redux/StoreExtensions.cs
 0.1 kb	 0.0% Packages/com.unity.dt.app-ui/Runtime/Redux/PartitionedState.cs
 0.1 kb	 0.0% Packages/com.unity.dt.app-ui/Runtime/Redux/DevTools/DevToolsUI.cs
 0.1 kb	 0.0% Packages/com.unity.dt.app-ui/Runtime/Redux/DevTools/Actions.cs
 0.1 kb	 0.0% Packages/com.unity.dt.app-ui/Runtime/Navigation/NavOptions.cs
 0.1 kb	 0.0% Packages/com.unity.dt.app-ui/Runtime/Navigation/NavAction.cs
 0.1 kb	 0.0% Packages/com.unity.dt.app-ui/Runtime/MVVM/Input/IAsyncRelayCommand.cs
 0.1 kb	 0.0% Packages/com.unity.dt.app-ui/Runtime/MVVM/Input/AsyncRelayCommand{T}.cs
 0.1 kb	 0.0% Packages/com.unity.dt.app-ui/Runtime/MVVM/Input/AsyncRelayCommand.cs
 0.1 kb	 0.0% Packages/com.unity.dt.app-ui/Runtime/MVVM/DependencyInjection/ServiceDescriptor.cs
 0.1 kb	 0.0% Packages/com.unity.dt.app-ui/Runtime/MVVM/DependencyInjection/ServiceCollection.cs
 0.1 kb	 0.0% Packages/com.unity.dt.app-ui/Runtime/MVVM/DependencyInjection/IServiceCollection.cs
 0.1 kb	 0.0% Packages/com.unity.dt.app-ui/Runtime/MVVM/Attributes/ICommandAttribute.cs
 0.1 kb	 0.0% Packages/com.unity.collections/Unity.Collections/xxHash3.StreamingState.cs
 0.1 kb	 0.0% Packages/com.unity.collections/Unity.Collections/NativeSort.cs
 0.1 kb	 0.0% Packages/com.unity.collections/Unity.Collections/NativeBitArray.cs
 0.1 kb	 0.0% Packages/com.unity.collections/Unity.Collections/ListExtensions.cs
 0.1 kb	 0.0% Packages/com.unity.collections/Unity.Collections/Jobs/IJobParallelForDefer.cs
 0.1 kb	 0.0% Packages/com.unity.collections/Unity.Collections/Jobs/IJobParallelForBatch.cs
 0.1 kb	 0.0% Packages/com.unity.collections/Unity.Collections/FixedStringUtils.cs
 0.1 kb	 0.0% Packages/com.unity.collections/Unity.Collections/DataStreamWriter.cs
 0.1 kb	 0.0% Packages/com.unity.collections/Unity.Collections/DataStreamReader.cs
 0.1 kb	 0.0% Packages/com.unity.collections/Unity.Collections/ConcurrentMask.cs
 0.1 kb	 0.0% Packages/com.unity.collections/Unity.Collections/CollectionHelper.cs
 0.1 kb	 0.0% Packages/com.unity.collections/Unity.Collections/AllocatorManager.cs
 0.1 kb	 0.0% Packages/com.unity.cinemachine/Runtime/Timeline/CinemachineTrack.cs
 0.1 kb	 0.0% Packages/com.unity.cinemachine/Runtime/Timeline/CinemachineShot.cs
 0.1 kb	 0.0% Packages/com.unity.cinemachine/Runtime/ThirdParty/Clipper.Minkowski.cs
 0.1 kb	 0.0% Packages/com.unity.cinemachine/Runtime/Deprecated/CinemachinePath.cs
 0.1 kb	 0.0% Packages/com.unity.cinemachine/Runtime/Deprecated/CinemachinePOV.cs
 0.1 kb	 0.0% Packages/com.unity.cinemachine/Runtime/Debug/CinemachineDebug.cs
 0.1 kb	 0.0% Packages/com.unity.cinemachine/Runtime/Core/UpdateTracker.cs
 0.1 kb	 0.0% Packages/com.unity.cinemachine/Runtime/Core/SplineSettings.cs
 0.1 kb	 0.0% Packages/com.unity.cinemachine/Runtime/Core/SplineHelpers.cs
 0.1 kb	 0.0% Packages/com.unity.cinemachine/Runtime/Core/SplineAutoDolly.cs
 0.1 kb	 0.0% Packages/com.unity.cinemachine/Runtime/Core/RuntimeUtility.cs
 0.1 kb	 0.0% Packages/com.unity.cinemachine/Runtime/Core/PrioritySettings.cs
 0.1 kb	 0.0% Packages/com.unity.cinemachine/Runtime/Core/Predictor.cs
 0.1 kb	 0.0% Packages/com.unity.cinemachine/Runtime/Core/NoiseSettings.cs
 0.1 kb	 0.0% Packages/com.unity.cinemachine/Runtime/Core/CinemachineCore.cs
 0.1 kb	 0.0% Packages/com.unity.cinemachine/Runtime/Core/CinemachineBlend.cs
 0.1 kb	 0.0% Packages/com.unity.cinemachine/Runtime/Core/CameraBlendStack.cs
 0.1 kb	 0.0% Packages/com.unity.cinemachine/Runtime/Behaviours/CinemachineBrain.cs
 0.1 kb	 0.0% Packages/com.unity.behavior/Runtime/Utilities/NavigationUtility.cs
 0.1 kb	 0.0% Packages/com.unity.behavior/Runtime/Utilities/GameObjectExtensions.cs
 0.1 kb	 0.0% Packages/com.unity.behavior/Runtime/Execution/Nodes/Decorators/SucceederModifier.cs
 0.1 kb	 0.0% Packages/com.unity.behavior/Runtime/Execution/Nodes/Composites/SwitchFlagComposite.cs
 0.1 kb	 0.0% Packages/com.unity.behavior/Runtime/Execution/Nodes/Composites/SequenceComposite.cs
 0.1 kb	 0.0% Packages/com.unity.behavior/Runtime/Execution/Nodes/Composites/SelectorComposite.cs
 0.1 kb	 0.0% Packages/com.unity.behavior/Runtime/Execution/Nodes/Composites/ParallelAnyComposite.cs
 0.1 kb	 0.0% Packages/com.unity.behavior/Runtime/Execution/Nodes/Composites/ParallelAllComposite.cs
 0.1 kb	 0.0% Packages/com.unity.behavior/Runtime/Execution/Nodes/Actions/Transform/SetRotationAction.cs
 0.1 kb	 0.0% Packages/com.unity.behavior/Runtime/Execution/Nodes/Actions/Transform/SetPositionAction.cs
 0.1 kb	 0.0% Packages/com.unity.behavior/Runtime/Execution/Nodes/Actions/Scene/UnloadSceneAction.cs
 0.1 kb	 0.0% Packages/com.unity.behavior/Runtime/Execution/Nodes/Actions/RunSubgraphDynamic.cs
 0.1 kb	 0.0% Packages/com.unity.behavior/Runtime/Execution/Nodes/Actions/Physics/WaitForTriggerAction.cs
 0.1 kb	 0.0% Packages/com.unity.behavior/Runtime/Execution/Nodes/Actions/Physics/SetVelocityAction.cs
 0.1 kb	 0.0% Packages/com.unity.behavior/Runtime/Execution/Nodes/Actions/GameObject/DestroyObjectAction.cs
 0.1 kb	 0.0% Packages/com.unity.behavior/Runtime/Execution/Nodes/Actions/GameObject/AttachObjectAction.cs
 0.1 kb	 0.0% Packages/com.unity.behavior/Runtime/Execution/Nodes/Actions/Animation/SetAnimatorIntAction.cs
 0.1 kb	 0.0% Packages/com.unity.behavior/Runtime/Execution/Components/BehaviorGraphAgent.cs
 0.1 kb	 0.0% Packages/com.unity.behavior/Runtime/Execution/Blackboard/BlackboardVariable.cs
 0.1 kb	 0.0% Packages/com.unity.behavior/Runtime/Execution/BehaviorGraphModule.cs
 0.1 kb	 0.0% Packages/com.unity.behavior/Runtime/Execution/Attributes/ConditionAttribute.cs
 0.1 kb	 0.0% Packages/com.unity.behavior/Runtime/Execution/Attributes/ComparisonAttribute.cs
 0.1 kb	 0.0% Packages/com.unity.behavior/Runtime/DocumentationUrls.cs
 0.1 kb	 0.0% Packages/com.unity.behavior/Runtime/BlackboardReference.cs
 0.1 kb	 0.0% Packages/com.unity.behavior/Authoring/GenerativeAI/WebApi/Model/OptRequest.cs
 0.1 kb	 0.0% Packages/com.unity.behavior/Authoring/GenerativeAI/WebApi/Model/FunctionCall.cs
 0.1 kb	 0.0% Packages/com.unity.behavior/Authoring/GenerativeAI/WebApi/Model/Conversation.cs
 0.1 kb	 0.0% Packages/com.unity.behavior/Authoring/GenerativeAI/WebApi/Model/ChatRequest.cs
 0.1 kb	 0.0% Packages/com.unity.behavior/Authoring/GenerativeAI/WebApi/Client/IApiAccessor.cs
 0.1 kb	 0.0% Packages/com.unity.behavior/Authoring/GenerativeAI/WebApi/Client/ClientUtils.cs
 0.1 kb	 0.0% Packages/com.unity.behavior/Authoring/GenerativeAI/WebApi/Client/ApiResponse.cs
 0.1 kb	 0.0% Packages/com.unity.behavior/Authoring/GenerativeAI/WebApi/Client/ApiException.cs
 0.1 kb	 0.0% Packages/com.unity.behavior/Authoring/GenerativeAI/WebApi/Client/ApiClient.cs
 0.1 kb	 0.0% Packages/com.unity.behavior/Authoring/GenerativeAI/WebApi/Api/DefaultApi.cs
 0.1 kb	 0.0% Packages/com.unity.animation.rigging/Runtime/AnimationRig/RigUtils.cs
 0.1 kb	 0.0% Packages/com.unity.animation.rigging/Runtime/AnimationRig/RigLayer.cs
 0.1 kb	 0.0% Packages/com.unity.ai.navigation/Runtime/NavMeshSurface.cs
 0.1 kb	 0.0% Packages/com.unity.ai.navigation/Runtime/NavMeshModifier.cs
 0.1 kb	 0.0% Packages/com.autodesk.fbx/Runtime/Scripts/FbxSharpProgressCallback.cs
 0.1 kb	 0.0% Packages/com.autodesk.fbx/Runtime/Scripts/FbxPropertyMarkerELook.cs
 0.1 kb	 0.0% Packages/com.autodesk.fbx/Runtime/Scripts/FbxPropertyELightType.cs
 0.1 kb	 0.0% Packages/com.autodesk.fbx/Runtime/Scripts/FbxPropertyEInheritType.cs
 0.1 kb	 0.0% Packages/com.autodesk.fbx/Runtime/Scripts/FbxPropertyEDecayType.cs
 0.1 kb	 0.0% Packages/com.autodesk.fbx/Runtime/Scripts/FbxPropertyEBlendMode.cs
 0.1 kb	 0.0% Packages/com.autodesk.fbx/Runtime/Scripts/FbxLayerElementTangent.cs
 0.1 kb	 0.0% Packages/com.autodesk.fbx/Runtime/Scripts/FbxLayerElementNormal.cs
 0.1 kb	 0.0% Packages/com.autodesk.fbx/Runtime/Scripts/FbxLayerElementMaterial.cs
 0.1 kb	 0.0% Packages/com.autodesk.fbx/Runtime/Scripts/FbxLayerElementBinormal.cs
 0.1 kb	 0.0% Packages/com.autodesk.fbx/Runtime/Scripts/FbxConstraintRotation.cs
 0.1 kb	 0.0% Packages/com.autodesk.fbx/Runtime/Scripts/FbxConstraintPosition.cs
 0.1 kb	 0.0% Packages/com.autodesk.fbx/Runtime/Scripts/FbxAnimCurveFilterUnroll.cs
 0.1 kb	 0.0% Assets/_Game/Gameplay/Terminals/TerminalInteractable.cs
 0.1 kb	 0.0% Assets/_Game/Gameplay/Security/CameraConeRenderer.cs
 0.1 kb	 0.0% Assets/_Game/Gameplay/Player/PlayerNoiseEmitter.cs
 0.1 kb	 0.0% Assets/_Game/Gameplay/Player/PlayerInteraction.cs
 0.1 kb	 0.0% Assets/_Game/Gameplay/Player/PlayerInputReader.cs
 0.1 kb	 0.0% Assets/_Game/Gameplay/Player/FlashlightController.cs
 0.1 kb	 0.0% Assets/_Game/Gameplay/Interaction/DocumentInteractable.cs
 0.1 kb	 0.0% Assets/_Game/Gameplay/Evidence/EvidenceInteractable.cs
 0.1 kb	 0.0% Assets/_Game/Core/Commands/GameCommandDispatcher.cs
 0.1 kb	 0.0% Assets/TextMesh Pro/Examples & Extras/Scripts/VertexColorCycler.cs
 0.1 kb	 0.0% Assets/TextMesh Pro/Examples & Extras/Scripts/TextConsoleSimulator.cs
 0.1 kb	 0.0% Assets/TextMesh Pro/Examples & Extras/Scripts/TMP_TextSelector_B.cs
 0.1 kb	 0.0% Assets/TextMesh Pro/Examples & Extras/Scripts/TMP_TextSelector_A.cs
 0.1 kb	 0.0% Assets/TextMesh Pro/Examples & Extras/Scripts/TMP_TextEventCheck.cs
 0.1 kb	 0.0% Assets/TextMesh Pro/Examples & Extras/Scripts/TMP_PhoneNumberValidator.cs
 0.1 kb	 0.0% Assets/TextMesh Pro/Examples & Extras/Scripts/TMP_FrameRateCounter.cs
 0.1 kb	 0.0% Assets/TextMesh Pro/Examples & Extras/Scripts/TMP_ExampleScript_01.cs
 0.1 kb	 0.0% Assets/TextMesh Pro/Examples & Extras/Scripts/ShaderPropAnimator.cs
 0.1 kb	 0.0% Packages/com.unity.visualscripting/Runtime/VisualScripting.State/State.cs
 0.1 kb	 0.0% Packages/com.unity.visualscripting/Runtime/VisualScripting.State/IState.cs
 0.1 kb	 0.0% Packages/com.unity.visualscripting/Runtime/VisualScripting.State/AnyState.cs
 0.1 kb	 0.0% Packages/com.unity.visualscripting/Runtime/VisualScripting.Flow/IUnit.cs
 0.1 kb	 0.0% Packages/com.unity.visualscripting/Runtime/VisualScripting.Flow/Framework/Time/WaitUnit.cs
 0.1 kb	 0.0% Packages/com.unity.visualscripting/Runtime/VisualScripting.Flow/Framework/Time/Timer.cs
 0.1 kb	 0.0% Packages/com.unity.visualscripting/Runtime/VisualScripting.Flow/Framework/Time/Cooldown.cs
 0.1 kb	 0.0% Packages/com.unity.visualscripting/Runtime/VisualScripting.Flow/Framework/Logic/NotEqual.cs
 0.1 kb	 0.0% Packages/com.unity.visualscripting/Runtime/VisualScripting.Flow/Framework/Logic/Negate.cs
 0.1 kb	 0.0% Packages/com.unity.visualscripting/Runtime/VisualScripting.Flow/Framework/Logic/Greater.cs
 0.1 kb	 0.0% Packages/com.unity.visualscripting/Runtime/VisualScripting.Flow/Framework/Logic/Equal.cs
 0.1 kb	 0.0% Packages/com.unity.visualscripting/Runtime/VisualScripting.Flow/Framework/Literal.cs
 0.1 kb	 0.0% Packages/com.unity.visualscripting/Runtime/VisualScripting.Flow/Framework/Formula.cs
 0.1 kb	 0.0% Packages/com.unity.visualscripting/Runtime/VisualScripting.Flow/Framework/Events/Lifecycle/Update.cs
 0.1 kb	 0.0% Packages/com.unity.visualscripting/Runtime/VisualScripting.Flow/Framework/Events/Lifecycle/Start.cs
 0.1 kb	 0.0% Packages/com.unity.visualscripting/Runtime/VisualScripting.Flow/Framework/Events/Lifecycle/OnEnable.cs
 0.1 kb	 0.0% Packages/com.unity.visualscripting/Runtime/VisualScripting.Flow/Framework/Events/GUI/OnSubmit.cs
 0.1 kb	 0.0% Packages/com.unity.visualscripting/Runtime/VisualScripting.Flow/Framework/Events/GUI/OnSelect.cs
 0.1 kb	 0.0% Packages/com.unity.visualscripting/Runtime/VisualScripting.Flow/Framework/Events/GUI/OnScroll.cs
 0.1 kb	 0.0% Packages/com.unity.visualscripting/Runtime/VisualScripting.Flow/Framework/Events/GUI/OnMove.cs
 0.1 kb	 0.0% Packages/com.unity.visualscripting/Runtime/VisualScripting.Flow/Framework/Events/GUI/OnGUI.cs
 0.1 kb	 0.0% Packages/com.unity.visualscripting/Runtime/VisualScripting.Flow/Framework/Events/GUI/OnDrop.cs
 0.1 kb	 0.0% Packages/com.unity.visualscripting/Runtime/VisualScripting.Flow/Framework/Events/GUI/OnDrag.cs
 0.1 kb	 0.0% Packages/com.unity.visualscripting/Runtime/VisualScripting.Flow/Framework/Events/GUI/OnCancel.cs
 0.1 kb	 0.0% Packages/com.unity.visualscripting/Runtime/VisualScripting.Flow/Framework/Control/While.cs
 0.1 kb	 0.0% Packages/com.unity.visualscripting/Runtime/VisualScripting.Flow/Framework/Control/TryCatch.cs
 0.1 kb	 0.0% Packages/com.unity.visualscripting/Runtime/VisualScripting.Flow/Framework/Control/Throw.cs
 0.1 kb	 0.0% Packages/com.unity.visualscripting/Runtime/VisualScripting.Flow/Framework/Control/Sequence.cs
 0.1 kb	 0.0% Packages/com.unity.visualscripting/Runtime/VisualScripting.Flow/Framework/Control/LoopUnit.cs
 0.1 kb	 0.0% Packages/com.unity.visualscripting/Runtime/VisualScripting.Flow/Framework/Control/ForEach.cs
 0.1 kb	 0.0% Packages/com.unity.visualscripting/Runtime/VisualScripting.Flow/Framework/Control/Cache.cs
 0.1 kb	 0.0% Packages/com.unity.visualscripting/Runtime/VisualScripting.Flow/Framework/Control/Break.cs
 0.1 kb	 0.0% Packages/com.unity.visualscripting/Runtime/VisualScripting.Flow/Framework/Collections/LastItem.cs
 0.1 kb	 0.0% Packages/com.unity.visualscripting/Runtime/VisualScripting.Flow/Framework/Codebase/Expose.cs
 0.1 kb	 0.0% Packages/com.unity.visualscripting/Runtime/VisualScripting.Core/Utilities/XColor.cs
 0.1 kb	 0.0% Packages/com.unity.visualscripting/Runtime/VisualScripting.Core/Reflection/TypeName.cs
 0.1 kb	 0.0% Packages/com.unity.visualscripting/Runtime/VisualScripting.Core/Reflection/Member.cs
 0.1 kb	 0.0% Packages/com.unity.visualscripting/Runtime/VisualScripting.Core/Macros/IMacro.cs
 0.1 kb	 0.0% Packages/com.unity.visualscripting/Runtime/VisualScripting.Core/Machines/IMachine.cs
 0.1 kb	 0.0% Packages/com.unity.visualscripting/Runtime/VisualScripting.Core/Graphs/IGraph.cs
 0.1 kb	 0.0% Packages/com.unity.visualscripting/Runtime/VisualScripting.Core/Graphs/Graph.cs
 0.1 kb	 0.0% Packages/com.unity.visualscripting/Runtime/VisualScripting.Core/Events/EventBus.cs
 0.1 kb	 0.0% Packages/com.unity.visualscripting/Runtime/VisualScripting.Core/Ensure/Extensions/XString.cs
 0.1 kb	 0.0% Packages/com.unity.visualscripting/Runtime/VisualScripting.Core/Ensure/Ensure.cs
 0.1 kb	 0.0% Packages/com.unity.visualscripting/Runtime/VisualScripting.Core/Collections/AotList.cs
 0.1 kb	 0.0% Packages/com.unity.visualscripting/Runtime/VisualScripting.Core/Cloning/ICloner.cs
 0.1 kb	 0.0% Packages/com.unity.visualscripting/Runtime/VisualScripting.Core/Cloning/Cloning.cs
 0.1 kb	 0.0% Packages/com.unity.ugui/Runtime/TMP/TMPro_EventManager.cs
 0.1 kb	 0.0% Packages/com.unity.ugui/Runtime/TMP/TMP_UpdateRegistery.cs
 0.1 kb	 0.0% Packages/com.unity.ugui/Runtime/TMP/TMP_UpdateManager.cs
 0.1 kb	 0.0% Packages/com.unity.ugui/Runtime/TMP/TMP_TextUtilities.cs
 0.1 kb	 0.0% Packages/com.unity.ugui/Runtime/TMP/TMP_TextProcessingCommon.cs
 0.1 kb	 0.0% Packages/com.unity.ugui/Runtime/TMP/TMP_SpriteCharacter.cs
 0.1 kb	 0.0% Packages/com.unity.ugui/Runtime/TMP/TMP_SpriteAnimator.cs
 0.1 kb	 0.0% Packages/com.unity.ugui/Runtime/TMP/TMP_SelectionCaret.cs
 0.1 kb	 0.0% Packages/com.unity.ugui/Runtime/TMP/TMP_ResourcesManager.cs
 0.1 kb	 0.0% Packages/com.unity.ugui/Runtime/TMP/TMP_MaterialManager.cs
 0.1 kb	 0.0% Packages/com.unity.ugui/Runtime/TMP/TMP_InputValidator.cs
 0.1 kb	 0.0% Packages/com.unity.ugui/Runtime/TMP/TMP_FontFeatureTable.cs
 0.1 kb	 0.0% Packages/com.unity.ugui/Runtime/TMP/TMP_DefaultControls.cs
 0.1 kb	 0.0% Packages/com.unity.ugui/Runtime/TMP/TMP_Compatibility.cs
 0.1 kb	 0.0% Packages/com.unity.ugui/Runtime/TMP/TMP_ColorGradient.cs
 0.1 kb	 0.0% Packages/com.unity.ugui/Runtime/TMP/TMP_CharacterInfo.cs
 0.1 kb	 0.0% Packages/com.unity.ugui/Runtime/TMP/ITextPreProcessor.cs
 0.1 kb	 0.0% Packages/com.unity.ugui/Runtime/TMP/FontFeatureCommonGPOS.cs
 0.1 kb	 0.0% Packages/com.unity.ugui/Runtime/InternalBridge/TMPHelpURL.cs
 0.1 kb	 0.0% Packages/com.unity.timeline/Runtime/Utilities/WeightUtility.cs
 0.1 kb	 0.0% Packages/com.unity.timeline/Runtime/Utilities/IPropertyPreview.cs
 0.1 kb	 0.0% Packages/com.unity.timeline/Runtime/Utilities/Extrapolation.cs
 0.1 kb	 0.0% Packages/com.unity.timeline/Runtime/TimelinePlayable.cs
 0.1 kb	 0.0% Packages/com.unity.timeline/Runtime/TimelineAsset.cs
 0.1 kb	 0.0% Packages/com.unity.timeline/Runtime/Scripting/PlayableTrack.cs
 0.1 kb	 0.0% Packages/com.unity.timeline/Runtime/Events/Signals/SignalReceiver.cs
 0.1 kb	 0.0% Packages/com.unity.timeline/Runtime/Events/Signals/SignalEmitter.cs
 0.1 kb	 0.0% Packages/com.unity.timeline/Runtime/Evaluation/RuntimeElement.cs
 0.1 kb	 0.0% Packages/com.unity.timeline/Runtime/Evaluation/RuntimeClipBase.cs
 0.1 kb	 0.0% Packages/com.unity.timeline/Runtime/CurveEditUtility.cs
 0.1 kb	 0.0% Packages/com.unity.timeline/Runtime/Animation/AnimationTrack.cs
 0.1 kb	 0.0% Packages/com.unity.timeline/Runtime/Activation/ActivationTrack.cs
 0.1 kb	 0.0% Packages/com.unity.splines/Runtime/SplineUtility.cs
 0.1 kb	 0.0% Packages/com.unity.splines/Runtime/SplineType.cs
 0.1 kb	 0.0% Packages/com.unity.splines/Runtime/SplineKnotIndex.cs
 0.1 kb	 0.0% Packages/com.unity.splines/Runtime/SplineFactory.cs
 0.1 kb	 0.0% Packages/com.unity.splines/Runtime/SplineExtrude.cs
 0.1 kb	 0.0% Packages/com.unity.splines/Runtime/SplineContainer.cs
 0.1 kb	 0.0% Packages/com.unity.splines/Runtime/SplineComponent.cs
 0.1 kb	 0.0% Packages/com.unity.splines/Runtime/SplineAnimate.cs
 0.1 kb	 0.0% Packages/com.unity.splines/Runtime/ISplineProvider.cs
 0.1 kb	 0.0% Packages/com.unity.splines/Runtime/ISplineContainer.cs
 0.1 kb	 0.0% Packages/com.unity.splines/Runtime/IExtrudeShape.cs
 0.1 kb	 0.0% Packages/com.unity.render-pipelines.core/Runtime/Vrs/Vrs.cs
 0.1 kb	 0.0% Packages/com.unity.render-pipelines.core/Runtime/STP/STP.cs
 0.1 kb	 0.0% Packages/com.unity.profiling.core/Runtime/ProfilerUtility.cs
 0.1 kb	 0.0% Packages/com.unity.probuilder/External/Poly2Tri/P2T.cs
 0.1 kb	 0.0% Packages/com.unity.probuilder/Content/Resources/com.unity.probuilder/Materials/FacePicker.mat
 0.1 kb	 0.0% Packages/com.unity.physics/Unity.Physics/Dynamics/Simulation/Scheduler.cs
 0.1 kb	 0.0% Packages/com.unity.physics/Unity.Physics.Hybrid/Utilities/HashUtility.cs
 0.1 kb	 0.0% Packages/com.unity.inputsystem/InputSystem/Runtime/Plugins/PlayerInput/PlayerInput.cs
 0.1 kb	 0.0% Packages/com.unity.inputsystem/InputSystem/Runtime/Plugins/PlayerInput/InputValue.cs
 0.1 kb	 0.0% Packages/com.unity.inputsystem/InputSystem/Runtime/InputSystem.cs
 0.1 kb	 0.0% Packages/com.unity.inputsystem/InputSystem/Runtime/InputManager.cs
 0.1 kb	 0.0% Packages/com.unity.inputsystem/InputSystem/Runtime/Devices/Touchscreen.cs
 0.1 kb	 0.0% Packages/com.unity.inputsystem/InputSystem/Runtime/Devices/Precompiled/FastMouse.cs
 0.1 kb	 0.0% Packages/com.unity.inputsystem/InputSystem/Runtime/Devices/Precompiled/FastKeyboard.cs
 0.1 kb	 0.0% Packages/com.unity.inputsystem/InputSystem/Runtime/Devices/InputDevice.cs
 0.1 kb	 0.0% Packages/com.unity.inputsystem/InputSystem/Runtime/Devices/Haptics/IHaptics.cs
 0.1 kb	 0.0% Packages/com.unity.inputsystem/InputSystem/Runtime/Controls/InputControl.cs
 0.1 kb	 0.0% Packages/com.unity.inputsystem/InputSystem/Runtime/Controls/CommonUsages.cs
 0.1 kb	 0.0% Packages/com.unity.inputsystem/InputSystem/Runtime/Actions/InputBinding.cs
 0.1 kb	 0.0% Packages/com.unity.inputsystem/InputSystem/Runtime/Actions/InputAction.cs
 0.1 kb	 0.0% Packages/com.unity.inputsystem/InputSystem/Editor/UITKAssetEditor/Commands/Commands.cs
 0.1 kb	 0.0% Packages/com.unity.inputsystem/InputSystem/Editor/Dialog.cs
 0.1 kb	 0.0% Packages/com.unity.inputsystem/InputSystem/AssemblyInfo.cs
 0.1 kb	 0.0% Packages/com.unity.entities/Unity.Entities/Types/TypeManagerSystems.cs
 0.1 kb	 0.0% Packages/com.unity.entities/Unity.Entities/Serialization/YamlWriter.cs
 0.1 kb	 0.0% Packages/com.unity.entities/Unity.Entities/Serialization/UnityObjectRef.cs
 0.1 kb	 0.0% Packages/com.unity.entities/Unity.Entities/Serialization/EntitiesJson.cs
 0.1 kb	 0.0% Packages/com.unity.entities/Unity.Entities/EntityManagerDebug.cs
 0.1 kb	 0.0% Packages/com.unity.entities/Unity.Entities/ECBInterop.interop.gen.cs
 0.1 kb	 0.0% Packages/com.unity.dt.app-ui/Runtime/UI/Manipulators/TooltipManipulator.cs
 0.1 kb	 0.0% Packages/com.unity.dt.app-ui/Runtime/UI/Manipulators/DropZoneController.cs
 0.1 kb	 0.0% Packages/com.unity.dt.app-ui/Runtime/UI/Extensions/UINumericFieldsUtils.cs
 0.1 kb	 0.0% Packages/com.unity.dt.app-ui/Runtime/UI/Extensions/TextFieldExtensions.cs
 0.1 kb	 0.0% Packages/com.unity.dt.app-ui/Runtime/UI/Extensions/KeyCodeExtensions.cs
 0.1 kb	 0.0% Packages/com.unity.dt.app-ui/Runtime/UI/Extensions/GradientExtensions.cs
 0.1 kb	 0.0% Packages/com.unity.dt.app-ui/Runtime/UI/Extensions/EnumerableExtensions.cs
 0.1 kb	 0.0% Packages/com.unity.dt.app-ui/Runtime/UI/Extensions/BackgroundExtensions.cs
 0.1 kb	 0.0% Packages/com.unity.dt.app-ui/Runtime/UI/Events/PinchGestureEvent.cs
 0.1 kb	 0.0% Packages/com.unity.dt.app-ui/Runtime/UI/Events/ActionTriggeredEvent.cs
 0.1 kb	 0.0% Packages/com.unity.dt.app-ui/Runtime/UI/Components/NavigationRailItem.cs
 0.1 kb	 0.0% Packages/com.unity.dt.app-ui/Runtime/UI/Components/LocalizedTextElement.cs
 0.1 kb	 0.0% Packages/com.unity.dt.app-ui/Runtime/UI/Components/ISelectableElement.cs
 0.1 kb	 0.0% Packages/com.unity.dt.app-ui/Runtime/UI/Components/FloatingActionButton.cs
 0.1 kb	 0.0% Packages/com.unity.dt.app-ui/Runtime/UI/Components/EyeDropperOverlay.cs
 0.1 kb	 0.0% Packages/com.unity.dt.app-ui/Runtime/UI/Components/BaseVisualElement.cs
 0.1 kb	 0.0% Packages/com.unity.dt.app-ui/Runtime/UI/Components/BaseDatePickerPane.cs
 0.1 kb	 0.0% Packages/com.unity.dt.app-ui/Runtime/UI/Attributes/EnumNameAttribute.cs
 0.1 kb	 0.0% Packages/com.unity.dt.app-ui/Runtime/Core/WorldSpaceUIDocument.cs
 0.1 kb	 0.0% Packages/com.unity.dt.app-ui/Runtime/Core/NotificationManager.cs
 0.1 kb	 0.0% Packages/com.unity.dt.app-ui/Runtime/Core/LocalizationUtils.cs
 0.1 kb	 0.0% Packages/com.unity.dt.app-ui/Runtime/Core/GestureRecognizer.cs
 0.1 kb	 0.0% Packages/com.unity.collections/Unity.Collections/NativeText.gen.cs
 0.1 kb	 0.0% Packages/com.unity.collections/Unity.Collections/FixedList.gen.cs
 0.1 kb	 0.0% Packages/com.unity.cinemachine/Runtime/ThirdParty/Clipper.Offset.cs
 0.1 kb	 0.0% Packages/com.unity.cinemachine/Runtime/Core/DeltaTimeScaleProcessor.cs
 0.1 kb	 0.0% Packages/com.unity.ugui/Runtime/UGUI/UI/Core/VertexModifiers/PositionAsUV1.cs
 0.1 kb	 0.0% Packages/com.unity.ugui/Runtime/UGUI/UI/Core/VertexModifiers/IMeshModifier.cs
 0.1 kb	 0.0% Packages/com.unity.ugui/Runtime/UGUI/UI/Core/VertexModifiers/BaseMeshEffect.cs
 0.1 kb	 0.0% Packages/com.unity.ugui/Runtime/UGUI/UI/Core/StencilMaterial.cs
 0.1 kb	 0.0% Packages/com.unity.ugui/Runtime/UGUI/UI/Core/RaycastReceiver.cs
 0.1 kb	 0.0% Packages/com.unity.ugui/Runtime/UGUI/UI/Core/MaskableGraphic.cs
 0.1 kb	 0.0% Packages/com.unity.ugui/Runtime/UGUI/UI/Core/MaskUtilities.cs
 0.1 kb	 0.0% Packages/com.unity.ugui/Runtime/UGUI/UI/Core/Layout/LayoutUtility.cs
 0.1 kb	 0.0% Packages/com.unity.ugui/Runtime/UGUI/UI/Core/Layout/LayoutRebuilder.cs
 0.1 kb	 0.0% Packages/com.unity.ugui/Runtime/UGUI/UI/Core/Layout/LayoutElement.cs
 0.1 kb	 0.0% Packages/com.unity.ugui/Runtime/UGUI/UI/Core/Layout/ILayoutElement.cs
 0.1 kb	 0.0% Packages/com.unity.ugui/Runtime/UGUI/UI/Core/Layout/GridLayoutGroup.cs
 0.1 kb	 0.0% Packages/com.unity.ugui/Runtime/UGUI/UI/Core/GraphicRegistry.cs
 0.1 kb	 0.0% Packages/com.unity.ugui/Runtime/UGUI/UI/Core/GraphicRaycaster.cs
 0.1 kb	 0.0% Packages/com.unity.ugui/Runtime/UGUI/UI/Core/DefaultControls.cs
 0.1 kb	 0.0% Packages/com.unity.ugui/Runtime/UGUI/UI/Core/Culling/ClipperRegistry.cs
 0.1 kb	 0.0% Packages/com.unity.ugui/Runtime/UGUI/EventSystem/UIBehaviour.cs
 0.1 kb	 0.0% Packages/com.unity.ugui/Runtime/UGUI/EventSystem/InputModules/BaseInput.cs
 0.1 kb	 0.0% Packages/com.unity.ugui/Runtime/UGUI/EventSystem/EventTrigger.cs
 0.1 kb	 0.0% Packages/com.unity.ugui/Runtime/UGUI/EventSystem/EventSystem.cs
 0.1 kb	 0.0% Packages/com.unity.ugui/Runtime/TMP/TMPro_MeshUtilities.cs
 0.1 kb	 0.0% Packages/com.unity.ugui/Runtime/TMP/TMP_ShaderUtilities.cs
 0.1 kb	 0.0% Packages/com.unity.ugui/Runtime/TMP/TMP_RichTextTagsCommon.cs
 0.1 kb	 0.0% Packages/com.unity.ugui/Runtime/TMP/TMP_FontAssetCommon.cs
 0.1 kb	 0.0% Packages/com.unity.services.core/Runtime/Core/CoreResetter.cs
 0.1 kb	 0.0% Packages/com.unity.probuilder/Runtime/Shapes/Torus.cs
 0.1 kb	 0.0% Packages/com.unity.probuilder/Runtime/Shapes/Stairs.cs
 0.1 kb	 0.0% Packages/com.unity.probuilder/Runtime/Shapes/Sprite.cs
 0.1 kb	 0.0% Packages/com.unity.probuilder/Runtime/Shapes/Sphere.cs
 0.1 kb	 0.0% Packages/com.unity.probuilder/Runtime/Shapes/Shape.cs
 0.1 kb	 0.0% Packages/com.unity.probuilder/Runtime/Shapes/Prism.cs
 0.1 kb	 0.0% Packages/com.unity.probuilder/Runtime/Shapes/Plane.cs
 0.1 kb	 0.0% Packages/com.unity.probuilder/Runtime/Shapes/Cylinder.cs
 0.1 kb	 0.0% Packages/com.unity.probuilder/Runtime/Core/WingedEdge.cs
 0.1 kb	 0.0% Packages/com.unity.probuilder/Runtime/Core/VectorMask.cs
 0.1 kb	 0.0% Packages/com.unity.probuilder/Runtime/Core/VectorHash.cs
 0.1 kb	 0.0% Packages/com.unity.probuilder/Runtime/Core/UvUnwrapping.cs
 0.1 kb	 0.0% Packages/com.unity.probuilder/Runtime/Core/Transform2D.cs
 0.1 kb	 0.0% Packages/com.unity.probuilder/Runtime/Core/Smoothing.cs
 0.1 kb	 0.0% Packages/com.unity.probuilder/Runtime/Core/SharedVertex.cs
 0.1 kb	 0.0% Packages/com.unity.probuilder/Runtime/Core/ShapeFactory.cs
 0.1 kb	 0.0% Packages/com.unity.probuilder/Runtime/Core/RaycastHit.cs
 0.1 kb	 0.0% Packages/com.unity.probuilder/Runtime/Core/Projection.cs
 0.1 kb	 0.0% Packages/com.unity.probuilder/Runtime/Core/PolyShape.cs
 0.1 kb	 0.0% Packages/com.unity.probuilder/Runtime/Core/MeshUtility.cs
 0.1 kb	 0.0% Packages/com.unity.probuilder/Runtime/Core/MeshHandles.cs
 0.1 kb	 0.0% Packages/com.unity.probuilder/Runtime/Core/MeshHandle.cs
 0.1 kb	 0.0% Packages/com.unity.probuilder/Runtime/Core/IHasDefault.cs
 0.1 kb	 0.0% Packages/com.unity.probuilder/Runtime/Core/EdgeUtility.cs
 0.1 kb	 0.0% Packages/com.unity.probuilder/Runtime/Core/EdgeLookup.cs
 0.1 kb	 0.0% Packages/com.unity.probuilder/Runtime/Core/ColorUtility.cs
 0.1 kb	 0.0% Packages/com.unity.probuilder/Runtime/Core/ColorPalette.cs
 0.1 kb	 0.0% Packages/com.unity.probuilder/Runtime/Core/Changelog.cs
 0.1 kb	 0.0% Packages/com.unity.probuilder/Runtime/Core/BezierShape.cs
 0.1 kb	 0.0% Packages/com.unity.probuilder/Runtime/Core/BezierPoint.cs
 0.1 kb	 0.0% Packages/com.unity.probuilder/Runtime/Core/ArrayUtility.cs
 0.1 kb	 0.0% Packages/com.unity.probuilder/Runtime/Core/ActionResult.cs
 0.1 kb	 0.0% Packages/com.unity.probuilder/External/StlExporter/Code/pb_Stl.cs
 0.1 kb	 0.0% Packages/com.unity.probuilder/External/CSG/Classes/Vertex.cs
 0.1 kb	 0.0% Packages/com.unity.probuilder/External/CSG/Classes/Polygon.cs
 0.1 kb	 0.0% Packages/com.unity.probuilder/External/CSG/Classes/Plane.cs
 0.1 kb	 0.0% Packages/com.unity.probuilder/External/CSG/Classes/Model.cs
 0.1 kb	 0.0% Packages/com.unity.physics/Unity.Physics/Numerics/Random/Random.cs
 0.1 kb	 0.0% Packages/com.unity.physics/Unity.Physics/Numerics/Linear/Utility.cs
 0.1 kb	 0.0% Packages/com.unity.physics/Unity.Physics/Dynamics/World/DynamicsWorld.cs
 0.1 kb	 0.0% Packages/com.unity.physics/Unity.Physics/Dynamics/Solver/SimplexSolver.cs
 0.1 kb	 0.0% Packages/com.unity.physics/Unity.Physics/Dynamics/Simulation/IJacobiansJob.cs
 0.1 kb	 0.0% Packages/com.unity.physics/Unity.Physics/Dynamics/Simulation/IBodyPairsJob.cs
 0.1 kb	 0.0% Packages/com.unity.physics/Unity.Physics/Dynamics/Simulation/CollisionEvent.cs
 0.1 kb	 0.0% Packages/com.unity.physics/Unity.Physics/Dynamics/Jacobians/ContactJacobian.cs
 0.1 kb	 0.0% Packages/com.unity.physics/Unity.Physics/Collision/World/CollisionWorld.cs
 0.1 kb	 0.0% Packages/com.unity.physics/Unity.Physics/Collision/Queries/ColliderCast.cs
 0.1 kb	 0.0% Packages/com.unity.physics/Unity.Physics/Collision/Filter/CollisionFilter.cs
 0.1 kb	 0.0% Packages/com.unity.physics/Unity.Physics/Collision/Colliders/TerrainCollider.cs
 0.1 kb	 0.0% Packages/com.unity.physics/Unity.Physics/Collision/Colliders/SphereCollider.cs
 0.1 kb	 0.0% Packages/com.unity.physics/Unity.Physics/Collision/Colliders/PolygonCollider.cs
 0.1 kb	 0.0% Packages/com.unity.physics/Unity.Physics/Collision/Colliders/CylinderCollider.cs
 0.1 kb	 0.0% Packages/com.unity.physics/Unity.Physics/Collision/Colliders/ConvexCollider.cs
 0.1 kb	 0.0% Packages/com.unity.physics/Unity.Physics/Collision/Colliders/CompoundCollider.cs
 0.1 kb	 0.0% Packages/com.unity.physics/Unity.Physics/Collision/Colliders/CapsuleCollider.cs
 0.1 kb	 0.0% Packages/com.unity.physics/Unity.Physics/Base/Utilities/MeshUtilities.cs
 0.1 kb	 0.0% Packages/com.unity.physics/Unity.Physics.Hybrid/Assets/DebugDisplay/LineBuffer.cs
 0.1 kb	 0.0% Packages/com.unity.inputsystem/InputSystem/Runtime/Plugins/XR/Devices/Oculus.cs
 0.1 kb	 0.0% Packages/com.unity.entities/Unity.Transforms/TransformHelpers.cs
 0.1 kb	 0.0% Packages/com.unity.entities/Unity.Transforms/LocalTransform.cs
 0.1 kb	 0.0% Packages/com.unity.entities/Unity.Transforms.Hybrid/TransformBaking.cs
 0.1 kb	 0.0% Packages/com.unity.entities/Unity.Scenes/SceneHeaderUtility.cs
 0.1 kb	 0.0% Packages/com.unity.entities/Unity.Scenes/SceneBoundingVolume.cs
 0.1 kb	 0.0% Packages/com.unity.entities/Unity.Scenes/ResourceCatalogData.cs
 0.1 kb	 0.0% Packages/com.unity.entities/Unity.Scenes/Hybrid/FileUtilityHybrid.cs
 0.1 kb	 0.0% Packages/com.unity.entities/Unity.Scenes/EntityScenesPaths.cs
 0.1 kb	 0.0% Packages/com.unity.entities/Unity.Scenes/EditorUpdateUtility.cs
 0.1 kb	 0.0% Packages/com.unity.entities/Unity.Scenes/AssetObjectManifest.cs
 0.1 kb	 0.0% Packages/com.unity.entities/Unity.Entities/WorldUnmanaged.cs
 0.1 kb	 0.0% Packages/com.unity.entities/Unity.Entities/Types/EntityDebugProxy.cs
 0.1 kb	 0.0% Packages/com.unity.entities/Unity.Entities/Types/EntityArchetype.cs
 0.1 kb	 0.0% Packages/com.unity.entities/Unity.Entities/Types/ComponentTypeSet.cs
 0.1 kb	 0.0% Packages/com.unity.entities/Unity.Entities/Types/ComponentType.cs
 0.1 kb	 0.0% Packages/com.unity.entities/Unity.Entities/Types/CleanupEntity.cs
 0.1 kb	 0.0% Packages/com.unity.entities/Unity.Entities/StructuralChange.cs
 0.1 kb	 0.0% Packages/com.unity.entities/Unity.Entities/SortingUtilities.cs
 0.1 kb	 0.0% Packages/com.unity.entities/Unity.Entities/ProfilerModules/MemoryProfiler.cs
 0.1 kb	 0.0% Packages/com.unity.entities/Unity.Entities/ProfilerModules/EntitiesProfiler.cs
 0.1 kb	 0.0% Packages/com.unity.entities/Unity.Entities/IComponentData.cs
 0.1 kb	 0.0% Packages/com.unity.entities/Unity.Entities/EntityNameStoreAccess.cs
 0.1 kb	 0.0% Packages/com.unity.entities/Unity.Entities/EntityManager.cs
 0.1 kb	 0.0% Packages/com.unity.entities/Unity.Entities/EntityInChunk.cs
 0.1 kb	 0.0% Packages/com.unity.entities/Unity.Entities/EntityDataAccess.cs
 0.1 kb	 0.0% Packages/com.unity.entities/Unity.Entities/Diff/EntityPatcher.cs
 0.1 kb	 0.0% Packages/com.unity.entities/Unity.Entities/Diff/EntityDifferBlobs.cs
 0.1 kb	 0.0% Packages/com.unity.entities/Unity.Entities/Diff/EntityChangeSet.cs
 0.1 kb	 0.0% Packages/com.unity.entities/Unity.Entities/ChunkDataUtility.cs
 0.1 kb	 0.0% Packages/com.unity.entities/Unity.Entities/BufferAllocator.cs
 0.1 kb	 0.0% Packages/com.unity.entities/Unity.Entities/BlockAllocator.cs
 0.1 kb	 0.0% Packages/com.unity.entities/Unity.Entities.Hybrid/Baking/BakingSystem.cs
 0.1 kb	 0.0% Packages/com.unity.entities/Unity.Entities.Hybrid/Baking/BakerState.cs
 0.1 kb	 0.0% Packages/com.unity.dt.app-ui/Runtime/UI/Attributes/Drawers.cs
 0.1 kb	 0.0% Packages/com.unity.dt.app-ui/Runtime/Redux/StoreFactory.cs
 0.1 kb	 0.0% Packages/com.unity.dt.app-ui/Runtime/Navigation/NavHost.cs
 0.1 kb	 0.0% Packages/com.unity.dt.app-ui/Runtime/Navigation/NavGraph.cs
 0.1 kb	 0.0% Packages/com.unity.dt.app-ui/Runtime/MVVM/UITK/UIToolkitHost.cs
 0.1 kb	 0.0% Packages/com.unity.dt.app-ui/Runtime/MVVM/UITK/IUIToolkitHost.cs
 0.1 kb	 0.0% Packages/com.unity.dt.app-ui/Runtime/MVVM/UITK/IUIToolkitApp.cs
 0.1 kb	 0.0% Packages/com.unity.dt.app-ui/Runtime/MVVM/Input/IRelayCommand.cs
 0.1 kb	 0.0% Packages/com.unity.dt.app-ui/Runtime/MVVM/DependencyInjection/ServiceProvider.cs
 0.1 kb	 0.0% Packages/com.unity.dt.app-ui/Runtime/MVVM/DependencyInjection/IServiceScope.cs
 0.1 kb	 0.0% Packages/com.unity.dt.app-ui/Runtime/MVVM/ComponentModel/ObservableObject.cs
 0.1 kb	 0.0% Packages/com.unity.dt.app-ui/Runtime/MVVM/Attributes/ServiceAtribute.cs
 0.1 kb	 0.0% Packages/com.unity.collections/Unity.Collections/UIntFloat.cs
 0.1 kb	 0.0% Packages/com.unity.collections/Unity.Collections/NativeStream.cs
 0.1 kb	 0.0% Packages/com.unity.collections/Unity.Collections/Jobs/EarlyInitHelpers.cs
 0.1 kb	 0.0% Packages/com.unity.cinemachine/Runtime/ThirdParty/Clipper.Engine.cs
 0.1 kb	 0.0% Packages/com.unity.cinemachine/Runtime/Deprecated/AxisState.cs
 0.1 kb	 0.0% Packages/com.unity.cinemachine/Runtime/Debug/DebugText.cs
 0.1 kb	 0.0% Packages/com.unity.cinemachine/Runtime/Core/LensSettings.cs
 0.1 kb	 0.0% Packages/com.unity.cinemachine/Runtime/Core/InputAxis.cs
 0.1 kb	 0.0% Packages/com.unity.cinemachine/Runtime/Core/ConfinerOven.cs
 0.1 kb	 0.0% Packages/com.unity.cinemachine/Runtime/Core/CameraTarget.cs
 0.1 kb	 0.0% Packages/com.unity.cinemachine/Runtime/Core/CameraState.cs
 0.1 kb	 0.0% Packages/com.unity.cinemachine/Runtime/Core/BlendManager.cs
 0.1 kb	 0.0% Packages/com.unity.behavior/Runtime/Utilities/StringExtensions.cs
 0.1 kb	 0.0% Packages/com.unity.behavior/Runtime/Execution/Nodes/IObserverAbort.cs
 0.1 kb	 0.0% Packages/com.unity.behavior/Runtime/Execution/Nodes/Decorators/TimeoutModifier.cs
 0.1 kb	 0.0% Packages/com.unity.behavior/Runtime/Execution/Nodes/Decorators/RepeaterModifier.cs
 0.1 kb	 0.0% Packages/com.unity.behavior/Runtime/Execution/Nodes/Decorators/CooldownModifier.cs
 0.1 kb	 0.0% Packages/com.unity.behavior/Runtime/Execution/Nodes/Decorators/Aborts/RestartModifier.cs
 0.1 kb	 0.0% Packages/com.unity.behavior/Runtime/Execution/Nodes/Decorators/Aborts/AbortModifier.cs
 0.1 kb	 0.0% Packages/com.unity.behavior/Runtime/Execution/Nodes/Composites/SwitchComposite.cs
 0.1 kb	 0.0% Packages/com.unity.behavior/Runtime/Execution/Nodes/Composites/RandomComposite.cs
 0.1 kb	 0.0% Packages/com.unity.behavior/Runtime/Execution/Nodes/Actions/Transform/TranslateAction.cs
 0.1 kb	 0.0% Packages/com.unity.behavior/Runtime/Execution/Nodes/Actions/Transform/SetScaleAction.cs
 0.1 kb	 0.0% Packages/com.unity.behavior/Runtime/Execution/Nodes/Actions/Transform/RotateAction.cs
 0.1 kb	 0.0% Packages/com.unity.behavior/Runtime/Execution/Nodes/Actions/Scene/LoadSceneAction.cs
 0.1 kb	 0.0% Packages/com.unity.behavior/Runtime/Execution/Nodes/Actions/Resource/PlayAudioAction.cs
 0.1 kb	 0.0% Packages/com.unity.behavior/Runtime/Execution/Nodes/Actions/Physics/AddTorqueAction.cs
 0.1 kb	 0.0% Packages/com.unity.behavior/Runtime/Execution/Nodes/Actions/Physics/AddForceAction.cs
 0.1 kb	 0.0% Packages/com.unity.behavior/Runtime/Execution/Conditions/ConditionUtils.cs
 0.1 kb	 0.0% Packages/com.unity.behavior/Runtime/Execution/BehaviorGraph.cs
 0.1 kb	 0.0% Packages/com.unity.behavior/Authoring/GenerativeAI/WebApi/Model/Feedback.cs
 0.1 kb	 0.0% Packages/com.unity.animation.rigging/Runtime/AnimationRig/Rig.cs
 0.1 kb	 0.0% Packages/com.unity.ai.navigation/Runtime/NavMeshLink.cs
 0.1 kb	 0.0% Packages/com.unity.ai.assistant/Modules/Unity.AI.Tracing/TraceCategories.cs
 0.1 kb	 0.0% Packages/com.autodesk.fbx/Runtime/Scripts/FbxSurfaceMaterial.cs
 0.1 kb	 0.0% Packages/com.autodesk.fbx/Runtime/Scripts/FbxSurfaceLambert.cs
 0.1 kb	 0.0% Packages/com.autodesk.fbx/Runtime/Scripts/FbxSemanticEntryView.cs
 0.1 kb	 0.0% Packages/com.autodesk.fbx/Runtime/Scripts/FbxPropertyString.cs
 0.1 kb	 0.0% Packages/com.autodesk.fbx/Runtime/Scripts/FbxPropertyNullELook.cs
 0.1 kb	 0.0% Packages/com.autodesk.fbx/Runtime/Scripts/FbxPropertyEntryView.cs
 0.1 kb	 0.0% Packages/com.autodesk.fbx/Runtime/Scripts/FbxPropertyEWrapMode.cs
 0.1 kb	 0.0% Packages/com.autodesk.fbx/Runtime/Scripts/FbxPropertyEGateFit.cs
 0.1 kb	 0.0% Packages/com.autodesk.fbx/Runtime/Scripts/FbxPropertyDouble3.cs
 0.1 kb	 0.0% Packages/com.autodesk.fbx/Runtime/Scripts/FbxPropertyDouble.cs
 0.1 kb	 0.0% Packages/com.autodesk.fbx/Runtime/Scripts/FbxLayerElementUV.cs
 0.1 kb	 0.0% Packages/com.autodesk.fbx/Runtime/Scripts/FbxLayerElementArray.cs
 0.1 kb	 0.0% Packages/com.autodesk.fbx/Runtime/Scripts/FbxLayerContainer.cs
 0.1 kb	 0.0% Packages/com.autodesk.fbx/Runtime/Scripts/FbxImplementation.cs
 0.1 kb	 0.0% Packages/com.autodesk.fbx/Runtime/Scripts/FbxIOPluginRegistry.cs
 0.1 kb	 0.0% Packages/com.autodesk.fbx/Runtime/Scripts/FbxIOFileHeaderInfo.cs
 0.1 kb	 0.0% Packages/com.autodesk.fbx/Runtime/Scripts/FbxGlobalSettings.cs
 0.1 kb	 0.0% Packages/com.autodesk.fbx/Runtime/Scripts/FbxConstraintScale.cs
 0.1 kb	 0.0% Packages/com.autodesk.fbx/Runtime/Scripts/FbxConstraintParent.cs
 0.1 kb	 0.0% Packages/com.autodesk.fbx/Runtime/Scripts/FbxBlendShapeChannel.cs
 0.1 kb	 0.0% Packages/com.autodesk.fbx/Runtime/Scripts/FbxBindingTableEntry.cs
 0.1 kb	 0.0% Packages/com.autodesk.fbx/Runtime/Scripts/FbxBindingTableBase.cs
 0.1 kb	 0.0% Assets/_Game/Gameplay/World/ThrowableLure.cs
 0.1 kb	 0.0% Assets/_Game/Gameplay/World/SceneBootstrap.cs
 0.1 kb	 0.0% Assets/_Game/Gameplay/World/PlayerSpawnPoint.cs
 0.1 kb	 0.0% Assets/_Game/Gameplay/World/CaughtSequence.cs
 0.1 kb	 0.0% Assets/_Game/Gameplay/World/AmbientMotion.cs
 0.1 kb	 0.0% Assets/_Game/Gameplay/Security/SecurityCamera.cs
 0.1 kb	 0.0% Assets/_Game/Gameplay/Player/PlayerWhistle.cs
 0.1 kb	 0.0% Assets/_Game/Gameplay/Player/PlayerVisibility.cs
 0.1 kb	 0.0% Assets/_Game/Gameplay/Player/PlayerThrower.cs
 0.1 kb	 0.0% Assets/_Game/Gameplay/Player/PlayerMovement.cs
 0.1 kb	 0.0% Assets/_Game/Gameplay/Interaction/IInteractable.cs
 0.1 kb	 0.0% Assets/_Game/Gameplay/Doors/DoorInteractable.cs
 0.1 kb	 0.0% Assets/_Game/Gameplay/Doors/DoorController.cs
 0.1 kb	 0.0% Assets/_Game/Data/Terminals/TerminalDefinition.cs
 0.1 kb	 0.0% Assets/_Game/Data/Objectives/ObjectiveDefinition.cs
 0.1 kb	 0.0% Assets/_Game/Data/Insights/InsightDefinition.cs
 0.1 kb	 0.0% Assets/_Game/Data/Evidence/EvidenceDefinition.cs
 0.1 kb	 0.0% Assets/_Game/Data/DocumentDefinition.cs
 0.1 kb	 0.0% Assets/_Game/AI/GuardAnimatorDriver.cs
 0.1 kb	 0.0% Assets/TextMesh Pro/Examples & Extras/Scripts/WarpTextExample.cs
 0.1 kb	 0.0% Assets/TextMesh Pro/Examples & Extras/Scripts/TextMeshSpawner.cs
 0.1 kb	 0.0% Assets/TextMesh Pro/Examples & Extras/Scripts/TMP_TextEventHandler.cs
 0.1 kb	 0.0% Assets/TextMesh Pro/Examples & Extras/Scripts/TMP_DigitValidator.cs
 0.1 kb	 0.0% Assets/TextMesh Pro/Examples & Extras/Scripts/SkewTextExample.cs
 0.1 kb	 0.0% Assets/TextMesh Pro/Examples & Extras/Scripts/CameraController.cs
 0.1 kb	 0.0% Assets/TextMesh Pro/Examples & Extras/Scripts/Benchmark01_UGUI.cs
 0.1 kb	 0.0% Packages/com.unity.visualscripting/Runtime/VisualScripting.Flow/Unit.cs
 0.1 kb	 0.0% Packages/com.unity.visualscripting/Runtime/VisualScripting.Flow/Framework/This.cs
 0.1 kb	 0.0% Packages/com.unity.visualscripting/Runtime/VisualScripting.Flow/Framework/Nulls/Null.cs
 0.1 kb	 0.0% Packages/com.unity.visualscripting/Runtime/VisualScripting.Flow/Framework/Logic/Or.cs
 0.1 kb	 0.0% Packages/com.unity.visualscripting/Runtime/VisualScripting.Flow/Framework/Logic/Less.cs
 0.1 kb	 0.0% Packages/com.unity.visualscripting/Runtime/VisualScripting.Flow/Framework/Logic/And.cs
 0.1 kb	 0.0% Packages/com.unity.visualscripting/Runtime/VisualScripting.Flow/Framework/Control/Once.cs
 0.1 kb	 0.0% Packages/com.unity.visualscripting/Runtime/VisualScripting.Flow/Framework/Control/If.cs
 0.1 kb	 0.0% Packages/com.unity.visualscripting/Runtime/VisualScripting.Flow/Framework/Control/For.cs
 0.1 kb	 0.0% Packages/com.unity.visualscripting/Runtime/VisualScripting.Flow/Flow.cs
 0.1 kb	 0.0% Packages/com.unity.ugui/Runtime/TMP/TextMeshProUGUI.cs
 0.1 kb	 0.0% Packages/com.unity.ugui/Runtime/TMP/TextContainer.cs
 0.1 kb	 0.0% Packages/com.unity.ugui/Runtime/TMP/TMP_TextElement.cs
 0.1 kb	 0.0% Packages/com.unity.ugui/Runtime/TMP/TMP_SubMeshUI.cs
 0.1 kb	 0.0% Packages/com.unity.ugui/Runtime/TMP/TMP_StyleSheet.cs
 0.1 kb	 0.0% Packages/com.unity.ugui/Runtime/TMP/TMP_SpriteGlyph.cs
 0.1 kb	 0.0% Packages/com.unity.ugui/Runtime/TMP/TMP_SpriteAsset.cs
 0.1 kb	 0.0% Packages/com.unity.ugui/Runtime/TMP/TMP_InputField.cs
 0.1 kb	 0.0% Packages/com.unity.ugui/Runtime/TMP/TMP_FontAsset.cs
 0.1 kb	 0.0% Packages/com.unity.ugui/Runtime/TMP/TMP_CoroutineTween.cs
 0.1 kb	 0.0% Packages/com.unity.ugui/Runtime/TMP/TMP_Character.cs
 0.1 kb	 0.0% Packages/com.unity.timeline/Runtime/Utilities/TimelineUndo.cs
 0.1 kb	 0.0% Packages/com.unity.timeline/Runtime/Utilities/TimeUtility.cs
 0.1 kb	 0.0% Packages/com.unity.timeline/Runtime/Utilities/HashUtility.cs
 0.1 kb	 0.0% Packages/com.unity.timeline/Runtime/Utilities/BlendUtility.cs
 0.1 kb	 0.0% Packages/com.unity.timeline/Runtime/TrackAsset.cs
 0.1 kb	 0.0% Packages/com.unity.timeline/Runtime/TimelineClip.cs
 0.1 kb	 0.0% Packages/com.unity.timeline/Runtime/Playables/ITimeControl.cs
 0.1 kb	 0.0% Packages/com.unity.timeline/Runtime/ILayerable.cs
 0.1 kb	 0.0% Packages/com.unity.timeline/Runtime/GroupTrack.cs
 0.1 kb	 0.0% Packages/com.unity.timeline/Runtime/Events/Signals/SignalAsset.cs
 0.1 kb	 0.0% Packages/com.unity.timeline/Runtime/Events/SignalTrack.cs
 0.1 kb	 0.0% Packages/com.unity.timeline/Runtime/Events/MarkerTrack.cs
 0.1 kb	 0.0% Packages/com.unity.timeline/Runtime/Events/MarkerList.cs
 0.1 kb	 0.0% Packages/com.unity.timeline/Runtime/Evaluation/RuntimeClip.cs
 0.1 kb	 0.0% Packages/com.unity.timeline/Runtime/Evaluation/IntervalTree.cs
 0.1 kb	 0.0% Packages/com.unity.timeline/Runtime/DiscreteTime.cs
 0.1 kb	 0.0% Packages/com.unity.timeline/Runtime/Control/ControlTrack.cs
 0.1 kb	 0.0% Packages/com.unity.timeline/Runtime/Audio/AudioTrack.cs
 0.1 kb	 0.0% Packages/com.unity.timeline/Runtime/AssetUpgrade/ClipUpgrade.cs
 0.1 kb	 0.0% Packages/com.unity.timeline/Runtime/Animation/ICurvesOwner.cs
 0.1 kb	 0.0% Packages/com.unity.splines/Runtime/SplineRange.cs
 0.1 kb	 0.0% Packages/com.unity.splines/Runtime/SplinePath.cs
 0.1 kb	 0.0% Packages/com.unity.splines/Runtime/SplineMesh.cs
 0.1 kb	 0.0% Packages/com.unity.splines/Runtime/SplineMath.cs
 0.1 kb	 0.0% Packages/com.unity.splines/Runtime/SplineJobs.cs
 0.1 kb	 0.0% Packages/com.unity.splines/Runtime/SplineInfo.cs
 0.1 kb	 0.0% Packages/com.unity.splines/Runtime/NativeSpline.cs
 0.1 kb	 0.0% Packages/com.unity.splines/Runtime/MathUtility.cs
 0.1 kb	 0.0% Packages/com.unity.splines/Runtime/DataPoint.cs
 0.1 kb	 0.0% Packages/com.unity.splines/Runtime/CurveUtility.cs
 0.1 kb	 0.0% Packages/com.unity.splines/Runtime/BezierKnot.cs
 0.1 kb	 0.0% Packages/com.unity.splines/Runtime/BezierCurve.cs
 0.1 kb	 0.0% Packages/com.unity.splines/Runtime/ArrayUtility.cs
 0.1 kb	 0.0% Packages/com.unity.render-pipelines.universal/Shaders/Shaders.cs
 0.1 kb	 0.0% Packages/com.unity.physics/Unity.Physics/Dynamics/Joint/Physics_Joint.cs
 0.1 kb	 0.0% Packages/com.unity.physics/Unity.Physics/Dynamics/Jacobians/Jacobian.cs
 0.1 kb	 0.0% Packages/com.unity.physics/Unity.Physics/Collision/Queries/Distance.cs
 0.1 kb	 0.0% Packages/com.unity.physics/Unity.Physics/Base/Containers/ElementPool.cs
 0.1 kb	 0.0% Packages/com.unity.physics/Unity.Physics.Hybrid/Utilities/HelpURLs.cs
 0.1 kb	 0.0% Packages/com.unity.physics/Unity.Physics.Hybrid/Assets/DebugDisplay/Color.cs
 0.1 kb	 0.0% Packages/com.unity.inputsystem/InputSystem/Runtime/Plugins/XR/Devices/GoogleVR.cs
 0.1 kb	 0.0% Packages/com.unity.inputsystem/InputSystem/Runtime/Devices/Sensor.cs
 0.1 kb	 0.0% Packages/com.unity.inputsystem/InputSystem/Runtime/Devices/Pointer.cs
 0.1 kb	 0.0% Packages/com.unity.inputsystem/InputSystem/Runtime/Devices/Mouse.cs
 0.1 kb	 0.0% Packages/com.unity.inputsystem/InputSystem/Runtime/Devices/Keyboard.cs
 0.1 kb	 0.0% Packages/com.unity.inputsystem/InputSystem/Runtime/Devices/Joystick.cs
 0.1 kb	 0.0% Packages/com.unity.inputsystem/InputSystem/Runtime/Devices/Gamepad.cs
 0.1 kb	 0.0% Packages/com.unity.inputsystem/InputSystem/Editor/DownloadableSample.cs
 0.1 kb	 0.0% Packages/com.unity.entities/Unity.Scenes/EditorRenderData.cs
 0.1 kb	 0.0% Packages/com.unity.entities/Unity.Entities/Types/HideFlags.cs
 0.1 kb	 0.0% Packages/com.unity.entities/Unity.Entities.Hybrid/Baking/Baker.cs
 0.1 kb	 0.0% Packages/com.unity.entities/Unity.Core/Compression/Codec.cs
 0.1 kb	 0.0% Packages/com.unity.dt.app-ui/Runtime/UI/Popups/DialogTrigger.cs
 0.1 kb	 0.0% Packages/com.unity.dt.app-ui/Runtime/UI/Popups/AnchorPopupUtils.cs
 0.1 kb	 0.0% Packages/com.unity.dt.app-ui/Runtime/UI/Popups/AnchorPopup.cs
 0.1 kb	 0.0% Packages/com.unity.dt.app-ui/Runtime/UI/Pickers/DateRangePicker.cs
 0.1 kb	 0.0% Packages/com.unity.dt.app-ui/Runtime/UI/Pickers/BaseDatePicker.cs
 0.1 kb	 0.0% Packages/com.unity.dt.app-ui/Runtime/UI/Manipulators/PanAndZoomable.cs
 0.1 kb	 0.0% Packages/com.unity.dt.app-ui/Runtime/UI/Manipulators/BlinkingCursor.cs
 0.1 kb	 0.0% Packages/com.unity.dt.app-ui/Runtime/UI/Extensions/SingleExtensions.cs
 0.1 kb	 0.0% Packages/com.unity.dt.app-ui/Runtime/UI/Extensions/RectExtensions.cs
 0.1 kb	 0.0% Packages/com.unity.dt.app-ui/Runtime/UI/Extensions/MaterialUtils.cs
 0.1 kb	 0.0% Packages/com.unity.dt.app-ui/Runtime/UI/Extensions/EnumExtensions.cs
 0.1 kb	 0.0% Packages/com.unity.dt.app-ui/Runtime/UI/Extensions/ColorExtensions.cs
 0.1 kb	 0.0% Packages/com.unity.dt.app-ui/Runtime/UI/Events/DpiChangedEvent.cs
 0.1 kb	 0.0% Packages/com.unity.dt.app-ui/Runtime/UI/Components/Vector3IntField.cs
 0.1 kb	 0.0% Packages/com.unity.dt.app-ui/Runtime/UI/Components/Vector2IntField.cs
 0.1 kb	 0.0% Packages/com.unity.dt.app-ui/Runtime/UI/Components/TouchSliderInt.cs
 0.1 kb	 0.0% Packages/com.unity.dt.app-ui/Runtime/UI/Components/TouchSliderFloat.cs
 0.1 kb	 0.0% Packages/com.unity.dt.app-ui/Runtime/UI/Components/RangeSliderInt.cs
 0.1 kb	 0.0% Packages/com.unity.dt.app-ui/Runtime/UI/Components/RangeSliderFloat.cs
 0.1 kb	 0.0% Packages/com.unity.dt.app-ui/Runtime/UI/Components/PageIndicator.cs
 0.1 kb	 0.0% Packages/com.unity.dt.app-ui/Runtime/UI/Components/NavigationRail.cs
 0.1 kb	 0.0% Packages/com.unity.dt.app-ui/Runtime/UI/Components/MasonryGridView.cs
 0.1 kb	 0.0% Packages/com.unity.dt.app-ui/Runtime/UI/Components/LinearProgress.cs
 0.1 kb	 0.0% Packages/com.unity.dt.app-ui/Runtime/UI/Components/ISizeableElement.cs
 0.1 kb	 0.0% Packages/com.unity.dt.app-ui/Runtime/UI/Components/ExVisualElement.cs
 0.1 kb	 0.0% Packages/com.unity.dt.app-ui/Runtime/UI/Components/DateRangeField.cs
 0.1 kb	 0.0% Packages/com.unity.dt.app-ui/Runtime/UI/Components/ContextProvider.cs
 0.1 kb	 0.0% Packages/com.unity.dt.app-ui/Runtime/UI/Components/CircularProgress.cs
 0.1 kb	 0.0% Packages/com.unity.dt.app-ui/Runtime/UI/Components/CanvasBackground.cs
 0.1 kb	 0.0% Packages/com.unity.dt.app-ui/Runtime/UI/Components/BoundsIntField.cs
 0.1 kb	 0.0% Packages/com.unity.dt.app-ui/Runtime/UI/Components/BaseTextElement.cs
 0.1 kb	 0.0% Packages/com.unity.dt.app-ui/Runtime/UI/Components/AssetTargetField.cs
 0.1 kb	 0.0% Packages/com.unity.dt.app-ui/Runtime/Redux/Interfaces.cs
 0.1 kb	 0.0% Packages/com.unity.dt.app-ui/Runtime/MVVM/Input/RelayCommand{T}.cs
 0.1 kb	 0.0% Packages/com.unity.dt.app-ui/Runtime/Core/StringExtensions.cs
 0.1 kb	 0.0% Packages/com.unity.dt.app-ui/Runtime/Core/Platform/IPlatformImpl.cs
 0.1 kb	 0.0% Packages/com.unity.dt.app-ui/Runtime/Core/Extensions/TouchExtensions.cs
 0.1 kb	 0.0% Packages/com.unity.dt.app-ui/Runtime/Core/Extensions/TaskExtensions.cs
 0.1 kb	 0.0% Packages/com.unity.dt.app-ui/Runtime/Core/AssetReference.cs
 0.1 kb	 0.0% Packages/com.unity.dt.app-ui/Runtime/Core/AppUISettings.cs
 0.1 kb	 0.0% Packages/com.unity.collections/Unity.Collections/xxHash3.AVX2.cs
 0.1 kb	 0.0% Packages/com.unity.cinemachine/Runtime/ThirdParty/Clipper.Core.cs
 0.1 kb	 0.0% Packages/com.unity.behavior/Runtime/Execution/Nodes/DebugNodes.cs
 0.1 kb	 0.0% Packages/com.unity.behavior/Runtime/Execution/Nodes/Actions/Delay/WaitRange.cs
 0.1 kb	 0.0% Packages/com.unity.ai.assistant/Modules/Unity.AI.Tracing/TraceTypes.cs
 0.1 kb	 0.0% Assets/_Game/Core/Persistence/SaveMigrations.cs
 0.1 kb	 0.0% Packages/com.unity.ugui/Runtime/UGUI/UI/Core/Utility/VertexHelper.cs
 0.1 kb	 0.0% Packages/com.unity.ugui/Runtime/UGUI/UI/Core/ToggleGroup.cs
 0.1 kb	 0.0% Packages/com.unity.ugui/Runtime/UGUI/UI/Core/SpriteState.cs
 0.1 kb	 0.0% Packages/com.unity.ugui/Runtime/UGUI/UI/Core/Selectable.cs
 0.1 kb	 0.0% Packages/com.unity.ugui/Runtime/UGUI/UI/Core/Scrollbar.cs
 0.1 kb	 0.0% Packages/com.unity.ugui/Runtime/UGUI/UI/Core/ScrollRect.cs
 0.1 kb	 0.0% Packages/com.unity.ugui/Runtime/UGUI/UI/Core/RectMask2D.cs
 0.1 kb	 0.0% Packages/com.unity.ugui/Runtime/UGUI/UI/Core/Navigation.cs
 0.1 kb	 0.0% Packages/com.unity.ugui/Runtime/UGUI/UI/Core/Layout/LayoutGroup.cs
 0.1 kb	 0.0% Packages/com.unity.ugui/Runtime/UGUI/UI/Core/Layout/CanvasScaler.cs
 0.1 kb	 0.0% Packages/com.unity.ugui/Runtime/UGUI/UI/Core/InputField.cs
 0.1 kb	 0.0% Packages/com.unity.ugui/Runtime/UGUI/UI/Core/IMaskable.cs
 0.1 kb	 0.0% Packages/com.unity.ugui/Runtime/UGUI/UI/Core/ColorBlock.cs
 0.1 kb	 0.0% Packages/com.unity.services.core/Runtime/Core/IService.cs
 0.1 kb	 0.0% Packages/com.unity.probuilder/Runtime/Shapes/Pipe.cs
 0.1 kb	 0.0% Packages/com.unity.probuilder/Runtime/Shapes/Door.cs
 0.1 kb	 0.0% Packages/com.unity.probuilder/Runtime/Shapes/Cube.cs
 0.1 kb	 0.0% Packages/com.unity.probuilder/Runtime/Shapes/Cone.cs
 0.1 kb	 0.0% Packages/com.unity.probuilder/Runtime/Shapes/Arch.cs
 0.1 kb	 0.0% Packages/com.unity.probuilder/Runtime/Core/Vertex.cs
 0.1 kb	 0.0% Packages/com.unity.probuilder/Runtime/Core/Triangle.cs
 0.1 kb	 0.0% Packages/com.unity.probuilder/Runtime/Core/Submesh.cs
 0.1 kb	 0.0% Packages/com.unity.probuilder/Runtime/Core/Spline.cs
 0.1 kb	 0.0% Packages/com.unity.probuilder/Runtime/Core/SemVer.cs
 0.1 kb	 0.0% Packages/com.unity.probuilder/Runtime/Core/Normals.cs
 0.1 kb	 0.0% Packages/com.unity.probuilder/Runtime/Core/Normal.cs
 0.1 kb	 0.0% Packages/com.unity.probuilder/Runtime/Core/IntVec4.cs
 0.1 kb	 0.0% Packages/com.unity.probuilder/Runtime/Core/IntVec3.cs
 0.1 kb	 0.0% Packages/com.unity.probuilder/Runtime/Core/IntVec2.cs
 0.1 kb	 0.0% Packages/com.unity.probuilder/Runtime/Core/Entity.cs
 0.1 kb	 0.0% Packages/com.unity.probuilder/Runtime/Core/Clipping.cs
 0.1 kb	 0.0% Packages/com.unity.probuilder/Runtime/Core/Bounds2D.cs
 0.1 kb	 0.0% Packages/com.unity.probuilder/External/CSG/Classes/Node.cs
 0.1 kb	 0.0% Packages/com.unity.probuilder/External/CSG/CSG.cs
 0.1 kb	 0.0% Packages/com.unity.physics/Unity.Physics/Extensions/SafetyChecks.cs
 0.1 kb	 0.0% Packages/com.unity.physics/Unity.Physics/Dynamics/World/PhysicsWorld.cs
 0.1 kb	 0.0% Packages/com.unity.physics/Unity.Physics/Dynamics/Simulation/TriggerEvent.cs
 0.1 kb	 0.0% Packages/com.unity.physics/Unity.Physics/Dynamics/Simulation/Simulation.cs
 0.1 kb	 0.0% Packages/com.unity.physics/Unity.Physics/Dynamics/Simulation/Narrowphase.cs
 0.1 kb	 0.0% Packages/com.unity.physics/Unity.Physics/Dynamics/Simulation/ImpulseEvent.cs
 0.1 kb	 0.0% Packages/com.unity.physics/Unity.Physics/Dynamics/Simulation/ISimulation.cs
 0.1 kb	 0.0% Packages/com.unity.physics/Unity.Physics/Dynamics/Simulation/IContactsJob.cs
 0.1 kb	 0.0% Packages/com.unity.physics/Unity.Physics/Dynamics/Motion/Motion.cs
 0.1 kb	 0.0% Packages/com.unity.physics/Unity.Physics/Dynamics/Joint/BodyFrame.cs
 0.1 kb	 0.0% Packages/com.unity.physics/Unity.Physics/Dynamics/Integrator/Integrator.cs
 0.1 kb	 0.0% Packages/com.unity.physics/Unity.Physics/Collision/World/Broadphase.cs
 0.1 kb	 0.0% Packages/com.unity.physics/Unity.Physics/Collision/RigidBody/RigidBody.cs
 0.1 kb	 0.0% Packages/com.unity.physics/Unity.Physics/Collision/Queries/Overlap.cs
 0.1 kb	 0.0% Packages/com.unity.physics/Unity.Physics/Collision/Queries/Manifold.cs
 0.1 kb	 0.0% Packages/com.unity.physics/Unity.Physics/Collision/Queries/Collidable.cs
 0.1 kb	 0.0% Packages/com.unity.physics/Unity.Physics/Collision/Queries/Collector.cs
 0.1 kb	 0.0% Packages/com.unity.physics/Unity.Physics/Collision/Geometry/MeshBuilder.cs
 0.1 kb	 0.0% Packages/com.unity.physics/Unity.Physics/Collision/Geometry/ConvexHull.cs
 0.1 kb	 0.0% Packages/com.unity.physics/Unity.Physics/Collision/Colliders/MeshCollider.cs
 0.1 kb	 0.0% Packages/com.unity.physics/Unity.Physics/Collision/Colliders/BoxCollider.cs
 0.1 kb	 0.0% Packages/com.unity.physics/Unity.Physics/Base/Math/Physics_Transform.cs
 0.1 kb	 0.0% Packages/com.unity.physics/Unity.Physics/Base/Math/FourTransposedPoints.cs
 0.1 kb	 0.0% Packages/com.unity.physics/Unity.Physics/Base/Containers/BlobArray.cs
 0.1 kb	 0.0% Packages/com.unity.physics/Unity.Physics.Hybrid/Assets/DebugDisplay/Public.cs
 0.1 kb	 0.0% Packages/com.unity.physics/Unity.Physics.Hybrid/Assets/DebugDisplay/Manager.cs
 0.1 kb	 0.0% Packages/com.unity.inputsystem/InputSystem/Runtime/Plugins/XR/Devices/OpenVR.cs
 0.1 kb	 0.0% Packages/com.unity.inputsystem/InputSystem/Runtime/Plugins/HID/HID.cs
 0.1 kb	 0.0% Packages/com.unity.entities/Unity.Transforms/ParentSystem.cs
 0.1 kb	 0.0% Packages/com.unity.entities/Unity.Transforms/LocalToWorld.cs
 0.1 kb	 0.0% Packages/com.unity.entities/Unity.Scenes/SceneSystemGroup.cs
 0.1 kb	 0.0% Packages/com.unity.entities/Unity.Scenes/PublicEntityRef.cs
 0.1 kb	 0.0% Packages/com.unity.entities/Unity.Mathematics.Extensions/AABB.cs
 0.1 kb	 0.0% Packages/com.unity.entities/Unity.Entities/WorldTime.cs
 0.1 kb	 0.0% Packages/com.unity.entities/Unity.Entities/Types/TypeManager.cs
 0.1 kb	 0.0% Packages/com.unity.entities/Unity.Entities/Types/FastEquality.cs
 0.1 kb	 0.0% Packages/com.unity.entities/Unity.Entities/Types/BufferHeader.cs
 0.1 kb	 0.0% Packages/com.unity.entities/Unity.Entities/Types/Archetype.cs
 0.1 kb	 0.0% Packages/com.unity.entities/Unity.Entities/SystemState.cs
 0.1 kb	 0.0% Packages/com.unity.entities/Unity.Entities/SystemBase.cs
 0.1 kb	 0.0% Packages/com.unity.entities/Unity.Entities/SystemAPI.cs
 0.1 kb	 0.0% Packages/com.unity.entities/Unity.Entities/RateUtils.cs
 0.1 kb	 0.0% Packages/com.unity.entities/Unity.Entities/Journaling/SpinLock.cs
 0.1 kb	 0.0% Packages/com.unity.entities/Unity.Entities/Iterators/EntityQuery.cs
 0.1 kb	 0.0% Packages/com.unity.entities/Unity.Entities/Iterators/EnabledMask.cs
 0.1 kb	 0.0% Packages/com.unity.entities/Unity.Entities/IJobEntity.cs
 0.1 kb	 0.0% Packages/com.unity.entities/Unity.Entities/IJobChunk.cs
 0.1 kb	 0.0% Packages/com.unity.entities/Unity.Entities/ECBInterop.cs
 0.1 kb	 0.0% Packages/com.unity.entities/Unity.Entities/Diff/EntityDiffer.cs
 0.1 kb	 0.0% Packages/com.unity.entities/Unity.Entities/ChunkListMap.cs
 0.1 kb	 0.0% Packages/com.unity.entities/Unity.Entities/Blobs.cs
 0.1 kb	 0.0% Packages/com.unity.entities/Unity.Entities/BlobBuilder.cs
 0.1 kb	 0.0% Packages/com.unity.dt.app-ui/Runtime/Undo/UndoStack.cs
 0.1 kb	 0.0% Packages/com.unity.dt.app-ui/Runtime/Undo/UndoCommand.cs
 0.1 kb	 0.0% Packages/com.unity.dt.app-ui/Runtime/Redux/Thunk.cs
 0.1 kb	 0.0% Packages/com.unity.dt.app-ui/Runtime/Redux/Action.cs
 0.1 kb	 0.0% Packages/com.unity.dt.app-ui/Runtime/MVVM/Input/RelayCommand.cs
 0.1 kb	 0.0% Packages/com.unity.dt.app-ui/Runtime/MVVM/DependencyInjection/ServiceScope.cs
 0.1 kb	 0.0% Packages/com.unity.dt.app-ui/Runtime/MVVM/App/IAppBuilder.cs
 0.1 kb	 0.0% Packages/com.unity.dt.app-ui/Runtime/MVVM/App/AppBuilder.cs
 0.1 kb	 0.0% Packages/com.unity.collections/Unity.Collections/xxHash3.cs
 0.1 kb	 0.0% Packages/com.unity.collections/Unity.Collections/Unicode.cs
 0.1 kb	 0.0% Packages/com.unity.collections/Unity.Collections/Memory.cs
 0.1 kb	 0.0% Packages/com.unity.collections/Unity.Collections/Jobs/IJobFilter.cs
 0.1 kb	 0.0% Packages/com.unity.collections/Unity.Collections/BitField.cs
 0.1 kb	 0.0% Packages/com.unity.cinemachine/Runtime/ThirdParty/clipper.cs
 0.1 kb	 0.0% Packages/com.unity.behavior/Runtime/Execution/Nodes/IRepeater.cs
 0.1 kb	 0.0% Packages/com.unity.behavior/Runtime/Execution/Nodes/IConditional.cs
 0.1 kb	 0.0% Packages/com.unity.behavior/Runtime/Execution/Nodes/Events/EventChannel.cs
 0.1 kb	 0.0% Packages/com.unity.behavior/Runtime/Execution/Nodes/Events/EventAction.cs
 0.1 kb	 0.0% Packages/com.unity.behavior/Runtime/Execution/Nodes/Decorators/StartOnEvent.cs
 0.1 kb	 0.0% Packages/com.unity.behavior/Runtime/Execution/Nodes/Decorators/Inverter.cs
 0.1 kb	 0.0% Packages/com.unity.behavior/Runtime/Execution/Nodes/Composite.cs
 0.1 kb	 0.0% Packages/com.unity.behavior/Runtime/Execution/Nodes/Actions/Transform/ScaleAction.cs
 0.1 kb	 0.0% Packages/com.unity.behavior/Runtime/Execution/Nodes/Actions/Transform/LookAtAction.cs
 0.1 kb	 0.0% Packages/com.unity.behavior/Runtime/Execution/Nodes/Actions/RunSubgraph.cs
 0.1 kb	 0.0% Packages/com.unity.behavior/Runtime/Execution/Nodes/Actions/Navigation/PatrolAction.cs
 0.1 kb	 0.0% Packages/com.unity.behavior/Runtime/Execution/Nodes/Actions/Delay/WaitAction.cs
 0.1 kb	 0.0% Packages/com.unity.behavior/Runtime/Execution/Conditions/Condition.cs
 0.1 kb	 0.0% Packages/com.unity.behavior/Runtime/Execution/Blackboard/Blackboard.cs
 0.1 kb	 0.0% Packages/com.unity.ai.navigation/Runtime/HelpUrls.cs
 0.1 kb	 0.0% Packages/com.unity.ai.assistant/Modules/Unity.AI.Tracing/TraceWriter.cs
 0.1 kb	 0.0% Packages/com.unity.ai.assistant/Modules/Unity.AI.Tracing/TraceLogger.cs
 0.1 kb	 0.0% Packages/com.unity.ai.assistant/Modules/Unity.AI.Tracing/TraceLogDir.cs
 0.1 kb	 0.0% Packages/com.autodesk.fbx/Runtime/Scripts/NativeMethods.cs
 0.1 kb	 0.0% Packages/com.autodesk.fbx/Runtime/Scripts/FbxSystemUnit.cs
 0.1 kb	 0.0% Packages/com.autodesk.fbx/Runtime/Scripts/FbxSurfacePhong.cs
 0.1 kb	 0.0% Packages/com.autodesk.fbx/Runtime/Scripts/FbxSubDeformer.cs
 0.1 kb	 0.0% Packages/com.autodesk.fbx/Runtime/Scripts/FbxQuaternion.cs
 0.1 kb	 0.0% Packages/com.autodesk.fbx/Runtime/Scripts/FbxPropertyInt.cs
 0.1 kb	 0.0% Packages/com.autodesk.fbx/Runtime/Scripts/FbxPropertyFloat.cs
 0.1 kb	 0.0% Packages/com.autodesk.fbx/Runtime/Scripts/FbxPropertyFlags.cs
 0.1 kb	 0.0% Packages/com.autodesk.fbx/Runtime/Scripts/FbxPropertyBool.cs
 0.1 kb	 0.0% Packages/com.autodesk.fbx/Runtime/Scripts/FbxNurbsCurve.cs
 0.1 kb	 0.0% Packages/com.autodesk.fbx/Runtime/Scripts/FbxNodeAttribute.cs
 0.1 kb	 0.0% Packages/com.autodesk.fbx/Runtime/Scripts/FbxLayerElement.cs
 0.1 kb	 0.0% Packages/com.autodesk.fbx/Runtime/Scripts/FbxIOSettings.cs
 0.1 kb	 0.0% Packages/com.autodesk.fbx/Runtime/Scripts/FbxGeometryBase.cs
 0.1 kb	 0.0% Packages/com.autodesk.fbx/Runtime/Scripts/FbxFileTexture.cs
 0.1 kb	 0.0% Packages/com.autodesk.fbx/Runtime/Scripts/FbxDoubleTemplates.cs
 0.1 kb	 0.0% Packages/com.autodesk.fbx/Runtime/Scripts/FbxDocumentInfo.cs
 0.1 kb	 0.0% Packages/com.autodesk.fbx/Runtime/Scripts/FbxConstraintAim.cs
 0.1 kb	 0.0% Packages/com.autodesk.fbx/Runtime/Scripts/FbxConstraint.cs
 0.1 kb	 0.0% Packages/com.autodesk.fbx/Runtime/Scripts/FbxConnection.cs
 0.1 kb	 0.0% Packages/com.autodesk.fbx/Runtime/Scripts/FbxCollection.cs
 0.1 kb	 0.0% Packages/com.autodesk.fbx/Runtime/Scripts/FbxBlendShape.cs
 0.1 kb	 0.0% Packages/com.autodesk.fbx/Runtime/Scripts/FbxBindingTable.cs
 0.1 kb	 0.0% Packages/com.autodesk.fbx/Runtime/Scripts/FbxAxisSystem.cs
 0.1 kb	 0.0% Packages/com.autodesk.fbx/Runtime/Scripts/FbxAnimCurveNode.cs
 0.1 kb	 0.0% Packages/com.autodesk.fbx/Runtime/Scripts/FbxAnimCurveKey.cs
 0.1 kb	 0.0% Packages/com.autodesk.fbx/Runtime/Scripts/FbxAnimCurveDef.cs
 0.1 kb	 0.0% Packages/com.autodesk.fbx/Runtime/Scripts/FbxAnimCurveBase.cs
 0.1 kb	 0.0% Assets/_Game/UI/HUD/HudController.cs
 0.1 kb	 0.0% Assets/_Game/UI/EvidenceBoard/EvidenceBoardUI.cs
 0.1 kb	 0.0% Assets/_Game/UI/Ending/EndingScreenUI.cs
 0.1 kb	 0.0% Assets/_Game/Gameplay/World/LightFlicker.cs
 0.1 kb	 0.0% Assets/_Game/Gameplay/Stealth/SurfaceNoise.cs
 0.1 kb	 0.0% Assets/_Game/Gameplay/Stealth/LightingZone.cs
 0.1 kb	 0.0% Assets/_Game/Gameplay/Stealth/HidingZone.cs
 0.1 kb	 0.0% Assets/_Game/Gameplay/Security/CameraSensor.cs
 0.1 kb	 0.0% Assets/_Game/Gameplay/Security/CameraMotor.cs
 0.1 kb	 0.0% Assets/_Game/Gameplay/Player/PlayerState.cs
 0.1 kb	 0.0% Assets/_Game/Gameplay/Player/PlayerLook.cs
 0.1 kb	 0.0% Assets/_Game/Gameplay/GameLayers.cs
 0.1 kb	 0.0% Assets/_Game/Data/StealthTuning.cs
 0.1 kb	 0.0% Assets/_Game/Data/Endings/EndingDefinition.cs
 0.1 kb	 0.0% Assets/_Game/Core/Services/SettingsService.cs
 0.1 kb	 0.0% Assets/_Game/Core/Services/SaveCoordinator.cs
 0.1 kb	 0.0% Assets/_Game/Core/Services/ObjectiveService.cs
 0.1 kb	 0.0% Assets/_Game/Core/Services/InsightService.cs
 0.1 kb	 0.0% Assets/_Game/Core/Services/GameStateService.cs
 0.1 kb	 0.0% Assets/_Game/Core/Services/EvidenceService.cs
 0.1 kb	 0.0% Assets/_Game/Core/Services/EndingService.cs
 0.1 kb	 0.0% Assets/_Game/Core/Services/DetectionService.cs
 0.1 kb	 0.0% Assets/_Game/Core/Services/ContentDatabase.cs
 0.1 kb	 0.0% Assets/_Game/Core/Persistence/SaveValidator.cs
 0.1 kb	 0.0% Assets/_Game/Core/DependencyGraph.cs
 0.1 kb	 0.0% Assets/_Game/Core/Commands/CommandJournal.cs
 0.1 kb	 0.0% Assets/_Game/AI/GuardVisionCone.cs
 0.1 kb	 0.0% Assets/TextMesh Pro/Examples & Extras/Scripts/VertexZoom.cs
 0.1 kb	 0.0% Assets/TextMesh Pro/Examples & Extras/Scripts/VertexShakeB.cs
 0.1 kb	 0.0% Assets/TextMesh Pro/Examples & Extras/Scripts/VertexShakeA.cs
 0.1 kb	 0.0% Assets/TextMesh Pro/Examples & Extras/Scripts/VertexJitter.cs
 0.1 kb	 0.0% Assets/TextMesh Pro/Examples & Extras/Scripts/SimpleScript.cs
 0.1 kb	 0.0% Assets/TextMesh Pro/Examples & Extras/Scripts/ObjectSpin.cs
 0.1 kb	 0.0% Assets/TextMesh Pro/Examples & Extras/Scripts/Benchmark04.cs
 0.1 kb	 0.0% Assets/TextMesh Pro/Examples & Extras/Scripts/Benchmark03.cs
 0.1 kb	 0.0% Assets/TextMesh Pro/Examples & Extras/Scripts/Benchmark02.cs
 0.1 kb	 0.0% Assets/TextMesh Pro/Examples & Extras/Scripts/Benchmark01.cs
 0.1 kb	 0.0% Packages/com.unity.ugui/Runtime/UGUI/UI/Core/Culling/IClipRegion.cs
 0.1 kb	 0.0% Packages/com.unity.ugui/Runtime/TMP/TextMeshPro.cs
 0.1 kb	 0.0% Packages/com.unity.ugui/Runtime/TMP/TMP_TextInfo.cs
 0.1 kb	 0.0% Packages/com.unity.ugui/Runtime/TMP/TMP_SubMesh.cs
 0.1 kb	 0.0% Packages/com.unity.ugui/Runtime/TMP/TMP_Style.cs
 0.1 kb	 0.0% Packages/com.unity.ugui/Runtime/TMP/TMP_Sprite.cs
 0.1 kb	 0.0% Packages/com.unity.ugui/Runtime/TMP/TMP_Settings.cs
 0.1 kb	 0.0% Packages/com.unity.ugui/Runtime/TMP/TMP_MeshInfo.cs
 0.1 kb	 0.0% Packages/com.unity.ugui/Runtime/TMP/TMP_LineInfo.cs
 0.1 kb	 0.0% Packages/com.unity.ugui/Runtime/TMP/TMP_Dropdown.cs
 0.1 kb	 0.0% Packages/com.unity.ugui/Runtime/TMP/TMP_Asset.cs
 0.1 kb	 0.0% Packages/com.unity.ugui/Runtime/TMP/FastAction.cs
 0.1 kb	 0.0% Packages/com.unity.timeline/Runtime/ObjectId.cs
 0.1 kb	 0.0% Packages/com.unity.timeline/Runtime/Events/Marker.cs
 0.1 kb	 0.0% Packages/com.unity.timeline/Runtime/Events/IMarker.cs
 0.1 kb	 0.0% Packages/com.unity.splines/Runtime/Spline.cs
 0.1 kb	 0.0% Packages/com.unity.splines/Runtime/ISpline.cs
 0.1 kb	 0.0% Packages/com.unity.physics/Unity.Physics/Dynamics/Solver/DirectSolver.cs
 0.1 kb	 0.0% Packages/com.unity.inputsystem/InputSystem/Runtime/Devices/Pen.cs
 0.1 kb	 0.0% Packages/com.unity.dt.app-ui/Runtime/UI/TextActions.cs
 0.1 kb	 0.0% Packages/com.unity.dt.app-ui/Runtime/UI/Pickers/DatePicker.cs
 0.1 kb	 0.0% Packages/com.unity.dt.app-ui/Runtime/UI/Pickers/ColorPicker.cs
 0.1 kb	 0.0% Packages/com.unity.dt.app-ui/Runtime/UI/Menu/MenuTrigger.cs
 0.1 kb	 0.0% Packages/com.unity.dt.app-ui/Runtime/UI/Menu/MenuSection.cs
 0.1 kb	 0.0% Packages/com.unity.dt.app-ui/Runtime/UI/Menu/MenuDivider.cs
 0.1 kb	 0.0% Packages/com.unity.dt.app-ui/Runtime/UI/Menu/MenuBuilder.cs
 0.1 kb	 0.0% Packages/com.unity.dt.app-ui/Runtime/UI/Manipulators/Scrollable.cs
 0.1 kb	 0.0% Packages/com.unity.dt.app-ui/Runtime/UI/Manipulators/Pressable.cs
 0.1 kb	 0.0% Packages/com.unity.dt.app-ui/Runtime/UI/Manipulators/Draggable.cs
 0.1 kb	 0.0% Packages/com.unity.dt.app-ui/Runtime/UI/Manipulators/Clickable.cs
 0.1 kb	 0.0% Packages/com.unity.dt.app-ui/Runtime/UI/Layouts/SwipeView.cs
 0.1 kb	 0.0% Packages/com.unity.dt.app-ui/Runtime/UI/Layouts/StackView.cs
 0.1 kb	 0.0% Packages/com.unity.dt.app-ui/Runtime/UI/Layouts/SplitView.cs
 0.1 kb	 0.0% Packages/com.unity.dt.app-ui/Runtime/UI/Extensions/UnityObject.cs
 0.1 kb	 0.0% Packages/com.unity.dt.app-ui/Runtime/UI/Events/UpdateEvent.cs
 0.1 kb	 0.0% Packages/com.unity.dt.app-ui/Runtime/UI/Components/YearPicker.cs
 0.1 kb	 0.0% Packages/com.unity.dt.app-ui/Runtime/UI/Components/Vector4Field.cs
 0.1 kb	 0.0% Packages/com.unity.dt.app-ui/Runtime/UI/Components/Vector3Field.cs
 0.1 kb	 0.0% Packages/com.unity.dt.app-ui/Runtime/UI/Components/Vector2Field.cs
 0.1 kb	 0.0% Packages/com.unity.dt.app-ui/Runtime/UI/Components/TreeViewItem.cs
 0.1 kb	 0.0% Packages/com.unity.dt.app-ui/Runtime/UI/Components/TextField.cs
 0.1 kb	 0.0% Packages/com.unity.dt.app-ui/Runtime/UI/Components/SliderInt.cs
 0.1 kb	 0.0% Packages/com.unity.dt.app-ui/Runtime/UI/Components/SliderFloat.cs
 0.1 kb	 0.0% Packages/com.unity.dt.app-ui/Runtime/UI/Components/SearchBar.cs
 0.1 kb	 0.0% Packages/com.unity.dt.app-ui/Runtime/UI/Components/ResizeHandle.cs
 0.1 kb	 0.0% Packages/com.unity.dt.app-ui/Runtime/UI/Components/RectIntField.cs
 0.1 kb	 0.0% Packages/com.unity.dt.app-ui/Runtime/UI/Components/RectField.cs
 0.1 kb	 0.0% Packages/com.unity.dt.app-ui/Runtime/UI/Components/RadioGroup.cs
 0.1 kb	 0.0% Packages/com.unity.dt.app-ui/Runtime/UI/Components/Preloader.cs
 0.1 kb	 0.0% Packages/com.unity.dt.app-ui/Runtime/UI/Components/MonthPicker.cs
 0.1 kb	 0.0% Packages/com.unity.dt.app-ui/Runtime/UI/Components/MaskField.cs
 0.1 kb	 0.0% Packages/com.unity.dt.app-ui/Runtime/UI/Components/LongField.cs
 0.1 kb	 0.0% Packages/com.unity.dt.app-ui/Runtime/UI/Components/ListViewItem.cs
 0.1 kb	 0.0% Packages/com.unity.dt.app-ui/Runtime/UI/Components/InputLabel.cs
 0.1 kb	 0.0% Packages/com.unity.dt.app-ui/Runtime/UI/Components/IconButton.cs
 0.1 kb	 0.0% Packages/com.unity.dt.app-ui/Runtime/UI/Components/IPressable.cs
 0.1 kb	 0.0% Packages/com.unity.dt.app-ui/Runtime/UI/Components/FloatField.cs
 0.1 kb	 0.0% Packages/com.unity.dt.app-ui/Runtime/UI/Components/FieldLabel.cs
 0.1 kb	 0.0% Packages/com.unity.dt.app-ui/Runtime/UI/Components/EnumField.cs
 0.1 kb	 0.0% Packages/com.unity.dt.app-ui/Runtime/UI/Components/DrawerHeader.cs
 0.1 kb	 0.0% Packages/com.unity.dt.app-ui/Runtime/UI/Components/DoubleField.cs
 0.1 kb	 0.0% Packages/com.unity.dt.app-ui/Runtime/UI/Components/DayPicker.cs
 0.1 kb	 0.0% Packages/com.unity.dt.app-ui/Runtime/UI/Components/DateField.cs
 0.1 kb	 0.0% Packages/com.unity.dt.app-ui/Runtime/UI/Components/ColorWheel.cs
 0.1 kb	 0.0% Packages/com.unity.dt.app-ui/Runtime/UI/Components/ColorToolbar.cs
 0.1 kb	 0.0% Packages/com.unity.dt.app-ui/Runtime/UI/Components/ColorSwatch.cs
 0.1 kb	 0.0% Packages/com.unity.dt.app-ui/Runtime/UI/Components/ColorSlider.cs
 0.1 kb	 0.0% Packages/com.unity.dt.app-ui/Runtime/UI/Components/ColorField.cs
 0.1 kb	 0.0% Packages/com.unity.dt.app-ui/Runtime/UI/Components/Breadcrumbs.cs
 0.1 kb	 0.0% Packages/com.unity.dt.app-ui/Runtime/UI/Components/BoundsField.cs
 0.1 kb	 0.0% Packages/com.unity.dt.app-ui/Runtime/UI/Components/BottomNavBar.cs
 0.1 kb	 0.0% Packages/com.unity.dt.app-ui/Runtime/UI/Components/BaseGridView.cs
 0.1 kb	 0.0% Packages/com.unity.dt.app-ui/Runtime/UI/Components/AvatarGroup.cs
 0.1 kb	 0.0% Packages/com.unity.dt.app-ui/Runtime/UI/Components/AlertDialog.cs
 0.1 kb	 0.0% Packages/com.unity.dt.app-ui/Runtime/UI/Components/ActionGroup.cs
 0.1 kb	 0.0% Packages/com.unity.dt.app-ui/Runtime/UI/Components/ActionButton.cs
 0.1 kb	 0.0% Packages/com.unity.dt.app-ui/Runtime/UI/Components/ActionBar.cs
 0.1 kb	 0.0% Packages/com.unity.dt.app-ui/Runtime/UI/Components/Accordion.cs
 0.1 kb	 0.0% Packages/com.unity.dt.app-ui/Runtime/Core/TimeUtils.cs
 0.1 kb	 0.0% Packages/com.unity.dt.app-ui/Runtime/Core/Platform/macOS/Platform.cs
 0.1 kb	 0.0% Packages/com.unity.dt.app-ui/Runtime/Core/Platform/PlatformImpl.cs
 0.1 kb	 0.0% Packages/com.unity.dt.app-ui/Runtime/Core/Platform/PinchGesture.cs
 0.1 kb	 0.0% Packages/com.unity.dt.app-ui/Runtime/Core/Platform/AppUITouch.cs
 0.1 kb	 0.0% Packages/com.unity.dt.app-ui/Runtime/Core/MemoryUtils.cs
 0.1 kb	 0.0% Packages/com.unity.dt.app-ui/Runtime/Core/DragAndDrop.cs
 0.1 kb	 0.0% Packages/com.unity.dt.app-ui/Runtime/Core/AppUIManager.cs
 0.1 kb	 0.0% Packages/com.unity.dt.app-ui/Runtime/Core/AppUIInput.cs
 0.1 kb	 0.0% Packages/com.unity.dt.app-ui/Runtime/Core/ActionItem.cs
 0.1 kb	 0.0% Packages/com.unity.ai.assistant/Modules/Unity.AI.Tracing/TraceSinks.cs
 0.1 kb	 0.0% Packages/com.unity.ugui/Runtime/UGUI/UI/Core/VertexModifiers/Shadow.cs
 0.1 kb	 0.0% Packages/com.unity.ugui/Runtime/UGUI/UI/Core/VertexModifiers/Outline.cs
 0.1 kb	 0.0% Packages/com.unity.ugui/Runtime/UGUI/UI/Core/Toggle.cs
 0.1 kb	 0.0% Packages/com.unity.ugui/Runtime/UGUI/UI/Core/Slider.cs
 0.1 kb	 0.0% Packages/com.unity.ugui/Runtime/UGUI/UI/Core/SafeArea.cs
 0.1 kb	 0.0% Packages/com.unity.ugui/Runtime/UGUI/UI/Core/RawImage.cs
 0.1 kb	 0.0% Packages/com.unity.ugui/Runtime/UGUI/UI/Core/Image.cs
 0.1 kb	 0.0% Packages/com.unity.ugui/Runtime/UGUI/UI/Core/Graphic.cs
 0.1 kb	 0.0% Packages/com.unity.ugui/Runtime/UGUI/UI/Core/FontData.cs
 0.1 kb	 0.0% Packages/com.unity.ugui/Runtime/UGUI/UI/Core/Dropdown.cs
 0.1 kb	 0.0% Packages/com.unity.ugui/Runtime/UGUI/UI/Core/Culling/Clipping.cs
 0.1 kb	 0.0% Packages/com.unity.ugui/Runtime/UGUI/UI/Core/Button.cs
 0.1 kb	 0.0% Packages/com.unity.probuilder/Runtime/Core/Math.cs
 0.1 kb	 0.0% Packages/com.unity.probuilder/Runtime/Core/Log.cs
 0.1 kb	 0.0% Packages/com.unity.probuilder/Runtime/Core/Face.cs
 0.1 kb	 0.0% Packages/com.unity.probuilder/Runtime/Core/Edge.cs
 0.1 kb	 0.0% Packages/com.unity.physics/Unity.Physics/Dynamics/Solver/Solver.cs
 0.1 kb	 0.0% Packages/com.unity.physics/Unity.Physics/Dynamics/Material/Material.cs
 0.1 kb	 0.0% Packages/com.unity.physics/Unity.Physics/Collision/Colliders/Collider.cs
 0.1 kb	 0.0% Packages/com.unity.physics/Unity.Physics/Base/Math/Plane.cs
 0.1 kb	 0.0% Packages/com.unity.physics/Unity.Physics/Base/Math/FloatRange.cs
 0.1 kb	 0.0% Packages/com.unity.physics/Unity.Physics/Base/Containers/UnsafeEx.cs
 0.1 kb	 0.0% Packages/com.unity.physics/Unity.Physics/AOTHint.cs
 0.1 kb	 0.0% Packages/com.unity.physics/Unity.Physics.Hybrid/Assets/DebugDisplay/Unit.cs
 0.1 kb	 0.0% Packages/com.unity.entities/Unity.Transforms/Parent.cs
 0.1 kb	 0.0% Packages/com.unity.entities/Unity.Scenes/SceneSystem.cs
 0.1 kb	 0.0% Packages/com.unity.entities/Unity.Entities/World.cs
 0.1 kb	 0.0% Packages/com.unity.entities/Unity.Entities/Types/TypeHash.cs
 0.1 kb	 0.0% Packages/com.unity.entities/Unity.Entities/Types/Hash128.cs
 0.1 kb	 0.0% Packages/com.unity.entities/Unity.Entities/Types/Entity.cs
 0.1 kb	 0.0% Packages/com.unity.entities/Unity.Entities/Types/Chunk.cs
 0.1 kb	 0.0% Packages/com.unity.entities/Unity.Entities/Stubs/Unity.Assertions/Assert.cs
 0.1 kb	 0.0% Packages/com.unity.entities/Unity.Entities/Static.cs
 0.1 kb	 0.0% Packages/com.unity.entities/Unity.Entities/ISystem.cs
 0.1 kb	 0.0% Packages/com.unity.dt.app-ui/Runtime/MVVM/App/IHost.cs
 0.1 kb	 0.0% Packages/com.unity.behavior/Runtime/Execution/Nodes/Modifier.cs
 0.1 kb	 0.0% Packages/com.unity.behavior/Runtime/Execution/Nodes/Decorators/Start.cs
 0.1 kb	 0.0% Packages/com.unity.behavior/Runtime/Execution/Nodes/Actions/WaitFramesAction.cs
 0.1 kb	 0.0% Packages/com.unity.behavior/Runtime/Execution/Nodes/Action.cs
 0.1 kb	 0.0% Packages/com.unity.behavior/Runtime/Execution/IParent.cs
 0.1 kb	 0.0% Packages/com.unity.behavior/Authoring/Behavior App UI Settings.asset
 0.1 kb	 0.0% Packages/com.unity.ai.assistant/Modules/Unity.AI.Tracing/Trace.cs
 0.1 kb	 0.0% Packages/com.autodesk.fbx/Runtime/Scripts/FbxTransform.cs
 0.1 kb	 0.0% Packages/com.autodesk.fbx/Runtime/Scripts/FbxTimeSpan.cs
 0.1 kb	 0.0% Packages/com.autodesk.fbx/Runtime/Scripts/FbxTexture.cs
 0.1 kb	 0.0% Packages/com.autodesk.fbx/Runtime/Scripts/FbxStatus.cs
 0.1 kb	 0.0% Packages/com.autodesk.fbx/Runtime/Scripts/FbxSkeleton.cs
 0.1 kb	 0.0% Packages/com.autodesk.fbx/Runtime/Scripts/FbxProperty.cs
 0.1 kb	 0.0% Packages/com.autodesk.fbx/Runtime/Scripts/FbxObject.cs
 0.1 kb	 0.0% Packages/com.autodesk.fbx/Runtime/Scripts/FbxMatrix.cs
 0.1 kb	 0.0% Packages/com.autodesk.fbx/Runtime/Scripts/FbxMarker.cs
 0.1 kb	 0.0% Packages/com.autodesk.fbx/Runtime/Scripts/FbxManager.cs
 0.1 kb	 0.0% Packages/com.autodesk.fbx/Runtime/Scripts/FbxLimits.cs
 0.1 kb	 0.0% Packages/com.autodesk.fbx/Runtime/Scripts/FbxImporter.cs
 0.1 kb	 0.0% Packages/com.autodesk.fbx/Runtime/Scripts/FbxIOBase.cs
 0.1 kb	 0.0% Packages/com.autodesk.fbx/Runtime/Scripts/FbxGeometry.cs
 0.1 kb	 0.0% Packages/com.autodesk.fbx/Runtime/Scripts/FbxExporter.cs
 0.1 kb	 0.0% Packages/com.autodesk.fbx/Runtime/Scripts/FbxEntryView.cs
 0.1 kb	 0.0% Packages/com.autodesk.fbx/Runtime/Scripts/FbxEmitter.cs
 0.1 kb	 0.0% Packages/com.autodesk.fbx/Runtime/Scripts/FbxDouble4x4.cs
 0.1 kb	 0.0% Packages/com.autodesk.fbx/Runtime/Scripts/FbxDocument.cs
 0.1 kb	 0.0% Packages/com.autodesk.fbx/Runtime/Scripts/FbxDeformer.cs
 0.1 kb	 0.0% Packages/com.autodesk.fbx/Runtime/Scripts/FbxDataType.cs
 0.1 kb	 0.0% Packages/com.autodesk.fbx/Runtime/Scripts/FbxCluster.cs
 0.1 kb	 0.0% Packages/com.autodesk.fbx/Runtime/Scripts/FbxCamera.cs
 0.1 kb	 0.0% Packages/com.autodesk.fbx/Runtime/Scripts/FbxAnimStack.cs
 0.1 kb	 0.0% Packages/com.autodesk.fbx/Runtime/Scripts/FbxAnimLayer.cs
 0.1 kb	 0.0% Packages/com.autodesk.fbx/Runtime/Scripts/FbxAnimCurve.cs
 0.1 kb	 0.0% Packages/com.autodesk.fbx/Runtime/Scripts/FbxAMatrix.cs
 0.1 kb	 0.0% Assets/_Game/UI/UiBuilder.cs
 0.1 kb	 0.0% Assets/_Game/UI/Terminal/TerminalUI.cs
 0.1 kb	 0.0% Assets/_Game/UI/Terminal/DocumentUI.cs
 0.1 kb	 0.0% Assets/_Game/UI/Settings/SettingsUI.cs
 0.1 kb	 0.0% Assets/_Game/UI/Pause/PauseMenuUI.cs
 0.1 kb	 0.0% Assets/_Game/UI/MainMenu/MainMenuUI.cs
 0.1 kb	 0.0% Assets/_Game/UI/HUD/ScreenFader.cs
 0.1 kb	 0.0% Assets/_Game/UI/ButtonSfx.cs
 0.1 kb	 0.0% Assets/_Game/Data/ClipLibrary.cs
 0.1 kb	 0.0% Assets/_Game/Core/State/GameState.cs
 0.1 kb	 0.0% Assets/_Game/Core/Services/WorldService.cs
 0.1 kb	 0.0% Assets/_Game/Core/Services/UiFacades.cs
 0.1 kb	 0.0% Assets/_Game/Core/Services/SceneService.cs
 0.1 kb	 0.0% Assets/_Game/Core/Services/NoiseService.cs
 0.1 kb	 0.0% Assets/_Game/Core/Services/InputGate.cs
 0.1 kb	 0.0% Assets/_Game/Core/Services/AudioService.cs
 0.1 kb	 0.0% Assets/_Game/Core/Persistence/SaveService.cs
 0.1 kb	 0.0% Assets/_Game/Core/Persistence/SaveFileIO.cs
 0.1 kb	 0.0% Assets/_Game/Core/Persistence/SaveEnvelope.cs
 0.1 kb	 0.0% Assets/_Game/Core/Events/GameEvents.cs
 0.1 kb	 0.0% Assets/_Game/Core/Events/GameEventBus.cs
 0.1 kb	 0.0% Assets/_Game/Core/Commands/GameCommands.cs
 0.1 kb	 0.0% Assets/_Game/Core/Bootstrap/GameServices.cs
 0.1 kb	 0.0% Assets/_Game/AI/PatrolRoute.cs
 0.1 kb	 0.0% Assets/_Game/AI/GuardVision.cs
 0.1 kb	 0.0% Assets/_Game/AI/GuardHearing.cs
 0.1 kb	 0.0% Assets/_Game/AI/GuardBrain.cs
 0.1 kb	 0.0% Assets/TextMesh Pro/Examples & Extras/Scripts/TeleType.cs
 0.1 kb	 0.0% Assets/TextMesh Pro/Examples & Extras/Scripts/EnvMapAnimator.cs
 0.1 kb	 0.0% Assets/TextMesh Pro/Examples & Extras/Scripts/DropdownSample.cs
 0.1 kb	 0.0% Assets/TextMesh Pro/Examples & Extras/Scripts/ChatController.cs
 0.1 kb	 0.0% Packages/com.unity.ugui/Runtime/TMP/TMP_Text.cs
 0.1 kb	 0.0% Packages/com.unity.terrain-tools/Runtime/TerrainToolbox/TerrainGroup.cs
 0.1 kb	 0.0% Packages/com.unity.physics/Unity.Physics/Collision/Queries/Raycast.cs
 0.1 kb	 0.0% Packages/com.unity.entities/Unity.Core/TimeData.cs
 0.1 kb	 0.0% Packages/com.unity.entities/Unity.Core/Hashes/XXHash.cs
 0.1 kb	 0.0% Packages/com.unity.dt.app-ui/Runtime/UI/Styles.cs
 0.1 kb	 0.0% Packages/com.unity.dt.app-ui/Runtime/UI/Popups/Tooltip.cs
 0.1 kb	 0.0% Packages/com.unity.dt.app-ui/Runtime/UI/Popups/Toast.cs
 0.1 kb	 0.0% Packages/com.unity.dt.app-ui/Runtime/UI/Popups/Popup.cs
 0.1 kb	 0.0% Packages/com.unity.dt.app-ui/Runtime/UI/Popups/Popover.cs
 0.1 kb	 0.0% Packages/com.unity.dt.app-ui/Runtime/UI/Popups/Modal.cs
 0.1 kb	 0.0% Packages/com.unity.dt.app-ui/Runtime/UI/Menu/MenuItem.cs
 0.1 kb	 0.0% Packages/com.unity.dt.app-ui/Runtime/UI/Manipulators/Dragger.cs
 0.1 kb	 0.0% Packages/com.unity.dt.app-ui/Runtime/UI/Layouts/Panel.cs
 0.1 kb	 0.0% Packages/com.unity.dt.app-ui/Runtime/UI/Layouts/PageView.cs
 0.1 kb	 0.0% Packages/com.unity.dt.app-ui/Runtime/UI/Components/Toolbar.cs
 0.1 kb	 0.0% Packages/com.unity.dt.app-ui/Runtime/UI/Components/Toggle.cs
 0.1 kb	 0.0% Packages/com.unity.dt.app-ui/Runtime/UI/Components/Thumb.cs
 0.1 kb	 0.0% Packages/com.unity.dt.app-ui/Runtime/UI/Components/TextArea.cs
 0.1 kb	 0.0% Packages/com.unity.dt.app-ui/Runtime/UI/Components/TabItem.cs
 0.1 kb	 0.0% Packages/com.unity.dt.app-ui/Runtime/UI/Components/Stepper.cs
 0.1 kb	 0.0% Packages/com.unity.dt.app-ui/Runtime/UI/Components/Spacer.cs
 0.1 kb	 0.0% Packages/com.unity.dt.app-ui/Runtime/UI/Components/SVSquare.cs
 0.1 kb	 0.0% Packages/com.unity.dt.app-ui/Runtime/UI/Components/Radio.cs
 0.1 kb	 0.0% Packages/com.unity.dt.app-ui/Runtime/UI/Components/Quote.cs
 0.1 kb	 0.0% Packages/com.unity.dt.app-ui/Runtime/UI/Components/Progress.cs
 0.1 kb	 0.0% Packages/com.unity.dt.app-ui/Runtime/UI/Components/Picker.cs
 0.1 kb	 0.0% Packages/com.unity.dt.app-ui/Runtime/UI/Components/IntField.cs
 0.1 kb	 0.0% Packages/com.unity.dt.app-ui/Runtime/UI/Components/HelpText.cs
 0.1 kb	 0.0% Packages/com.unity.dt.app-ui/Runtime/UI/Components/Heading.cs
 0.1 kb	 0.0% Packages/com.unity.dt.app-ui/Runtime/UI/Components/GridView.cs
 0.1 kb	 0.0% Packages/com.unity.dt.app-ui/Runtime/UI/Components/Dropdown.cs
 0.1 kb	 0.0% Packages/com.unity.dt.app-ui/Runtime/UI/Components/DropZone.cs
 0.1 kb	 0.0% Packages/com.unity.dt.app-ui/Runtime/UI/Components/Drawer.cs
 0.1 kb	 0.0% Packages/com.unity.dt.app-ui/Runtime/UI/Components/Divider.cs
 0.1 kb	 0.0% Packages/com.unity.dt.app-ui/Runtime/UI/Components/Dialog.cs
 0.1 kb	 0.0% Packages/com.unity.dt.app-ui/Runtime/UI/Components/Checkbox.cs
 0.1 kb	 0.0% Packages/com.unity.dt.app-ui/Runtime/UI/Components/Canvas.cs
 0.1 kb	 0.0% Packages/com.unity.dt.app-ui/Runtime/UI/Components/Button.cs
 0.1 kb	 0.0% Packages/com.unity.dt.app-ui/Runtime/UI/Components/Badge.cs
 0.1 kb	 0.0% Packages/com.unity.dt.app-ui/Runtime/UI/Components/Avatar.cs
 0.1 kb	 0.0% Packages/com.unity.dt.app-ui/Runtime/UI/Components/AppBar.cs
 0.1 kb	 0.0% Packages/com.unity.dt.app-ui/Runtime/Core/Platform/Platform.cs
 0.1 kb	 0.0% Packages/com.unity.dt.app-ui/Runtime/Core/Message.cs
 0.1 kb	 0.0% Packages/com.unity.dt.app-ui/Runtime/Core/Looper.cs
 0.1 kb	 0.0% Packages/com.unity.dt.app-ui/Runtime/Core/Handler.cs
 0.1 kb	 0.0% Packages/com.unity.dt.app-ui/Runtime/Core/Contexts/IContext.cs
 0.1 kb	 0.0% Packages/com.unity.dt.app-ui/Runtime/Core/AppUI.cs
 0.1 kb	 0.0% Packages/com.unity.ugui/Runtime/UGUI/UI/Core/Text.cs
 0.1 kb	 0.0% Packages/com.unity.ugui/Runtime/UGUI/UI/Core/Misc.cs
 0.1 kb	 0.0% Packages/com.unity.ugui/Runtime/UGUI/UI/Core/Mask.cs
 0.1 kb	 0.0% Packages/com.unity.probuilder/Content/Resources/com.unity.probuilder/Materials/VertexPicker.mat
 0.1 kb	 0.0% Packages/com.unity.probuilder/Content/Resources/com.unity.probuilder/Materials/EdgePicker.mat
 0.1 kb	 0.0% Packages/com.unity.physics/Unity.Physics/Collision/Geometry/Mesh.cs
 0.1 kb	 0.0% Packages/com.unity.physics/Unity.Physics/Base/Math/Math.cs
 0.1 kb	 0.0% Packages/com.unity.physics/Unity.Physics/Base/Math/Aabb.cs
 0.1 kb	 0.0% Packages/com.unity.entities/Unity.Scenes/SubScene.cs
 0.1 kb	 0.0% Packages/com.unity.entities/Unity.Entities/Stubs/Unity/Debug.cs
 0.1 kb	 0.0% Packages/com.unity.dt.app-ui/Runtime/MVVM/App/IApp.cs
 0.1 kb	 0.0% Packages/com.unity.dt.app-ui/Runtime/MVVM/App/App.cs
 0.1 kb	 0.0% Packages/com.unity.behavior/Runtime/Execution/Nodes/Join.cs
 0.1 kb	 0.0% Packages/com.unity.behavior/Runtime/Execution/Node.cs
 0.1 kb	 0.0% Packages/com.autodesk.fbx/Runtime/Scripts/Globals.cs
 0.1 kb	 0.0% Packages/com.autodesk.fbx/Runtime/Scripts/FbxTime.cs
 0.1 kb	 0.0% Packages/com.autodesk.fbx/Runtime/Scripts/FbxSkin.cs
 0.1 kb	 0.0% Packages/com.autodesk.fbx/Runtime/Scripts/FbxShape.cs
 0.1 kb	 0.0% Packages/com.autodesk.fbx/Runtime/Scripts/FbxScene.cs
 0.1 kb	 0.0% Packages/com.autodesk.fbx/Runtime/Scripts/FbxPose.cs
 0.1 kb	 0.0% Packages/com.autodesk.fbx/Runtime/Scripts/FbxNull.cs
 0.1 kb	 0.0% Packages/com.autodesk.fbx/Runtime/Scripts/FbxNode.cs
 0.1 kb	 0.0% Packages/com.autodesk.fbx/Runtime/Scripts/FbxMesh.cs
 0.1 kb	 0.0% Packages/com.autodesk.fbx/Runtime/Scripts/FbxLight.cs
 0.1 kb	 0.0% Packages/com.autodesk.fbx/Runtime/Scripts/FbxLayer.cs
 0.1 kb	 0.0% Packages/com.autodesk.fbx/Runtime/Scripts/FbxEuler.cs
 0.1 kb	 0.0% Assets/_Game/UI/GameUI.cs
 0.1 kb	 0.0% Assets/_Game/Data/Levels/SceneId.cs
 0.1 kb	 0.0% Assets/_Game/Core/Persistence/SaveData.cs
 0.1 kb	 0.0% Assets/_Game/Core/Bootstrap/GameRoot.cs
 0.1 kb	 0.0% Packages/com.unity.dt.app-ui/Runtime/UI/Popups/Tray.cs
 0.1 kb	 0.0% Packages/com.unity.dt.app-ui/Runtime/UI/Menu/Menu.cs
 0.1 kb	 0.0% Packages/com.unity.dt.app-ui/Runtime/UI/Layouts/Pane.cs
 0.1 kb	 0.0% Packages/com.unity.dt.app-ui/Runtime/UI/Components/Text.cs
 0.1 kb	 0.0% Packages/com.unity.dt.app-ui/Runtime/UI/Components/Tabs.cs
 0.1 kb	 0.0% Packages/com.unity.dt.app-ui/Runtime/UI/Components/Mask.cs
 0.1 kb	 0.0% Packages/com.unity.dt.app-ui/Runtime/UI/Components/Link.cs
 0.1 kb	 0.0% Packages/com.unity.dt.app-ui/Runtime/UI/Components/Icon.cs
 0.1 kb	 0.0% Packages/com.unity.dt.app-ui/Runtime/UI/Components/Chip.cs
 0.1 kb	 0.0% Packages/com.unity.dt.app-ui/Runtime/Core/Date.cs
 0.1 kb	 0.0% Assets/Resources/PerformanceTestRunSettings.json
 0.1 kb	 0.0% Assets/Settings/SampleSceneProfile.asset
-------------------------------------------------------------------------------
Total cache size 268375992
Total cache size after purge 268375992, took 00:00:00.1828771
Unloading 217 Unused Serialized files (Serialized files now loaded: 0)
Unloading 274 unused Assets / (409.2 KB). Loaded Objects now: 18928.
Memory consumption went from 0.72 GB to 0.72 GB.
Total: 241.536959 ms (FindLiveObjects: 7.721458 ms CreateObjectMapping: 1.058625 ms MarkObjects: 228.281417 ms  DeleteObjects: 3.817458 ms)

Build Finished, Result: Success.
Unloading 6 Unused Serialized files (Serialized files now loaded: 0)
2026-09-18T21:17:41.370-0600	INFO	Running Usymtool
2026-09-18T21:17:41.371-0600	INFO	Command line	{"cmd": "/Applications/Unity/Hub/Editor/6000.6.0f1/Unity.app/Contents/Helpers/usymtoolarm64 -symbolPath /Users/dawsonblock/unity/My project (7)/BuildEvidence/player-build/EscapeTheElites_BackUpThisFolder_ButDontShipItWithYourGame/GameAssembly.dSYM -log /Users/dawsonblock/Library/Logs/Unity/symbol_upload.log"}
2026-09-18T21:17:41.371-0600	INFO	Usymtool executable path	{"path": "/Applications/Unity/Hub/Editor/6000.6.0f1/Unity.app/Contents/Helpers/usymtoolarm64"}
2026-09-18T21:17:41.371-0600	INFO	Usymtool OS/Arch	{"os": "darwin", "arch": "arm64"}
2026-09-18T21:17:41.371-0600	INFO	Working directory	{"dir": "/Users/dawsonblock/unity/My project (7)"}
2026-09-18T21:17:41.371-0600	INFO	Log file path	{"path": "/Users/dawsonblock/Library/Logs/Unity/symbol_upload.log"}
2026-09-18T21:17:41.371-0600	INFO	USYM_UPLOAD_URL_SOURCE	{"url": "https://perf-events.cloud.unity3d.com/url"}
2026-09-18T21:17:41.371-0600	INFO	USYM_UPLOAD_AUTH_TOKEN	{"status": "present, redacted"}
2026-09-18T21:17:41.371-0600	INFO	symbolPath	{"path": "/Users/dawsonblock/unity/My project (7)/BuildEvidence/player-build/EscapeTheElites_BackUpThisFolder_ButDontShipItWithYourGame/GameAssembly.dSYM"}
2026-09-18T21:17:41.371-0600	ERROR	Error getting files in path	{"path": "/Users/dawsonblock/unity/My project (7)/BuildEvidence/player-build/EscapeTheElites_BackUpThisFolder_ButDontShipItWithYourGame/GameAssembly.dSYM", "error": "Error walking path /Users/dawsonblock/unity/My project (7)/BuildEvidence/player-build/EscapeTheElites_BackUpThisFolder_ButDontShipItWithYourGame/GameAssembly.dSYM at file /Users/dawsonblock/unity/My project (7)/BuildEvidence/player-build/EscapeTheElites_BackUpThisFolder_ButDontShipItWithYourGame/GameAssembly.dSYM, file will not be processed: lstat /Users/dawsonblock/unity/My project (7)/BuildEvidence/player-build/EscapeTheElites_BackUpThisFolder_ButDontShipItWithYourGame/GameAssembly.dSYM: no such file or directory"}
2026-09-18T21:17:41.371-0600	ERROR	Error uploading symbols to Unity Cloud Diagnostics	{"error": "Error walking path /Users/dawsonblock/unity/My project (7)/BuildEvidence/player-build/EscapeTheElites_BackUpThisFolder_ButDontShipItWithYourGame/GameAssembly.dSYM at file /Users/dawsonblock/unity/My project (7)/BuildEvidence/player-build/EscapeTheElites_BackUpThisFolder_ButDontShipItWithYourGame/GameAssembly.dSYM, file will not be processed: lstat /Users/dawsonblock/unity/My project (7)/BuildEvidence/player-build/EscapeTheElites_BackUpThisFolder_ButDontShipItWithYourGame/GameAssembly.dSYM: no such file or directory"}
2026-09-18T21:17:41.371-0600	INFO	Usymtool run completed	{"duration": "540.583µs"}
Loaded scene 'Temp/__Backupscenes/0.backup'
	Deserialize:            26.360 ms
	Integration:            127.129 ms
	Integration of assets:  1.836 ms
	Thread Wait Time:       -0.004 ms
	Total Operation Time:   155.321 ms
Unloading 9 unused Assets / (16.6 KB). Loaded Objects now: 19406.
Memory consumption went from 0.72 GB to 0.72 GB.
Total: 80.614209 ms (FindLiveObjects: 1.002917 ms CreateObjectMapping: 0.298167 ms MarkObjects: 78.769042 ms  DeleteObjects: 0.048458 ms)

Refreshing native plugins compatible for Editor in 2.20 ms, found 5 plugins.

Asset Pipeline Refresh (id=2366a43c55b1e40a29353dbd41789ae5): Total: 1.892 seconds - Initiated by RefreshV2(NoUpdateAssetOptions)
	(Values over 0.05ms)
	Summary:
		Imports: total=0 (actual=0, local cache=0, cache server=0)
		Asset DB Process Time: managed=0 ms, native=1817 ms
		Asset DB Callback time: managed=51 ms, native=21 ms
		Scripting: domain reloads=0, domain reload time=0 ms, compile time=0 ms, other=0 ms
		Project Asset Count: scripts=3633, non-scripts=7903
		Asset File Changes: new=0, changed=0, moved=0, deleted=3
		Scan Filter Count: 1
	InvokeCustomDependenciesCallbacks: 0.141ms
	ApplyChangesToAssetFolders: 1.303ms
	Scan: 1299.536ms
	Collect global state as custom dependencies: 1.521ms
	OnSourceAssetsModified: 1.633ms
	CategorizeScriptCompilationAssets: 0.286ms
	ProcessAssetsWithTransientArtifactChanges: 10.682ms
	CategorizeAssets: 199.818ms
	ImportOutOfDateAssets: 14.361ms (1.254ms without children)
		ReloadNativeAssets: 0.159ms
		UnloadImportedAssets: 0.371ms
		EnsureUptoDateAssetsAreRegisteredWithGuidPM: 1.549ms
		ImportSchedulerStart: 11.025ms
	PostProcessAllAssets: 39.538ms
		XRBuildSystem.XRAssetImported 6.872ms
		VCAutoAddAssetPostprocess 2.273ms
		UnityScenesPostprocess 0.125ms
		MonoPostProcessAllAssets: 26.411ms
			ConfigAssetsTracker.OnPostprocessAllAssets 11.189ms
			ShaderGraphAssetPostProcessor.OnPostprocessAllAssets 4.268ms
			SyncVS.PostprocessSyncProject 1.920ms
			AssetChangedListener.OnPostprocessAllAssets 0.629ms
			BuilderAssetPostprocessor.OnPostprocessAllAssets 0.365ms
			SceneAssetPostProcessor.OnPostprocessAllAssets 0.360ms
			SpriteSlicePostprocessor.OnPostprocessAllAssets 0.330ms
			AssetPostprocessor.OnPostprocessAllAssets 0.313ms
			AssetPostprocessorProxy.OnPostprocessAllAssets 0.306ms
			ArtifactBrowserPostProcessor.OnPostprocessAllAssets 0.188ms
			GraphRefreshPostprocessor.OnPostprocessAllAssets 0.159ms
			ShaderReflectionAssetPostProcessor.OnPostprocessAllAssets 0.148ms
			SpriteEditorTexturePostprocessor.OnPostprocessAllAssets 0.132ms
			EditModeScopePostprocessor.OnPostprocessAllAssets 0.123ms
			SkillsProjectAssetPostprocessor.OnPostprocessAllAssets 0.103ms
			WindowAssetPostprocessingWatcher.OnPostprocessAllAssets 0.099ms
			AssetChangeDetector.OnPostprocessAllAssets 0.085ms
			StyleCatalogPostProcessor.OnPostprocessAllAssets 0.081ms
			RetainedModeAssetPostprocessor.OnPostprocessAllAssets 0.078ms
			AssetDatabaseCallbacks.OnPostprocessAllAssets 0.070ms
			SpeedTree9Postprocessor.OnPostprocessAllAssets 0.051ms
	PostAssetChangesProfiler: 31.761ms
	GatherAllCurrentPrimaryImportResultRevisions: 24.276ms
	UnloadStreamsBegin: 0.107ms
	PersistCurrentRevisions: 1.910ms
	Untracked: 263.530ms

Launching external process: /Applications/Unity/Hub/Editor/6000.6.0f1/Unity.app/Contents/Resources/Scripting/il2cpp/build/deploy/Analytics
##utp:{"success":true,"type":"PlayerBuildInfo","version":2,"phase":"Immediate","time":1789787864050,"processId":86948,"steps":[{"description":"Call PrepareForBuild callbacks","duration":1799},{"description":"Call internal build started callbacks","duration":4},{"description":"Preprocess Player","duration":1505},{"description":"Save scenes before build","duration":7},{"description":"Prepare For Build","duration":441},{"description":"ProducePlayerScriptAssemblies","duration":11997},{"description":"Verify Build setup","duration":272},{"description":"Prepare assets for target platform","duration":11},{"description":"Prepare splash screen","duration":2},{"description":"Build scripts DLLs","duration":20},{"description":"Building scenes","duration":1612},{"description":"Build GlobalGameManagers file","duration":353},{"description":"Writing asset files","duration":232947},{"description":"Building Resources/unity_builtin_extra","duration":414},{"description":"Write data build dirty tracking information","duration":1394},{"description":"Postprocess built player","duration":5191},{"description":"Call Post-Process callbacks","duration":2474}],"duration":260443}
AcceleratorClientConnectionCallback - disconnected - :0
Importing 'GUID: 00000000000000004000000000000000 - Path: ProjectSettings/ProjectSettings.asset' with importer (LibraryAssetImporter)
Imported 'GUID: 00000000000000004000000000000000' -> (Import Result ID: 'c08cb4587e8320ecfaaa8f290f7d4c1c') in 0.021 seconds [static dependencies only]. Details - ImportResultOutputID=054c890a8f4b6dddbea933bc5e4b7df4 DependenciesID=1521d6537fd03ea95ef209a52552091b StaticDependenciesID=60c325f6d4253eddee613c0533e5c181 
Refreshing native plugins compatible for Editor in 2.39 ms, found 5 plugins.
Preloading 1 native plugins for Editor in 2.16 ms.
Asset Pipeline Refresh (id=29d5ef258e4c5465eb6de6dae156cc40): Total: 0.130 seconds - Initiated by StopAssetImportingV2(NoUpdateAssetOptions)
[PlayerBuild] Restored the authored preloadedAssets order.
UnityEngine.Debug:ExtractStackTraceNoAlloc (byte*,int,string)
UnityEngine.StackTraceUtility:ExtractStackTrace () (at /Users/bokken/build/output/unity/unity/Runtime/Export/Scripting/StackTrace.cs:23)
UnityEngine.DebugLogHandler:Internal_Log (UnityEngine.LogType,UnityEngine.LogOption,string,UnityEngine.Object)
UnityEngine.DebugLogHandler:LogFormat (UnityEngine.LogType,UnityEngine.Object,string,object[])
UnityEngine.Logger:Log (UnityEngine.LogType,object)
UnityEngine.Debug:Log (object)
Escape.EditorTools.PlayerBuild:Build () (at Assets/_Game/Editor/PlayerBuild.cs:55)
Unity.AI.Assistant.Agent.Dynamic.Extension.Editor.CommandScript:Execute (Unity.AI.Assistant.Agent.Dynamic.Extension.Editor.ExecutionResult)
Unity.AI.Assistant.Editor.RunCommand.AgentRunCommand:Execute (Unity.AI.Assistant.Agent.Dynamic.Extension.Editor.ExecutionResult&,string) (at ./Library/PackageCache/com.unity.ai.assistant@8d1e3e89e3a7/Editor/Assistant/RunCommand/AgentRunCommand.cs:56)
Unity.AI.Assistant.Editor.RunCommand.RunCommandUtils:Execute (Unity.AI.Assistant.Editor.RunCommand.AgentRunCommand,string) (at ./Library/PackageCache/com.unity.ai.assistant@8d1e3e89e3a7/Editor/Assistant/RunCommand/RunCommandUtils.cs:75)
Unity.AI.Assistant.Tools.Editor.RunCommandTool/<ExecuteCommand>d__6:MoveNext () (at ./Library/PackageCache/com.unity.ai.assistant@8d1e3e89e3a7/Modules/Unity.AI.Assistant.Tools/Scripting/RunCommandTool.cs:73)
System.Runtime.CompilerServices.AsyncTaskMethodBuilder`1<Unity.AI.Assistant.Tools.Editor.RunCommandTool/ExecutionOutput>:Start<Unity.AI.Assistant.Tools.Editor.RunCommandTool/<ExecuteCommand>d__6> (Unity.AI.Assistant.Tools.Editor.RunCommandTool/<ExecuteCommand>d__6&)
Unity.AI.Assistant.Tools.Editor.RunCommandTool:ExecuteCommand (Unity.AI.Assistant.FunctionCalling.ToolExecutionContext,string,string)
Unity.AI.MCP.Editor.Tools.RunCommand/<HandleCommand>d__4:MoveNext () (at ./Library/PackageCache/com.unity.ai.assistant@8d1e3e89e3a7/Modules/Unity.AI.MCP.Editor/Tools/RunCommand.cs:155)
System.Runtime.CompilerServices.AsyncTaskMethodBuilder`1<object>:Start<Unity.AI.MCP.Editor.Tools.RunCommand/<HandleCommand>d__4> (Unity.AI.MCP.Editor.Tools.RunCommand/<HandleCommand>d__4&)
Unity.AI.MCP.Editor.Tools.RunCommand:HandleCommand (Unity.AI.MCP.Editor.Tools.Parameters.RunCommandParams)
System.Reflection.RuntimeMethodInfo:Invoke (object,System.Reflection.BindingFlags,System.Reflection.Binder,object[],System.Globalization.CultureInfo)
System.Reflection.MethodBase:Invoke (object,object[])
Unity.AI.MCP.Editor.ToolRegistry.TypedToolHandler:ExecuteAsync (Newtonsoft.Json.Linq.JObject) (at ./Library/PackageCache/com.unity.ai.assistant@8d1e3e89e3a7/Modules/Unity.AI.MCP.Editor/ToolRegistry/IToolHandler.cs:164)
Unity.AI.MCP.Editor.ToolRegistry.McpToolRegistry/<ExecuteToolAsync>d__14:MoveNext () (at ./Library/PackageCache/com.unity.ai.assistant@8d1e3e89e3a7/Modules/Unity.AI.MCP.Editor/ToolRegistry/McpToolRegistry.cs:244)
System.Runtime.CompilerServices.AsyncTaskMethodBuilder`1<object>:Start<Unity.AI.MCP.Editor.ToolRegistry.McpToolRegistry/<ExecuteToolAsync>d__14> (Unity.AI.MCP.Editor.ToolRegistry.McpToolRegistry/<ExecuteToolAsync>d__14&)
Unity.AI.MCP.Editor.ToolRegistry.McpToolRegistry:ExecuteToolAsync (string,Newtonsoft.Json.Linq.JObject)
Unity.AI.MCP.Editor.Bridge/<ExecuteCommandAsync>d__75:MoveNext () (at ./Library/PackageCache/com.unity.ai.assistant@8d1e3e89e3a7/Modules/Unity.AI.MCP.Editor/Bridge.cs:1783)
System.Runtime.CompilerServices.AsyncTaskMethodBuilder`1<string>:Start<Unity.AI.MCP.Editor.Bridge/<ExecuteCommandAsync>d__75> (Unity.AI.MCP.Editor.Bridge/<ExecuteCommandAsync>d__75&)
Unity.AI.MCP.Editor.Bridge:ExecuteCommandAsync (Unity.AI.MCP.Editor.Models.Command,Unity.AI.MCP.Editor.Connection.IConnectionTransport,System.Threading.CancellationToken)
Unity.AI.MCP.Editor.Bridge:ProcessCommands () (at ./Library/PackageCache/com.unity.ai.assistant@8d1e3e89e3a7/Modules/Unity.AI.MCP.Editor/Bridge.cs:1537)
Unity.AI.MCP.Editor.Bridge:<RequestDrainOnMainThread>b__69_0 (object) (at ./Library/PackageCache/com.unity.ai.assistant@8d1e3e89e3a7/Modules/Unity.AI.MCP.Editor/Bridge.cs:1468)
UnityEngine.UnitySynchronizationContext/WorkRequest:Invoke () (at /Users/bokken/build/output/unity/unity/Runtime/Export/Scripting/UnitySynchronizationContext.cs:156)
UnityEngine.UnitySynchronizationContext:Exec () (at /Users/bokken/build/output/unity/unity/Runtime/Export/Scripting/UnitySynchronizationContext.cs:84)
UnityEngine.UnitySynchronizationContext:ExecuteTasks () (at /Users/bokken/build/output/unity/unity/Runtime/Export/Scripting/UnitySynchronizationContext.cs:110)

(Filename: Assets/_Game/Editor/PlayerBuild.cs Line: 55)

[PlayerBuild] Succeeded — 117289247 bytes, 00:04:22.9091340, 8 scenes, 0 errors, 4 warnings
UnityEngine.Debug:ExtractStackTraceNoAlloc (byte*,int,string)
UnityEngine.StackTraceUtility:ExtractStackTrace () (at /Users/bokken/build/output/unity/unity/Runtime/Export/Scripting/StackTrace.cs:23)
UnityEngine.DebugLogHandler:Internal_Log (UnityEngine.LogType,UnityEngine.LogOption,string,UnityEngine.Object)
UnityEngine.DebugLogHandler:LogFormat (UnityEngine.LogType,UnityEngine.Object,string,object[])
UnityEngine.Logger:Log (UnityEngine.LogType,object)
UnityEngine.Debug:Log (object)
Escape.EditorTools.PlayerBuild:Build () (at Assets/_Game/Editor/PlayerBuild.cs:59)
Unity.AI.Assistant.Agent.Dynamic.Extension.Editor.CommandScript:Execute (Unity.AI.Assistant.Agent.Dynamic.Extension.Editor.ExecutionResult)
Unity.AI.Assistant.Editor.RunCommand.AgentRunCommand:Execute (Unity.AI.Assistant.Agent.Dynamic.Extension.Editor.ExecutionResult&,string) (at ./Library/PackageCache/com.unity.ai.assistant@8d1e3e89e3a7/Editor/Assistant/RunCommand/AgentRunCommand.cs:56)
Unity.AI.Assistant.Editor.RunCommand.RunCommandUtils:Execute (Unity.AI.Assistant.Editor.RunCommand.AgentRunCommand,string) (at ./Library/PackageCache/com.unity.ai.assistant@8d1e3e89e3a7/Editor/Assistant/RunCommand/RunCommandUtils.cs:75)
Unity.AI.Assistant.Tools.Editor.RunCommandTool/<ExecuteCommand>d__6:MoveNext () (at ./Library/PackageCache/com.unity.ai.assistant@8d1e3e89e3a7/Modules/Unity.AI.Assistant.Tools/Scripting/RunCommandTool.cs:73)
System.Runtime.CompilerServices.AsyncTaskMethodBuilder`1<Unity.AI.Assistant.Tools.Editor.RunCommandTool/ExecutionOutput>:Start<Unity.AI.Assistant.Tools.Editor.RunCommandTool/<ExecuteCommand>d__6> (Unity.AI.Assistant.Tools.Editor.RunCommandTool/<ExecuteCommand>d__6&)
Unity.AI.Assistant.Tools.Editor.RunCommandTool:ExecuteCommand (Unity.AI.Assistant.FunctionCalling.ToolExecutionContext,string,string)
Unity.AI.MCP.Editor.Tools.RunCommand/<HandleCommand>d__4:MoveNext () (at ./Library/PackageCache/com.unity.ai.assistant@8d1e3e89e3a7/Modules/Unity.AI.MCP.Editor/Tools/RunCommand.cs:155)
System.Runtime.CompilerServices.AsyncTaskMethodBuilder`1<object>:Start<Unity.AI.MCP.Editor.Tools.RunCommand/<HandleCommand>d__4> (Unity.AI.MCP.Editor.Tools.RunCommand/<HandleCommand>d__4&)
Unity.AI.MCP.Editor.Tools.RunCommand:HandleCommand (Unity.AI.MCP.Editor.Tools.Parameters.RunCommandParams)
System.Reflection.RuntimeMethodInfo:Invoke (object,System.Reflection.BindingFlags,System.Reflection.Binder,object[],System.Globalization.CultureInfo)
System.Reflection.MethodBase:Invoke (object,object[])
Unity.AI.MCP.Editor.ToolRegistry.TypedToolHandler:ExecuteAsync (Newtonsoft.Json.Linq.JObject) (at ./Library/PackageCache/com.unity.ai.assistant@8d1e3e89e3a7/Modules/Unity.AI.MCP.Editor/ToolRegistry/IToolHandler.cs:164)
Unity.AI.MCP.Editor.ToolRegistry.McpToolRegistry/<ExecuteToolAsync>d__14:MoveNext () (at ./Library/PackageCache/com.unity.ai.assistant@8d1e3e89e3a7/Modules/Unity.AI.MCP.Editor/ToolRegistry/McpToolRegistry.cs:244)
System.Runtime.CompilerServices.AsyncTaskMethodBuilder`1<object>:Start<Unity.AI.MCP.Editor.ToolRegistry.McpToolRegistry/<ExecuteToolAsync>d__14> (Unity.AI.MCP.Editor.ToolRegistry.McpToolRegistry/<ExecuteToolAsync>d__14&)
Unity.AI.MCP.Editor.ToolRegistry.McpToolRegistry:ExecuteToolAsync (string,Newtonsoft.Json.Linq.JObject)
Unity.AI.MCP.Editor.Bridge/<ExecuteCommandAsync>d__75:MoveNext () (at ./Library/PackageCache/com.unity.ai.assistant@8d1e3e89e3a7/Modules/Unity.AI.MCP.Editor/Bridge.cs:1783)
System.Runtime.CompilerServices.AsyncTaskMethodBuilder`1<string>:Start<Unity.AI.MCP.Editor.Bridge/<ExecuteCommandAsync>d__75> (Unity.AI.MCP.Editor.Bridge/<ExecuteCommandAsync>d__75&)
Unity.AI.MCP.Editor.Bridge:ExecuteCommandAsync (Unity.AI.MCP.Editor.Models.Command,Unity.AI.MCP.Editor.Connection.IConnectionTransport,System.Threading.CancellationToken)
Unity.AI.MCP.Editor.Bridge:ProcessCommands () (at ./Library/PackageCache/com.unity.ai.assistant@8d1e3e89e3a7/Modules/Unity.AI.MCP.Editor/Bridge.cs:1537)
Unity.AI.MCP.Editor.Bridge:<RequestDrainOnMainThread>b__69_0 (object) (at ./Library/PackageCache/com.unity.ai.assistant@8d1e3e89e3a7/Modules/Unity.AI.MCP.Editor/Bridge.cs:1468)
UnityEngine.UnitySynchronizationContext/WorkRequest:Invoke () (at /Users/bokken/build/output/unity/unity/Runtime/Export/Scripting/UnitySynchronizationContext.cs:156)
UnityEngine.UnitySynchronizationContext:Exec () (at /Users/bokken/build/output/unity/unity/Runtime/Export/Scripting/UnitySynchronizationContext.cs:84)
UnityEngine.UnitySynchronizationContext:ExecuteTasks () (at /Users/bokken/build/output/unity/unity/Runtime/Export/Scripting/UnitySynchronizationContext.cs:110)

