Unity Editor version:    6000.6.0f1 (f7f8ed4d1e24)
Branch:                  6000.6/respin/6000.6.0f1-fa21a270ab12
Build type:              Release
Batch mode:              YES
macOS version:           Version 26.2 (Build 25C56)
Darwin version:          25.2.0
Architecture:            arm64
Running under Rosetta:   NO
Available memory:        16384 MB
Date:                    2026-09-19T09:05:07Z
Launching external process: /Applications/Unity/Hub/Editor/6000.6.0f1/Unity.app/Contents/Resources/Scripting/NetCoreRuntime/dotnet
VBCSCompilerPreWarmer: pre-warm launched (dotnet PID 47765)
VBCSCompiler prewarm took 3.35 ms
[Licensing::Module] Trying to connect to existing licensing client channel...
[Licensing::IpcConnector] Successfully connected to: "LicenseClient-dawsonblock" at "2026-09-19T09:05:07.667465Z"
Launching external process: /Applications/Unity/Hub/Editor/6000.6.0f1/Unity.app/Contents/Helpers/PackageManager/Server/UnityPackageManager

COMMAND LINE ARGUMENTS:
/Applications/Unity/Hub/Editor/6000.6.0f1/Unity.app/Contents/MacOS/Unity
-batchmode
-nographics
-silent-crashes
-projectPath
/Users/dawsonblock/unity/My project (7)
-runTests
-testPlatform
EditMode
-testResults
/Users/dawsonblock/unity/My project (7)/TestResults-editMode.xml
-logFile
/Users/dawsonblock/unity/My project (7)/Logs/ci-editMode.log
Successfully changed project path to: /Users/dawsonblock/unity/My project (7)
/Users/dawsonblock/unity/My project (7)
[UnityMemory] Configuration Parameters - Can be set up in boot.config
    "memorysetup-temp-allocator-size-gi-baking-worker=262144"
    "memorysetup-temp-allocator-size-gi-baking-worker=262144"
    "memorysetup-temp-allocator-size-gi-baking-worker=262144"
    "memorysetup-temp-allocator-size-gi-baking-worker=262144"
    "memorysetup-temp-allocator-size-gi-baking-worker=262144"
    "memorysetup-temp-allocator-size-nav-mesh-worker=65536"
    "memorysetup-temp-allocator-size-audio-worker=65536"
    "memorysetup-temp-allocator-size-cloud-worker=32768"
    "memorysetup-temp-allocator-size-preload-manager=33554432"
    "memorysetup-remapper-allocator-initial-capacity=32768"
    "memorysetup-temp-allocator-size-gfx=262144"
    "memorysetup-allocator-temp-initial-block-size-main=262144"
    "memorysetup-allocator-temp-initial-block-size-worker=262144"
    "memorysetup-temp-allocator-size-background-worker=32768"
    "memorysetup-temp-allocator-size-job-worker=262144"
    "memorysetup-bucket-allocator-granularity=16"
    "memorysetup-bucket-allocator-bucket-count=8"
    "memorysetup-bucket-allocator-block-size=33554432"
    "memorysetup-bucket-allocator-block-count=8"
    "memorysetup-main-allocator-block-size=16777216"
    "memorysetup-thread-allocator-block-size=16777216"
    "memorysetup-main-allocator-mimalloc-enabled=1"
    "memorysetup-gfx-main-allocator-block-size=16777216"
    "memorysetup-gfx-thread-allocator-block-size=16777216"
    "memorysetup-cache-allocator-block-size=4194304"
    "memorysetup-typetree-allocator-block-size=2097152"
    "memorysetup-profiler-bucket-allocator-granularity=16"
    "memorysetup-profiler-bucket-allocator-bucket-count=8"
    "memorysetup-profiler-bucket-allocator-block-size=33554432"
    "memorysetup-profiler-bucket-allocator-block-count=8"
    "memorysetup-profiler-allocator-block-size=16777216"
    "memorysetup-profiler-editor-allocator-block-size=1048576"
    "memorysetup-temp-allocator-size-main=16777216"
    "memorysetup-job-temp-allocator-block-size=2097152"
    "memorysetup-job-temp-allocator-block-size-background=1048576"
    "memorysetup-job-temp-allocator-reduction-small-platforms=262144"
Logging is directed to a specific file, skipping project log.
Player connection [8337845312]  Target information:

Player connection [8337845312]  * "[IP] 172.16.1.228 [Port] 55504 [Flags] 2 [Guid] 199320270 [EditorId] 199320270 [Version] 1048832 [Id] OSXEditor(0,Mac.gateway.sasktel.net) [Debug] 1 [PackageName] OSXEditor [ProjectName] Editor" 

Player connection [8337845312] Host joined multi-casting on [225.0.0.222:54997]...
Player connection [8337845312] Host joined alternative multi-casting on [225.0.0.222:34997]...
Input System module state changed to: Initialized.
[Physics::Module] Initialized fallback backend.
[Physics::Module] Id: 0xdecafbad
[Package Manager] Connected to IPC stream "Upm-47764" after 0.3 seconds.
[Licensing::Module] Licensing is not yet initialized.
[Licensing::Client] Handshaking with LicensingClient:
  Version:                 1.18.3+d7ffd15
  Session Id:              923c44eb55ea421fa7243e7176876940
  Correlation Id:          f0554d3a71ae63b997897297e72cf6a9
  External correlation Id: 8479141588190865317
  Machine Id:              n3escge5pqjPvr3IgPQQt/UsqME=
[Licensing::Module] Successfully connected to LicensingClient on channel: "LicenseClient-dawsonblock" (connect: 0.00s, validation: 0.00s, handshake: 0.43s)
[Licensing::IpcConnector] Successfully connected to: "LicenseClient-dawsonblock-notifications" at "2026-09-19T09:05:08.094327Z"
[Licensing::Module] Error: Access token is unavailable; failed to update
[Licensing::Client] Successfully resolved entitlement details
[Licensing::Module] License group:
  Id: 3574369121834-UnityPersXXXX
  Product: Unity Personal
  Type: Assigned
  Expiration: Unlimited
[Licensing::Client] Successfully updated license, isAsync: True, time: 0.00
[Licensing::Module] Licensing Background thread has ended after 0.43s
[Licensing::Module] Licensing is initialized (took 0.03s).
[Licensing::Client] Successfully resolved entitlement details
Library Redirect Path: Library/
Initialising UDS system complete:
  - System type: Client
  - Resource namespace: e1720c9cee4999839e2ce6a29aba52ca
  - Shared memory size: 1073741824
  - Command buffer id: 1052672
  - Command buffer size: 8192
  - Hashmap size: 4194304
  - Service connected: false
Launching Unity Data Store - /Applications/Unity/Hub/Editor/6000.6.0f1/Unity.app/Contents/Helpers/Unity.DataStore 
Unity Data Store artifact dir = Library/DataStore, working dir = /Users/dawsonblock/unity/My project (7)[Physics::Module] Selected backend.
[Physics::Module] Name: PhysX
[Physics::Module] Id: 0xf2b8ea05
[Physics::Module] SDK Version: 4.1.2
[Physics::Module] Integration Version: 1.0.0
[Physics::Module] Threading Mode: Multi-Threaded
Unity Data Store running and initialised
Initialize engine version: 6000.6.0f1 (f7f8ed4d1e24)
[EntityIdStore] init: VM path (explicit commit), pageSize=16384, blockCount=262144, entitiesPerBlock=1024, slots reserved=4294967296 bytes
[Subsystems] Discovering subsystems at path /Applications/Unity/Hub/Editor/6000.6.0f1/Unity.app/Contents/Resources/UnitySubsystems
[Subsystems] Discovering subsystems at path /Users/dawsonblock/unity/My project (7)/Assets
Forcing GfxDevice: Null
GfxDevice: creating device client; kGfxThreadingModeNonThreaded
NullGfxDevice:
    Version:  NULL 1.0 [1.0]
    Renderer: Null Device
    Vendor:   Unity Technologies
Initialize mono
Mono path[0] = '/Applications/Unity/Hub/Editor/6000.6.0f1/Unity.app/Contents/Resources/Scripting/Managed'
Mono path[1] = '/Applications/Unity/Hub/Editor/6000.6.0f1/Unity.app/Contents/Resources/Scripting/BCLExtensions/runtime/netstandard2.1'
Mono path[2] = '/Applications/Unity/Hub/Editor/6000.6.0f1/Unity.app/Contents/Resources/Scripting/MonoBleedingEdge/lib/mono/unityjit-macos'
Mono config path = '/Applications/Unity/Hub/Editor/6000.6.0f1/Unity.app/Contents/Resources/Scripting/MonoBleedingEdge/etc'
Using monoOptions --debugger-agent=transport=dt_socket,embedding=1,server=y,suspend=n,address=127.0.0.1:56764
CodeReloadManager initialized
ImportWorker Server TCP listen port: 0
AcceleratorClientConnectionCallback - disconnected - :0
Begin MonoManager ReloadAssembly
Registering precompiled unity dll's ...
Register platform support module: /Applications/Unity/Hub/Editor/6000.6.0f1/PlaybackEngines/MacStandaloneSupport/UnityEditor.OSXStandalone.Extensions.dll
Registered in 0.000495 seconds.
Native extension for OSXStandalone target not found
Package Manager log level set to [2]
ScheduleIndexationOnStartup MainProcess:False IndexOnStartup:True
Scripting: successfully reloaded assembly
- Finished resetting the current domain, in  0.886 seconds
Domain Reload Profiling: 1257ms
	BeginReloadAssembly (88ms)
		CreateAndSetChildDomain (7ms)
	RebuildCommonClasses (3ms)
	RebuildNativeTypeToScriptingClass (14ms)
	initialDomainReloadingComplete (39ms)
	LoadAllAssembliesAndSetupDomain (227ms)
		LoadAssemblies (81ms)
		TypeCache.Refresh (164ms)
			TypeCache.ScanAssembly (152ms)
		AnalyzeDomain (1ms)
	FinalizeReload (886ms)
		SetupLoadedEditorAssemblies (0ms)
			BeforeProcessingInitializeOnLoad (68ms)
			ProcessInitializeOnLoadAttributes (64ms)
			ProcessInitializeOnLoadMethodAttributes (605ms)
[Licensing::Client] Successfully resolved entitlement details
Application.AssetDatabase Initial Refresh Start
[Package Manager] Restoring resolved packages state from cache
[Licensing::Client] Successfully resolved entitlement details
[Package Manager] Registered 76 packages:
  Packages from [https://packages.unity.com]:
    com.unity.ai.assistant@2.19.0-pre.2 (location: /Users/dawsonblock/unity/My project (7)/Library/PackageCache/com.unity.ai.assistant@8d1e3e89e3a7)
    com.unity.ai.navigation@2.0.14 (location: /Users/dawsonblock/unity/My project (7)/Library/PackageCache/com.unity.ai.navigation@134dd6a3b97b)
    com.unity.asset-manager-for-unity@1.11.0 (location: /Users/dawsonblock/unity/My project (7)/Library/PackageCache/com.unity.asset-manager-for-unity@71c49222cba8)
    com.unity.behavior@1.0.16 (location: /Users/dawsonblock/unity/My project (7)/Library/PackageCache/com.unity.behavior@1b9c0eccba9c)
    com.unity.inputsystem@1.20.0 (location: /Users/dawsonblock/unity/My project (7)/Library/PackageCache/com.unity.inputsystem@7a4e1a2a8194)
    com.unity.pipeline@0.7.0-exp.1 (location: /Users/dawsonblock/unity/My project (7)/Library/PackageCache/com.unity.pipeline@ab05e9cd7f74)
    com.unity.services.cloud-build@2.0.8 (location: /Users/dawsonblock/unity/My project (7)/Library/PackageCache/com.unity.services.cloud-build@235f37f57c39)
    com.unity.services.tooling@1.4.1 (location: /Users/dawsonblock/unity/My project (7)/Library/PackageCache/com.unity.services.tooling@4059a0fcc8b5)
    com.unity.services.core@1.18.0 (location: /Users/dawsonblock/unity/My project (7)/Library/PackageCache/com.unity.services.core@3464cb68d709)
    com.unity.services.deployment@1.7.2 (location: /Users/dawsonblock/unity/My project (7)/Library/PackageCache/com.unity.services.deployment@c07c64f9804b)
    com.unity.services.authentication@3.7.4 (location: /Users/dawsonblock/unity/My project (7)/Library/PackageCache/com.unity.services.authentication@39eab783227c)
    com.unity.collab-proxy@2.13.6 (location: /Users/dawsonblock/unity/My project (7)/Library/PackageCache/com.unity.collab-proxy@4628d2ba6ea4)
    com.unity.nuget.newtonsoft-json@3.2.2 (location: /Users/dawsonblock/unity/My project (7)/Library/PackageCache/com.unity.nuget.newtonsoft-json@4dfd81071c64)
    com.unity.nuget.mono-cecil@1.11.6 (location: /Users/dawsonblock/unity/My project (7)/Library/PackageCache/com.unity.nuget.mono-cecil@ecb9724e46ff)
    com.unity.probuilder@6.1.2 (location: /Users/dawsonblock/unity/My project (7)/Library/PackageCache/com.unity.probuilder@8be9724b2335)
    com.unity.formats.fbx@5.1.6 (location: /Users/dawsonblock/unity/My project (7)/Library/PackageCache/com.unity.formats.fbx@9f10493e557a)
    com.unity.terrain-tools@5.3.3 (location: /Users/dawsonblock/unity/My project (7)/Library/PackageCache/com.unity.terrain-tools@7c2b357ea7bd)
    com.unity.visualscripting@1.9.12 (location: /Users/dawsonblock/unity/My project (7)/Library/PackageCache/com.unity.visualscripting@4edfcc09512f)
    com.unity.ide.visualstudio@2.0.28 (location: /Users/dawsonblock/unity/My project (7)/Library/PackageCache/com.unity.ide.visualstudio@b5edea5f33f4)
    com.unity.ide.rider@3.0.40 (location: /Users/dawsonblock/unity/My project (7)/Library/PackageCache/com.unity.ide.rider@e4950c6d131b)
    com.unity.performance.profile-analyzer@1.4.0 (location: /Users/dawsonblock/unity/My project (7)/Library/PackageCache/com.unity.performance.profile-analyzer@2bb26871883c)
    com.unity.testtools.codecoverage@1.3.0 (location: /Users/dawsonblock/unity/My project (7)/Library/PackageCache/com.unity.testtools.codecoverage@19a841221620)
    com.unity.dt.app-ui@2.1.11 (location: /Users/dawsonblock/unity/My project (7)/Library/PackageCache/com.unity.dt.app-ui@cd5609b130ce)
    com.unity.settings-manager@2.1.1 (location: /Users/dawsonblock/unity/My project (7)/Library/PackageCache/com.unity.settings-manager@0b8638c5ce86)
    com.unity.services.deployment.api@1.1.3 (location: /Users/dawsonblock/unity/My project (7)/Library/PackageCache/com.unity.services.deployment.api@9becf6da0f1a)
    com.unity.searcher@4.9.5 (location: /Users/dawsonblock/unity/My project (7)/Library/PackageCache/com.unity.searcher@a463122f2c00)
    com.unity.profiling.core@1.0.3 (location: /Users/dawsonblock/unity/My project (7)/Library/PackageCache/com.unity.profiling.core@8a49f7027d06)
    com.unity.scriptablebuildpipeline@3.0.3 (location: /Users/dawsonblock/unity/My project (7)/Library/PackageCache/com.unity.scriptablebuildpipeline@61526b33bf2c)
    com.autodesk.fbx@5.1.3 (location: /Users/dawsonblock/unity/My project (7)/Library/PackageCache/com.autodesk.fbx@90432ec06ab5)
    com.unity.splines@2.9.0 (location: /Users/dawsonblock/unity/My project (7)/Library/PackageCache/com.unity.splines@e6e1d5900acc)
  Built-in packages:
    com.unity.feature.characters-animation@1.0.0 (location: /Users/dawsonblock/unity/My project (7)/Library/PackageCache/com.unity.feature.characters-animation@62cc2ae02a69)
    com.unity.feature.development@1.0.2 (location: /Users/dawsonblock/unity/My project (7)/Library/PackageCache/com.unity.feature.development@767aadbc6eb7)
    com.unity.feature.gameplay-storytelling@1.0.0 (location: /Users/dawsonblock/unity/My project (7)/Library/PackageCache/com.unity.feature.gameplay-storytelling@16ce2b9ee1fa)
    com.unity.feature.worldbuilding@1.0.1 (location: /Users/dawsonblock/unity/My project (7)/Library/PackageCache/com.unity.feature.worldbuilding@24d016240bb6)
    com.unity.physics@6.6.0 (location: /Users/dawsonblock/unity/My project (7)/Library/PackageCache/com.unity.physics@8398ae658385)
    com.unity.render-pipelines.universal@17.6.0 (location: /Users/dawsonblock/unity/My project (7)/Library/PackageCache/com.unity.render-pipelines.universal@8457e85b8184)
    com.unity.test-framework@1.8.0 (location: /Users/dawsonblock/unity/My project (7)/Library/PackageCache/com.unity.test-framework@7a3849e09bd0)
    com.unity.timeline@6.6.0 (location: /Users/dawsonblock/unity/My project (7)/Library/PackageCache/com.unity.timeline@281d5f7e7d7d)
    com.unity.ugui@2.6.0 (location: /Users/dawsonblock/unity/My project (7)/Library/PackageCache/com.unity.ugui@23caec89ae27)
    com.unity.ui.test-framework@6.6.0 (location: /Users/dawsonblock/unity/My project (7)/Library/PackageCache/com.unity.ui.test-framework@4c9182418ce9)
    com.unity.modules.assetbundle@1.0.0 (location: /Users/dawsonblock/unity/My project (7)/Library/PackageCache/com.unity.modules.assetbundle)
    com.unity.modules.hierarchy@1.0.0 (location: /Users/dawsonblock/unity/My project (7)/Library/PackageCache/com.unity.modules.hierarchy)
    com.unity.modules.hierarchycore@1.0.0 (location: /Users/dawsonblock/unity/My project (7)/Library/PackageCache/com.unity.modules.hierarchycore)
    com.unity.modules.uielements@1.0.0 (location: /Users/dawsonblock/unity/My project (7)/Library/PackageCache/com.unity.modules.uielements)
    com.unity.modules.imgui@1.0.0 (location: /Users/dawsonblock/unity/My project (7)/Library/PackageCache/com.unity.modules.imgui)
    com.unity.ext.nunit@2.1.0 (location: /Users/dawsonblock/unity/My project (7)/Library/PackageCache/com.unity.ext.nunit@0198eae3b53e)
    com.unity.modules.ui@1.0.0 (location: /Users/dawsonblock/unity/My project (7)/Library/PackageCache/com.unity.modules.ui)
    com.unity.modules.audio@1.0.0 (location: /Users/dawsonblock/unity/My project (7)/Library/PackageCache/com.unity.modules.audio)
    com.unity.modules.physics2d@1.0.0 (location: /Users/dawsonblock/unity/My project (7)/Library/PackageCache/com.unity.modules.physics2d)
    com.unity.modules.physics@1.0.0 (location: /Users/dawsonblock/unity/My project (7)/Library/PackageCache/com.unity.modules.physics)
    com.unity.modules.director@1.0.0 (location: /Users/dawsonblock/unity/My project (7)/Library/PackageCache/com.unity.modules.director)
    com.unity.modules.animation@1.0.0 (location: /Users/dawsonblock/unity/My project (7)/Library/PackageCache/com.unity.modules.animation)
    com.unity.modules.particlesystem@1.0.0 (location: /Users/dawsonblock/unity/My project (7)/Library/PackageCache/com.unity.modules.particlesystem)
    com.unity.modules.jsonserialize@1.0.0 (location: /Users/dawsonblock/unity/My project (7)/Library/PackageCache/com.unity.modules.jsonserialize)
    com.unity.render-pipelines.core@17.6.0 (location: /Users/dawsonblock/unity/My project (7)/Library/PackageCache/com.unity.render-pipelines.core@2d66c71e606e)
    com.unity.shadergraph@17.6.0 (location: /Users/dawsonblock/unity/My project (7)/Library/PackageCache/com.unity.shadergraph@ef6135652377)
    com.unity.render-pipelines.universal-config@17.6.0 (location: /Users/dawsonblock/unity/My project (7)/Library/PackageCache/com.unity.render-pipelines.universal-config@561422b74439)
    com.unity.modules.screencapture@1.0.0 (location: /Users/dawsonblock/unity/My project (7)/Library/PackageCache/com.unity.modules.screencapture)
    com.unity.burst@2.0.0 (location: /Users/dawsonblock/unity/My project (7)/Library/PackageCache/com.unity.burst@626e66ab421b)
    com.unity.collections@6.6.0 (location: /Users/dawsonblock/unity/My project (7)/Library/PackageCache/com.unity.collections@10fff0607388)
    com.unity.mathematics@1.4.0 (location: /Users/dawsonblock/unity/My project (7)/Library/PackageCache/com.unity.mathematics@8306a64d0cd6)
    com.unity.entities@6.6.0 (location: /Users/dawsonblock/unity/My project (7)/Library/PackageCache/com.unity.entities@c93940ddb5ae)
    com.unity.cinemachine@6.6.0 (location: /Users/dawsonblock/unity/My project (7)/Library/PackageCache/com.unity.cinemachine@f53aa49b3acc)
    com.unity.editorcoroutines@6.6.0 (location: /Users/dawsonblock/unity/My project (7)/Library/PackageCache/com.unity.editorcoroutines@8cd72baa102a)
    com.unity.animation.rigging@6.6.0 (location: /Users/dawsonblock/unity/My project (7)/Library/PackageCache/com.unity.animation.rigging@0adf8836e3b4)
    com.unity.modules.ai@1.0.0 (location: /Users/dawsonblock/unity/My project (7)/Library/PackageCache/com.unity.modules.ai)
    com.unity.modules.unitywebrequest@1.0.0 (location: /Users/dawsonblock/unity/My project (7)/Library/PackageCache/com.unity.modules.unitywebrequest)
    com.unity.2d.sprite@1.0.0 (location: /Users/dawsonblock/unity/My project (7)/Library/PackageCache/com.unity.2d.sprite@947350d67f82)
    com.unity.modules.physicscore2d@1.0.0 (location: /Users/dawsonblock/unity/My project (7)/Library/PackageCache/com.unity.modules.physicscore2d)
    com.unity.modules.androidjni@1.0.0 (location: /Users/dawsonblock/unity/My project (7)/Library/PackageCache/com.unity.modules.androidjni)
    com.unity.graph-authoring@1.0.0 (location: /Users/dawsonblock/unity/My project (7)/Library/PackageCache/com.unity.graph-authoring@cfd2588851ee)
    com.unity.modules.imageconversion@1.0.0 (location: /Users/dawsonblock/unity/My project (7)/Library/PackageCache/com.unity.modules.imageconversion)
    com.unity.test-framework.performance@6.6.0 (location: /Users/dawsonblock/unity/My project (7)/Library/PackageCache/com.unity.test-framework.performance@0a60b857a52e)
    com.unity.modules.unityanalytics@1.0.0 (location: /Users/dawsonblock/unity/My project (7)/Library/PackageCache/com.unity.modules.unityanalytics)
    com.unity.modules.terrain@1.0.0 (location: /Users/dawsonblock/unity/My project (7)/Library/PackageCache/com.unity.modules.terrain)
    com.unity.modules.terrainphysics@1.0.0 (location: /Users/dawsonblock/unity/My project (7)/Library/PackageCache/com.unity.modules.terrainphysics)
[Subsystems] No new subsystems found in resolved package list.
[Package Manager] Done registering packages in 0.01 seconds
Assembly reference Packages/com.unity.cinemachine/Editor/Samples/ExposeHDRPInternals/HDRP-Editor-ref.asmref has no target assembly definition
Assembly reference Packages/com.unity.entities/Unity.Scenes.Editor/Internals/Properties/Unity.Properties.Internals.asmref has no target assembly definition
Assembly reference Packages/com.unity.cinemachine/Editor/Samples/ExposeHDRPInternals/HDRP-Editor-ref.asmref has no target assembly definition
Assembly reference Packages/com.unity.entities/Unity.Scenes.Editor/Internals/Properties/Unity.Properties.Internals.asmref has no target assembly definition
Starting: /Applications/Unity/Hub/Editor/6000.6.0f1/Unity.app/Contents/Resources/BuildPipeline/bee_backend --ipc --defer-dag-verification --dagfile="Library/Bee/200b0aE.dag" --continue-on-failure --profile="Library/Bee/backend1.traceevents" ScriptAssemblies
WorkingDir: /Users/dawsonblock/unity/My project (7)
DisplayProgressbar: Compiling Scripts
warn: Unity.ILPP.Runner.PostProcessingAssemblyLoadContext[0]
      Assembly system.runtime.interopservices.windowsruntime has duplicate hint path. Ignoring "/Applications/Unity/Hub/Editor/6000.6.0f1/Unity.app/Contents/Resources/Scripting/NetStandard/Extensions/2.0.0/System.Runtime.InteropServices.WindowsRuntime.dll" in favor of "/Applications/Unity/Hub/Editor/6000.6.0f1/Unity.app/Contents/Resources/Scripting/UnityReferenceAssemblies/unity-4.8-api/Facades/System.Runtime.InteropServices.WindowsRuntime.dll"
warn: Unity.ILPP.Runner.PostProcessingAssemblyLoadContext[0]
      Assembly system.componentmodel.composition has duplicate hint path. Ignoring "/Applications/Unity/Hub/Editor/6000.6.0f1/Unity.app/Contents/Resources/Scripting/NetStandard/compat/2.1.0/shims/netfx/System.ComponentModel.Composition.dll" in favor of "/Applications/Unity/Hub/Editor/6000.6.0f1/Unity.app/Contents/Resources/Scripting/UnityReferenceAssemblies/unity-4.8-api/System.ComponentModel.Composition.dll"
ExitCode: 0 Duration: 1s144ms
[1452/2631  0s] ILPP-Configuration Library/ilpp-configuration.nevergeneratedoutput
*** Tundra build success (1.11 seconds), 1 items updated, 2631 evaluated
AssetDatabase: script compilation time: 2.019001s
Total cache size 268375992
Total cache size after purge 268375992, took 00:00:00.4976630
Begin MonoManager ReloadAssembly
Symbol file LoadedFromMemory is not a mono symbol file
Assembly reference Packages/com.unity.cinemachine/Editor/Samples/ExposeHDRPInternals/HDRP-Editor-ref.asmref has no target assembly definition
Assembly reference Packages/com.unity.entities/Unity.Scenes.Editor/Internals/Properties/Unity.Properties.Internals.asmref has no target assembly definition
'Packages/com.unity.render-pipelines.core/Editor/Deprecated.cs' contains partial class of Unity.Object, exactly 1 of the partial classes needs to be in a file with the same filename. This is to know the one that can be referenced from ie. GameObjects
'Packages/com.unity.render-pipelines.core/Editor/Deprecated.cs' contains partial class of Unity.Object, exactly 1 of the partial classes needs to be in a file with the same filename. This is to know the one that can be referenced from ie. GameObjects
'Packages/com.unity.cinemachine/Editor/Editors/CinemachineVirtualCameraBaseEditor.cs' contains partial class of Unity.Object, exactly 1 of the partial classes needs to be in a file with the same filename. This is to know the one that can be referenced from ie. GameObjects
'Packages/com.unity.cinemachine/Editor/Obsolete/CinemachineVirtualCameraBaseEditor.cs' contains partial class of Unity.Object, exactly 1 of the partial classes needs to be in a file with the same filename. This is to know the one that can be referenced from ie. GameObjects
Refreshing native plugins compatible for Editor in 2.34 ms, found 5 plugins.
Native extension for OSXStandalone target not found
Refreshing native plugins compatible for Editor in 4.41 ms, found 5 plugins.
[MODES] ModeService[none].Initialize
[MODES] ModeService[none].LoadModes
[MODES] Loading mode Default (0) for mode-current-id-Escape the Elites
TypeManager.Initialize took: 161ms
Start HTTP server: port:7800
[Licensing::Client] Error: Code 404 while processing request (status: Found 0 entitlement groups and 0 free entitlements matching requested entitlement ids)
[Licensing::Client] Error: Code 404 while processing request (status: Found 0 entitlement groups and 0 free entitlements matching requested entitlement ids)
[Licensing::Client] Error: Code 404 while processing request (status: Found 0 entitlement groups and 0 free entitlements matching requested entitlement ids)
ScheduleIndexationOnStartup MainProcess:True IndexOnStartup:True
Scripting: successfully reloaded assembly
[Idle]
UnityEngine.Debug:ExtractStackTraceNoAlloc (byte*,int,string)
UnityEngine.StackTraceUtility:ExtractStackTrace () (at /Users/bokken/build/output/unity/unity/Runtime/Export/Scripting/StackTrace.cs:23)
UnityEngine.DebugLogHandler:Internal_Log (UnityEngine.LogType,UnityEngine.LogOption,string,UnityEngine.Object)
UnityEngine.DebugLogHandler:LogFormat (UnityEngine.LogType,UnityEngine.Object,string,object[])
UnityEngine.Logger:Log (UnityEngine.LogType,object)
UnityEngine.Debug:Log (object)
Unity.AI.Tracing.ConsoleSink:LogToConsole (string,string,System.Exception) (at ./Library/PackageCache/com.unity.ai.assistant@8d1e3e89e3a7/Modules/Unity.AI.Tracing/TraceSinks.cs:313)
Unity.AI.Tracing.ConsoleSink:Write (Unity.AI.Tracing.TraceEvent) (at ./Library/PackageCache/com.unity.ai.assistant@8d1e3e89e3a7/Modules/Unity.AI.Tracing/TraceSinks.cs:277)
Unity.AI.Tracing.TraceWriter:WriteEventInternal (string,string,Unity.AI.Tracing.TraceEventOptions,string,System.Nullable`1<int>) (at ./Library/PackageCache/com.unity.ai.assistant@8d1e3e89e3a7/Modules/Unity.AI.Tracing/TraceWriter.cs:373)
Unity.AI.Tracing.TraceWriter:Event (string,Unity.AI.Tracing.TraceEventOptions) (at ./Library/PackageCache/com.unity.ai.assistant@8d1e3e89e3a7/Modules/Unity.AI.Tracing/TraceWriter.cs:297)
Unity.AI.Tracing.TraceLogger:Emit (string,string,string,string,Unity.AI.Tracing.TraceEventOptions,object,System.Exception) (at ./Library/PackageCache/com.unity.ai.assistant@8d1e3e89e3a7/Modules/Unity.AI.Tracing/TraceLogger.cs:105)
Unity.AI.Tracing.TraceLogger:Info (string,string,string,Unity.AI.Tracing.TraceEventOptions) (at ./Library/PackageCache/com.unity.ai.assistant@8d1e3e89e3a7/Modules/Unity.AI.Tracing/TraceLogger.cs:35)
Unity.AI.MCP.Editor.Helpers.McpLog:Log (string,Unity.AI.Tracing.TraceEventOptions) (at ./Library/PackageCache/com.unity.ai.assistant@8d1e3e89e3a7/Modules/Unity.AI.MCP.Editor/Helpers/McpLog.cs:15)
Unity.AI.MCP.Editor.Bridge:LogBreadcrumb (string) (at ./Library/PackageCache/com.unity.ai.assistant@8d1e3e89e3a7/Modules/Unity.AI.MCP.Editor/Bridge.cs:2055)
Unity.AI.MCP.Editor.Bridge:OnAfterAssemblyReload () (at ./Library/PackageCache/com.unity.ai.assistant@8d1e3e89e3a7/Modules/Unity.AI.MCP.Editor/Bridge.cs:1899)
UnityEditor.AssemblyReloadEvents:OnAfterAssemblyReload () (at /Users/bokken/build/output/unity/unity/Editor/Mono/AssemblyReloadEvents.cs:43)

(Filename: ./Library/PackageCache/com.unity.ai.assistant@8d1e3e89e3a7/Modules/Unity.AI.Tracing/TraceSinks.cs Line: 313)

- Finished resetting the current domain, in  3.145 seconds
Domain Reload Profiling: 4795ms
	BeginReloadAssembly (251ms)
		DisableScriptedObjects (28ms)
		CreateAndSetChildDomain (84ms)
	RebuildCommonClasses (7ms)
	RebuildNativeTypeToScriptingClass (13ms)
	initialDomainReloadingComplete (77ms)
	LoadAllAssembliesAndSetupDomain (1300ms)
		LoadAssemblies (555ms)
		TypeCache.Refresh (481ms)
			TypeCache.ScanAssembly (441ms)
		AnalyzeDomain (124ms)
			BuildScriptInfoCaches (116ms)
			ResolveRequiredComponents (4ms)
	FinalizeReload (3146ms)
		SetupLoadedEditorAssemblies (0ms)
			BeforeProcessingInitializeOnLoad (132ms)
			ProcessInitializeOnLoadAttributes (1922ms)
			ProcessInitializeOnLoadMethodAttributes (658ms)
			EditorAssembliesLoaded (3ms)
		AwakeInstancesAfterBackupRestoration (17ms)
Starting new worker id: 0 with log in /Users/dawsonblock/unity/My project (7)/Logs/AssetImportWorkerHW0.log
Importing 'GUID: 117ceb11c7789451186f63d5ea943f4a - Path: Assets/_Game/Scenes/MainMenu.unity' with importer (DefaultImporter)
Imported 'GUID: 117ceb11c7789451186f63d5ea943f4a' -> (Import Result ID: '498387069292b205a5413ce355050287') in 0.009 seconds [static dependencies only]. Details - ImportResultOutputID=358693babff72ff01e54697a744901d2 DependenciesID=96568de1e4a81a6524a8600ccf566587 StaticDependenciesID=508bb0b480fd86596bc4e0c39e29b176 
Importing 'GUID: 619ddade2b2d144f585b38c556c25638 - Path: Assets/_Game/Scenes/SecurityWing.unity' with importer (DefaultImporter)
Imported 'GUID: 619ddade2b2d144f585b38c556c25638' -> (Import Result ID: 'a6e5cc24179420b3c00087a99b122b52') in 0.001 seconds [static dependencies only]. Details - ImportResultOutputID=de4c33c397e07980dca326abad360fc6 DependenciesID=2ed73e65ab0455cdd9bfe85c9273dd14 StaticDependenciesID=a0d1a713f69ddeda97d2c0a68b30b5b8 
Importing 'GUID: d3817ca79cd334de0b49d1d88303cdaf - Path: Assets/_Game/Scenes/BroadcastTower.unity' with importer (DefaultImporter)
Imported 'GUID: d3817ca79cd334de0b49d1d88303cdaf' -> (Import Result ID: '32bf0c20746895efbe35afb9feea6a0a') in 0.000 seconds [static dependencies only]. Details - ImportResultOutputID=c724f60437e4d3d6c21cfd1265cdcfca DependenciesID=620a96844645218316294394583e530c StaticDependenciesID=d7d03248a27ff76d0811816264c22e83 
Importing 'GUID: 254b3fd31bde14bb0bbd874fad554871 - Path: Assets/_Game/Scenes/Dock.unity' with importer (DefaultImporter)
Imported 'GUID: 254b3fd31bde14bb0bbd874fad554871' -> (Import Result ID: 'f75726b0375491cf4406d024ba1c0958') in 0.000 seconds [static dependencies only]. Details - ImportResultOutputID=1f3813a67013333479d2f591f5531a5c DependenciesID=d802f9a72c9137f325a906fd2dc0af20 StaticDependenciesID=b5cd71cee6143734c1b8e6179fe8a2ab 
Importing 'GUID: a54308e4fa1694af09b3c17c800d31e1 - Path: Assets/_Game/Scenes/Bootstrap.unity' with importer (DefaultImporter)
Imported 'GUID: a54308e4fa1694af09b3c17c800d31e1' -> (Import Result ID: 'aad5ac11c14844d0a4a2cda738c7baa5') in 0.001 seconds [static dependencies only]. Details - ImportResultOutputID=684322a776807ccd2b8305cabbc135b3 DependenciesID=f95a7aa076f82cc211c9402e3d23f327 StaticDependenciesID=ebdc7b96623e9299d71fdeb2eb587d15 
Importing 'GUID: c68e3dbe385224f799c76854c4d23059 - Path: Assets/_Game/Scenes/ServiceEntrance.unity' with importer (DefaultImporter)
Imported 'GUID: c68e3dbe385224f799c76854c4d23059' -> (Import Result ID: '081ebec66765d850373b54dfb342a8bd') in 0.000 seconds [static dependencies only]. Details - ImportResultOutputID=b071f587af2276ae4db4551232b70947 DependenciesID=56583bd4f0b27e20cd67c878c672fe86 StaticDependenciesID=6e0c2cb76684190dbc204612e8c3a94f 
Importing 'GUID: f6a7a9fbf10a2418db162a29b710c06f - Path: Assets/_Game/Scenes/BunkerServerRoom.unity' with importer (DefaultImporter)
Imported 'GUID: f6a7a9fbf10a2418db162a29b710c06f' -> (Import Result ID: 'c9a603689b0e926dc7cf123b34922007') in 0.001 seconds [static dependencies only]. Details - ImportResultOutputID=6da6595523b5a4e2937b571bf44215e3 DependenciesID=388e73cbd9a2d50b9803d16938eecdb8 StaticDependenciesID=cb025deeded8e17b3edfc6c0d2df2449 
Importing 'GUID: 5caa83427398c4876910e66b1542a444 - Path: Assets/_Game/Scenes/MansionOffice.unity' with importer (DefaultImporter)
Imported 'GUID: 5caa83427398c4876910e66b1542a444' -> (Import Result ID: '5c8ff839d7faf2e79d56d986c03f96d0') in 0.001 seconds [static dependencies only]. Details - ImportResultOutputID=3cb3c4a97d50238ea1e64eb31d60bdb0 DependenciesID=5e01d7839a89d0fcd5246777db9f4923 StaticDependenciesID=ee783a70fc499ce6118a15e535072075 
Refreshing native plugins compatible for Editor in 2.39 ms, found 5 plugins.
Preloading 1 native plugins for Editor in 2.21 ms.

Asset Pipeline Refresh (id=f243fefe4e0bb44a9a561a4dcb5fa243): Total: 10.552 seconds - Initiated by InitialRefreshV2(ForceSynchronousImport)
	(Values over 0.05ms)
	Summary:
		Imports: total=8 (actual=8, local cache=0, cache server=0)
		Asset DB Process Time: managed=1 ms, native=6175 ms
		Asset DB Callback time: managed=477 ms, native=26 ms
		Scripting: domain reloads=1, domain reload time=1740 ms, compile time=2021 ms, other=109 ms
		Project Asset Count: scripts=3626, non-scripts=7904
		Asset File Changes: new=0, changed=8, moved=0, deleted=0
		Scan Filter Count: 1
	InvokePackagesCallback: 15.698ms
	ApplyChangesToAssetFolders: 0.543ms
	Scan: 2247.138ms
	Collect global state as custom dependencies: 15.202ms
	OnSourceAssetsModified: 0.450ms
	CategorizeScriptCompilationAssets: 144.532ms
	ProcessAssetsWithTransientArtifactChanges: 125.575ms
	CategorizeAssets: 243.541ms
	CompileScripts: 2021.030ms
	ImportOutOfDateAssets: 3212.676ms (3164.126ms without children)
		ImportManagerImport: 31.251ms (2.360ms without children)
			UpdateCategorizedAssets: 0.081ms
		ReloadNativeAssets: 0.061ms
		UnloadImportedAssets: 9.914ms
		EnsureUptoDateAssetsAreRegisteredWithGuidPM: 2.571ms
		ImportSchedulerStart: 4.696ms
	PostProcessAllAssets: 480.200ms
		VCAutoAddAssetPostprocess 1.724ms
		XRBuildSystem.XRAssetImported 0.459ms
		MonoPostProcessAllAssets: 477.525ms
			AssetPostprocessor.OnPostprocessAllAssets 54.569ms
			StyleCatalogPostProcessor.OnPostprocessAllAssets 38.055ms
			AssetPostprocessorProxy.OnPostprocessAllAssets 31.509ms
			AssetReferenceReimportMonitor.OnPostprocessAllAssets 17.064ms
			UniversalRenderPipelineGlobalSettingsPostprocessor.OnPostprocessAllAssets 15.477ms
			SyncVS.PostprocessSyncProject 11.413ms
			BuilderAssetPostprocessor.OnPostprocessAllAssets 7.296ms
			SceneAssetPostProcessor.OnPostprocessAllAssets 3.005ms
			BehaviorAssetPostProcessor.OnPostprocessAllAssets 2.143ms
			GraphRefreshPostprocessor.OnPostprocessAllAssets 2.009ms
			SpriteSlicePostprocessor.OnPostprocessAllAssets 1.710ms
			EditModeScopePostprocessor.OnPostprocessAllAssets 1.493ms
			WindowAssetPostprocessingWatcher.OnPostprocessAllAssets 1.422ms
			AssetChangedListener.OnPostprocessAllAssets 1.088ms
			ArtifactBrowserPostProcessor.OnPostprocessAllAssets 1.067ms
			ShaderGraphAssetPostProcessor.OnPostprocessAllAssets 1.015ms
			RetainedModeAssetPostprocessor.OnPostprocessAllAssets 0.997ms
			SpeedTree9Postprocessor.OnPostprocessAllAssets 0.991ms
			SpriteEditorTexturePostprocessor.OnPostprocessAllAssets 0.943ms
			RenderPipelineGlobalSettingsPostprocessor.OnPostprocessAllAssets 0.762ms
			AssetChangeDetector.OnPostprocessAllAssets 0.621ms
			MaterialPostprocessor.OnPostprocessAllAssets 0.554ms
			UploadAssetPostprocessor.OnPostprocessAllAssets 0.515ms
			UVCSAssetPostprocessor.OnPostprocessAllAssets 0.473ms
			ShaderReflectionAssetPostProcessor.OnPostprocessAllAssets 0.468ms
			AudioMixerPostprocessor.OnPostprocessAllAssets 0.447ms
			SkillsProjectAssetPostprocessor.OnPostprocessAllAssets 0.372ms
			InputActionAssetPostprocessor.OnPostprocessAllAssets 0.362ms
			TMPro_TexturePostProcessor.OnPostprocessAllAssets 0.350ms
			PostProcessor.OnPostprocessAllAssets 0.327ms
			TextAssetPostProcessor.OnPostprocessAllAssets 0.322ms
			ReferencedClipsPostProcessor.OnPostprocessAllAssets 0.295ms
			AssetEvents.OnPostprocessAllAssets 0.258ms
			TerrainToolsPostprocessor.OnPostprocessAllAssets 0.253ms
			InputActionJsonNameModifierAssetProcessor.OnPostprocessAllAssets 0.211ms
			CinemachineSettings.OnPostprocessAllAssets 0.199ms
			AssetDatabaseCallbacks.OnPostprocessAllAssets 0.173ms
			TerrainToolbarOverlayPostProcessor.OnPostprocessAllAssets 0.173ms
			ThemePostprocessor.OnPostprocessAllAssets 0.161ms
			ProjectSettingsPostprocessor.OnPostprocessAllAssets 0.155ms
			SamplePostprocessor.OnPostprocessAllAssets 0.148ms
			DomainReloadProcessor.OnPostprocessAllAssets 0.144ms
			SpeedTreePostProcessor.OnPostprocessAllAssets 0.128ms
			ScenarioDriftAssetsTracker.OnPostprocessAllAssets 0.126ms
			ConfigAssetsTracker.OnPostprocessAllAssets 0.111ms
			AssetReloadNotifier.OnPostprocessAllAssets 0.106ms
			TrackSelectedAssetsProcessor.OnPostprocessAllAssets 0.106ms
			AudioContainerPostProcessor.OnPostprocessAllAssets 0.074ms
	PostAssetChangesProfiler: 8.694ms
	UnloadStreamsBegin: 3.676ms
	PersistCurrentRevisions: 1.735ms
	GenerateScriptTypeHashes: 3.983ms
	GenerateScriptTypeSerializationHashes: 6.707ms
	Untracked: 2029.550ms

Application.AssetDatabase Initial Refresh End
Shader Hidden/ChartRasterizerHardware is not supported: GPU does not support conservative rasterization
Shader Hidden/ChartRasterizerHardware is not supported: GPU does not support conservative rasterization
Scanning for USB devices : 0.035ms
Initializing Unity extensions:
Unloading 80 Unused Serialized files (Serialized files now loaded: 0)
Unloading 15596 unused Assets / (4.5 MB). Loaded Objects now: 16656.
Memory consumption went from 405.8 MB to 401.3 MB.
Total: 47.524709 ms (FindLiveObjects: 1.226917 ms CreateObjectMapping: 0.923125 ms MarkObjects: 38.887417 ms  DeleteObjects: 6.249292 ms)

[Project] Loading completed in 13.890 seconds
	Project init time: 				13.613 seconds
		Template init time: 		0.000 seconds
		Package Manager init time: 		0.288 seconds
		Asset Database init time: 		0.694 seconds
		Global illumination init time: 	0.001 seconds
		Assemblies load time: 			1.278 seconds
		Unity extensions init time: 	0.043 seconds
		Asset Database refresh time: 	10.556 seconds
	Scene opening time: 			0.166 seconds
##utp:{"type":"ProjectInfo","version":2,"phase":"Immediate","time":1789808721548,"processId":47764,"projectLoad":13.889976708000003,"projectInit":13.612920125,"templateInit":0.0,"packageManagerInit":0.287912917,"assetDatabaseInit":0.694299083,"globalIlluminationInit":0.00084375,"assembliesLoad":1.278060375,"unityExtensionsInit":0.042626875,"assetDatabaseRefresh":10.555936084,"sceneOpening":0.166366458}
##utp:{"type":"EditorInfo","version":2,"phase":"Immediate","time":1789808721549,"processId":47764,"editorVersion":"6000.6.0f1 (f7f8ed4d1e24)","branch":"6000.6/respin/6000.6.0f1-fa21a270ab12","buildType":"Release","platform":"OSX"}
[Licensing::Client] Error: Code 404 while processing request (status: Found 0 entitlement groups and 0 free entitlements matching requested entitlement ids)
[Licensing::Client] Error: Code 404 while processing request (status: Found 0 entitlement groups and 0 free entitlements matching requested entitlement ids)
[Licensing::Client] Successfully resolved entitlement details
[Licensing::Client] Successfully resolved entitlement details
Running tests for ExecutionSettings with details:
targetPlatform = 
playerHeartbeatTimeout = 600
filters[0] = 
   Filter with settings:
   testMode = EditMode
   targetPlatform = 
   testNames = null
   groupNames = null
   categoryNames = null
   assemblyNames = null
ignoreTests = {}
featureFlags = null

UnityEngine.Debug:ExtractStackTraceNoAlloc (byte*,int,string)
UnityEngine.StackTraceUtility:ExtractStackTrace () (at /Users/bokken/build/output/unity/unity/Runtime/Export/Scripting/StackTrace.cs:23)
UnityEngine.DebugLogHandler:Internal_Log (UnityEngine.LogType,UnityEngine.LogOption,string,UnityEngine.Object)
UnityEngine.DebugLogHandler:LogFormat (UnityEngine.LogType,UnityEngine.Object,string,object[])
UnityEngine.Logger:Log (UnityEngine.LogType,object)
UnityEngine.Debug:Log (object)
UnityEditor.TestTools.TestRunner.CommandLineTest.Executer:InitializeAndExecuteRun (string[]) (at ./Library/PackageCache/com.unity.test-framework@7a3849e09bd0/UnityEditor.TestRunner/CommandLineTest/Executer.cs:53)
UnityEditor.TestTools.TestRunner.CommandLineTest.TestStarter:InitializeAndExecuteRun () (at ./Library/PackageCache/com.unity.test-framework@7a3849e09bd0/UnityEditor.TestRunner/CommandLineTest/TestStarter.cs:64)
UnityEditor.EditorApplication:Internal_CallUpdateFunctions () (at /Users/bokken/build/output/unity/unity/Editor/Mono/EditorApplication.cs:413)

(Filename: ./Library/PackageCache/com.unity.test-framework@7a3849e09bd0/UnityEditor.TestRunner/CommandLineTest/Executer.cs Line: 53)

[Start]
UnityEngine.Debug:ExtractStackTraceNoAlloc (byte*,int,string)
UnityEngine.StackTraceUtility:ExtractStackTrace () (at /Users/bokken/build/output/unity/unity/Runtime/Export/Scripting/StackTrace.cs:23)
UnityEngine.DebugLogHandler:Internal_Log (UnityEngine.LogType,UnityEngine.LogOption,string,UnityEngine.Object)
UnityEngine.DebugLogHandler:LogFormat (UnityEngine.LogType,UnityEngine.Object,string,object[])
UnityEngine.Logger:Log (UnityEngine.LogType,object)
UnityEngine.Debug:Log (object)
Unity.AI.Tracing.ConsoleSink:LogToConsole (string,string,System.Exception) (at ./Library/PackageCache/com.unity.ai.assistant@8d1e3e89e3a7/Modules/Unity.AI.Tracing/TraceSinks.cs:313)
Unity.AI.Tracing.ConsoleSink:Write (Unity.AI.Tracing.TraceEvent) (at ./Library/PackageCache/com.unity.ai.assistant@8d1e3e89e3a7/Modules/Unity.AI.Tracing/TraceSinks.cs:277)
Unity.AI.Tracing.TraceWriter:WriteEventInternal (string,string,Unity.AI.Tracing.TraceEventOptions,string,System.Nullable`1<int>) (at ./Library/PackageCache/com.unity.ai.assistant@8d1e3e89e3a7/Modules/Unity.AI.Tracing/TraceWriter.cs:373)
Unity.AI.Tracing.TraceWriter:Event (string,Unity.AI.Tracing.TraceEventOptions) (at ./Library/PackageCache/com.unity.ai.assistant@8d1e3e89e3a7/Modules/Unity.AI.Tracing/TraceWriter.cs:297)
Unity.AI.Tracing.TraceLogger:Emit (string,string,string,string,Unity.AI.Tracing.TraceEventOptions,object,System.Exception) (at ./Library/PackageCache/com.unity.ai.assistant@8d1e3e89e3a7/Modules/Unity.AI.Tracing/TraceLogger.cs:105)
Unity.AI.Tracing.TraceLogger:Info (string,string,string,Unity.AI.Tracing.TraceEventOptions) (at ./Library/PackageCache/com.unity.ai.assistant@8d1e3e89e3a7/Modules/Unity.AI.Tracing/TraceLogger.cs:35)
Unity.AI.MCP.Editor.Helpers.McpLog:Log (string,Unity.AI.Tracing.TraceEventOptions) (at ./Library/PackageCache/com.unity.ai.assistant@8d1e3e89e3a7/Modules/Unity.AI.MCP.Editor/Helpers/McpLog.cs:15)
Unity.AI.MCP.Editor.Bridge:LogBreadcrumb (string) (at ./Library/PackageCache/com.unity.ai.assistant@8d1e3e89e3a7/Modules/Unity.AI.MCP.Editor/Bridge.cs:2055)
Unity.AI.MCP.Editor.Bridge:Start () (at ./Library/PackageCache/com.unity.ai.assistant@8d1e3e89e3a7/Modules/Unity.AI.MCP.Editor/Bridge.cs:279)
Unity.AI.MCP.Editor.Bridge:EnsureStartedOnEditorIdle () (at ./Library/PackageCache/com.unity.ai.assistant@8d1e3e89e3a7/Modules/Unity.AI.MCP.Editor/Bridge.cs:454)
UnityEditor.EditorApplication:Internal_CallUpdateFunctions () (at /Users/bokken/build/output/unity/unity/Editor/Mono/EditorApplication.cs:413)

(Filename: ./Library/PackageCache/com.unity.ai.assistant@8d1e3e89e3a7/Modules/Unity.AI.Tracing/TraceSinks.cs Line: 313)

Set umask to 077 for secure socket creation
UnityEngine.Debug:ExtractStackTraceNoAlloc (byte*,int,string)
UnityEngine.StackTraceUtility:ExtractStackTrace () (at /Users/bokken/build/output/unity/unity/Runtime/Export/Scripting/StackTrace.cs:23)
UnityEngine.DebugLogHandler:Internal_Log (UnityEngine.LogType,UnityEngine.LogOption,string,UnityEngine.Object)
UnityEngine.DebugLogHandler:LogFormat (UnityEngine.LogType,UnityEngine.Object,string,object[])
UnityEngine.Logger:Log (UnityEngine.LogType,object)
UnityEngine.Debug:Log (object)
Unity.AI.Tracing.ConsoleSink:LogToConsole (string,string,System.Exception) (at ./Library/PackageCache/com.unity.ai.assistant@8d1e3e89e3a7/Modules/Unity.AI.Tracing/TraceSinks.cs:313)
Unity.AI.Tracing.ConsoleSink:Write (Unity.AI.Tracing.TraceEvent) (at ./Library/PackageCache/com.unity.ai.assistant@8d1e3e89e3a7/Modules/Unity.AI.Tracing/TraceSinks.cs:277)
Unity.AI.Tracing.TraceWriter:WriteEventInternal (string,string,Unity.AI.Tracing.TraceEventOptions,string,System.Nullable`1<int>) (at ./Library/PackageCache/com.unity.ai.assistant@8d1e3e89e3a7/Modules/Unity.AI.Tracing/TraceWriter.cs:373)
Unity.AI.Tracing.TraceWriter:Event (string,Unity.AI.Tracing.TraceEventOptions) (at ./Library/PackageCache/com.unity.ai.assistant@8d1e3e89e3a7/Modules/Unity.AI.Tracing/TraceWriter.cs:297)
Unity.AI.Tracing.TraceLogger:Emit (string,string,string,string,Unity.AI.Tracing.TraceEventOptions,object,System.Exception) (at ./Library/PackageCache/com.unity.ai.assistant@8d1e3e89e3a7/Modules/Unity.AI.Tracing/TraceLogger.cs:105)
Unity.AI.Tracing.TraceLogger:Info (string,string,string,Unity.AI.Tracing.TraceEventOptions) (at ./Library/PackageCache/com.unity.ai.assistant@8d1e3e89e3a7/Modules/Unity.AI.Tracing/TraceLogger.cs:35)
Unity.AI.MCP.Editor.Helpers.McpLog:Log (string,Unity.AI.Tracing.TraceEventOptions) (at ./Library/PackageCache/com.unity.ai.assistant@8d1e3e89e3a7/Modules/Unity.AI.MCP.Editor/Helpers/McpLog.cs:15)
Unity.AI.MCP.Editor.Connection.UnixSocketListener:Start (string) (at ./Library/PackageCache/com.unity.ai.assistant@8d1e3e89e3a7/Modules/Unity.AI.MCP.Editor/Connection/UnixSocketListener.cs:154)
Unity.AI.MCP.Editor.Bridge:Start () (at ./Library/PackageCache/com.unity.ai.assistant@8d1e3e89e3a7/Modules/Unity.AI.MCP.Editor/Bridge.cs:282)
Unity.AI.MCP.Editor.Bridge:EnsureStartedOnEditorIdle () (at ./Library/PackageCache/com.unity.ai.assistant@8d1e3e89e3a7/Modules/Unity.AI.MCP.Editor/Bridge.cs:454)
UnityEditor.EditorApplication:Internal_CallUpdateFunctions () (at /Users/bokken/build/output/unity/unity/Editor/Mono/EditorApplication.cs:413)

(Filename: ./Library/PackageCache/com.unity.ai.assistant@8d1e3e89e3a7/Modules/Unity.AI.Tracing/TraceSinks.cs Line: 313)

Created Unix socket with fd=93
UnityEngine.Debug:ExtractStackTraceNoAlloc (byte*,int,string)
UnityEngine.StackTraceUtility:ExtractStackTrace () (at /Users/bokken/build/output/unity/unity/Runtime/Export/Scripting/StackTrace.cs:23)
UnityEngine.DebugLogHandler:Internal_Log (UnityEngine.LogType,UnityEngine.LogOption,string,UnityEngine.Object)
UnityEngine.DebugLogHandler:LogFormat (UnityEngine.LogType,UnityEngine.Object,string,object[])
UnityEngine.Logger:Log (UnityEngine.LogType,object)
UnityEngine.Debug:Log (object)
Unity.AI.Tracing.ConsoleSink:LogToConsole (string,string,System.Exception) (at ./Library/PackageCache/com.unity.ai.assistant@8d1e3e89e3a7/Modules/Unity.AI.Tracing/TraceSinks.cs:313)
Unity.AI.Tracing.ConsoleSink:Write (Unity.AI.Tracing.TraceEvent) (at ./Library/PackageCache/com.unity.ai.assistant@8d1e3e89e3a7/Modules/Unity.AI.Tracing/TraceSinks.cs:277)
Unity.AI.Tracing.TraceWriter:WriteEventInternal (string,string,Unity.AI.Tracing.TraceEventOptions,string,System.Nullable`1<int>) (at ./Library/PackageCache/com.unity.ai.assistant@8d1e3e89e3a7/Modules/Unity.AI.Tracing/TraceWriter.cs:373)
Unity.AI.Tracing.TraceWriter:Event (string,Unity.AI.Tracing.TraceEventOptions) (at ./Library/PackageCache/com.unity.ai.assistant@8d1e3e89e3a7/Modules/Unity.AI.Tracing/TraceWriter.cs:297)
Unity.AI.Tracing.TraceLogger:Emit (string,string,string,string,Unity.AI.Tracing.TraceEventOptions,object,System.Exception) (at ./Library/PackageCache/com.unity.ai.assistant@8d1e3e89e3a7/Modules/Unity.AI.Tracing/TraceLogger.cs:105)
Unity.AI.Tracing.TraceLogger:Info (string,string,string,Unity.AI.Tracing.TraceEventOptions) (at ./Library/PackageCache/com.unity.ai.assistant@8d1e3e89e3a7/Modules/Unity.AI.Tracing/TraceLogger.cs:35)
Unity.AI.MCP.Editor.Helpers.McpLog:Log (string,Unity.AI.Tracing.TraceEventOptions) (at ./Library/PackageCache/com.unity.ai.assistant@8d1e3e89e3a7/Modules/Unity.AI.MCP.Editor/Helpers/McpLog.cs:15)
Unity.AI.MCP.Editor.Connection.UnixSocketListener:Start (string) (at ./Library/PackageCache/com.unity.ai.assistant@8d1e3e89e3a7/Modules/Unity.AI.MCP.Editor/Connection/UnixSocketListener.cs:170)
Unity.AI.MCP.Editor.Bridge:Start () (at ./Library/PackageCache/com.unity.ai.assistant@8d1e3e89e3a7/Modules/Unity.AI.MCP.Editor/Bridge.cs:282)
Unity.AI.MCP.Editor.Bridge:EnsureStartedOnEditorIdle () (at ./Library/PackageCache/com.unity.ai.assistant@8d1e3e89e3a7/Modules/Unity.AI.MCP.Editor/Bridge.cs:454)
UnityEditor.EditorApplication:Internal_CallUpdateFunctions () (at /Users/bokken/build/output/unity/unity/Editor/Mono/EditorApplication.cs:413)

(Filename: ./Library/PackageCache/com.unity.ai.assistant@8d1e3e89e3a7/Modules/Unity.AI.Tracing/TraceSinks.cs Line: 313)

Bound Unix socket to /tmp/unity-mcp-57915bc5-47764
UnityEngine.Debug:ExtractStackTraceNoAlloc (byte*,int,string)
UnityEngine.StackTraceUtility:ExtractStackTrace () (at /Users/bokken/build/output/unity/unity/Runtime/Export/Scripting/StackTrace.cs:23)
UnityEngine.DebugLogHandler:Internal_Log (UnityEngine.LogType,UnityEngine.LogOption,string,UnityEngine.Object)
UnityEngine.DebugLogHandler:LogFormat (UnityEngine.LogType,UnityEngine.Object,string,object[])
UnityEngine.Logger:Log (UnityEngine.LogType,object)
UnityEngine.Debug:Log (object)
Unity.AI.Tracing.ConsoleSink:LogToConsole (string,string,System.Exception) (at ./Library/PackageCache/com.unity.ai.assistant@8d1e3e89e3a7/Modules/Unity.AI.Tracing/TraceSinks.cs:313)
Unity.AI.Tracing.ConsoleSink:Write (Unity.AI.Tracing.TraceEvent) (at ./Library/PackageCache/com.unity.ai.assistant@8d1e3e89e3a7/Modules/Unity.AI.Tracing/TraceSinks.cs:277)
Unity.AI.Tracing.TraceWriter:WriteEventInternal (string,string,Unity.AI.Tracing.TraceEventOptions,string,System.Nullable`1<int>) (at ./Library/PackageCache/com.unity.ai.assistant@8d1e3e89e3a7/Modules/Unity.AI.Tracing/TraceWriter.cs:373)
Unity.AI.Tracing.TraceWriter:Event (string,Unity.AI.Tracing.TraceEventOptions) (at ./Library/PackageCache/com.unity.ai.assistant@8d1e3e89e3a7/Modules/Unity.AI.Tracing/TraceWriter.cs:297)
Unity.AI.Tracing.TraceLogger:Emit (string,string,string,string,Unity.AI.Tracing.TraceEventOptions,object,System.Exception) (at ./Library/PackageCache/com.unity.ai.assistant@8d1e3e89e3a7/Modules/Unity.AI.Tracing/TraceLogger.cs:105)
Unity.AI.Tracing.TraceLogger:Info (string,string,string,Unity.AI.Tracing.TraceEventOptions) (at ./Library/PackageCache/com.unity.ai.assistant@8d1e3e89e3a7/Modules/Unity.AI.Tracing/TraceLogger.cs:35)
Unity.AI.MCP.Editor.Helpers.McpLog:Log (string,Unity.AI.Tracing.TraceEventOptions) (at ./Library/PackageCache/com.unity.ai.assistant@8d1e3e89e3a7/Modules/Unity.AI.MCP.Editor/Helpers/McpLog.cs:15)
Unity.AI.MCP.Editor.Connection.UnixSocketListener:Start (string) (at ./Library/PackageCache/com.unity.ai.assistant@8d1e3e89e3a7/Modules/Unity.AI.MCP.Editor/Connection/UnixSocketListener.cs:188)
Unity.AI.MCP.Editor.Bridge:Start () (at ./Library/PackageCache/com.unity.ai.assistant@8d1e3e89e3a7/Modules/Unity.AI.MCP.Editor/Bridge.cs:282)
Unity.AI.MCP.Editor.Bridge:EnsureStartedOnEditorIdle () (at ./Library/PackageCache/com.unity.ai.assistant@8d1e3e89e3a7/Modules/Unity.AI.MCP.Editor/Bridge.cs:454)
UnityEditor.EditorApplication:Internal_CallUpdateFunctions () (at /Users/bokken/build/output/unity/unity/Editor/Mono/EditorApplication.cs:413)

(Filename: ./Library/PackageCache/com.unity.ai.assistant@8d1e3e89e3a7/Modules/Unity.AI.Tracing/TraceSinks.cs Line: 313)

Set socket permissions to 0600: /tmp/unity-mcp-57915bc5-47764
UnityEngine.Debug:ExtractStackTraceNoAlloc (byte*,int,string)
UnityEngine.StackTraceUtility:ExtractStackTrace () (at /Users/bokken/build/output/unity/unity/Runtime/Export/Scripting/StackTrace.cs:23)
UnityEngine.DebugLogHandler:Internal_Log (UnityEngine.LogType,UnityEngine.LogOption,string,UnityEngine.Object)
UnityEngine.DebugLogHandler:LogFormat (UnityEngine.LogType,UnityEngine.Object,string,object[])
UnityEngine.Logger:Log (UnityEngine.LogType,object)
UnityEngine.Debug:Log (object)
Unity.AI.Tracing.ConsoleSink:LogToConsole (string,string,System.Exception) (at ./Library/PackageCache/com.unity.ai.assistant@8d1e3e89e3a7/Modules/Unity.AI.Tracing/TraceSinks.cs:313)
Unity.AI.Tracing.ConsoleSink:Write (Unity.AI.Tracing.TraceEvent) (at ./Library/PackageCache/com.unity.ai.assistant@8d1e3e89e3a7/Modules/Unity.AI.Tracing/TraceSinks.cs:277)
Unity.AI.Tracing.TraceWriter:WriteEventInternal (string,string,Unity.AI.Tracing.TraceEventOptions,string,System.Nullable`1<int>) (at ./Library/PackageCache/com.unity.ai.assistant@8d1e3e89e3a7/Modules/Unity.AI.Tracing/TraceWriter.cs:373)
Unity.AI.Tracing.TraceWriter:Event (string,Unity.AI.Tracing.TraceEventOptions) (at ./Library/PackageCache/com.unity.ai.assistant@8d1e3e89e3a7/Modules/Unity.AI.Tracing/TraceWriter.cs:297)
Unity.AI.Tracing.TraceLogger:Emit (string,string,string,string,Unity.AI.Tracing.TraceEventOptions,object,System.Exception) (at ./Library/PackageCache/com.unity.ai.assistant@8d1e3e89e3a7/Modules/Unity.AI.Tracing/TraceLogger.cs:105)
Unity.AI.Tracing.TraceLogger:Info (string,string,string,Unity.AI.Tracing.TraceEventOptions) (at ./Library/PackageCache/com.unity.ai.assistant@8d1e3e89e3a7/Modules/Unity.AI.Tracing/TraceLogger.cs:35)
Unity.AI.MCP.Editor.Helpers.McpLog:Log (string,Unity.AI.Tracing.TraceEventOptions) (at ./Library/PackageCache/com.unity.ai.assistant@8d1e3e89e3a7/Modules/Unity.AI.MCP.Editor/Helpers/McpLog.cs:15)
Unity.AI.MCP.Editor.Connection.UnixSocketListener:Start (string) (at ./Library/PackageCache/com.unity.ai.assistant@8d1e3e89e3a7/Modules/Unity.AI.MCP.Editor/Connection/UnixSocketListener.cs:193)
Unity.AI.MCP.Editor.Bridge:Start () (at ./Library/PackageCache/com.unity.ai.assistant@8d1e3e89e3a7/Modules/Unity.AI.MCP.Editor/Bridge.cs:282)
Unity.AI.MCP.Editor.Bridge:EnsureStartedOnEditorIdle () (at ./Library/PackageCache/com.unity.ai.assistant@8d1e3e89e3a7/Modules/Unity.AI.MCP.Editor/Bridge.cs:454)
UnityEditor.EditorApplication:Internal_CallUpdateFunctions () (at /Users/bokken/build/output/unity/unity/Editor/Mono/EditorApplication.cs:413)

(Filename: ./Library/PackageCache/com.unity.ai.assistant@8d1e3e89e3a7/Modules/Unity.AI.Tracing/TraceSinks.cs Line: 313)

Listening on Unix socket: /tmp/unity-mcp-57915bc5-47764
UnityEngine.Debug:ExtractStackTraceNoAlloc (byte*,int,string)
UnityEngine.StackTraceUtility:ExtractStackTrace () (at /Users/bokken/build/output/unity/unity/Runtime/Export/Scripting/StackTrace.cs:23)
UnityEngine.DebugLogHandler:Internal_Log (UnityEngine.LogType,UnityEngine.LogOption,string,UnityEngine.Object)
UnityEngine.DebugLogHandler:LogFormat (UnityEngine.LogType,UnityEngine.Object,string,object[])
UnityEngine.Logger:Log (UnityEngine.LogType,object)
UnityEngine.Debug:Log (object)
Unity.AI.Tracing.ConsoleSink:LogToConsole (string,string,System.Exception) (at ./Library/PackageCache/com.unity.ai.assistant@8d1e3e89e3a7/Modules/Unity.AI.Tracing/TraceSinks.cs:313)
Unity.AI.Tracing.ConsoleSink:Write (Unity.AI.Tracing.TraceEvent) (at ./Library/PackageCache/com.unity.ai.assistant@8d1e3e89e3a7/Modules/Unity.AI.Tracing/TraceSinks.cs:277)
Unity.AI.Tracing.TraceWriter:WriteEventInternal (string,string,Unity.AI.Tracing.TraceEventOptions,string,System.Nullable`1<int>) (at ./Library/PackageCache/com.unity.ai.assistant@8d1e3e89e3a7/Modules/Unity.AI.Tracing/TraceWriter.cs:373)
Unity.AI.Tracing.TraceWriter:Event (string,Unity.AI.Tracing.TraceEventOptions) (at ./Library/PackageCache/com.unity.ai.assistant@8d1e3e89e3a7/Modules/Unity.AI.Tracing/TraceWriter.cs:297)
Unity.AI.Tracing.TraceLogger:Emit (string,string,string,string,Unity.AI.Tracing.TraceEventOptions,object,System.Exception) (at ./Library/PackageCache/com.unity.ai.assistant@8d1e3e89e3a7/Modules/Unity.AI.Tracing/TraceLogger.cs:105)
Unity.AI.Tracing.TraceLogger:Info (string,string,string,Unity.AI.Tracing.TraceEventOptions) (at ./Library/PackageCache/com.unity.ai.assistant@8d1e3e89e3a7/Modules/Unity.AI.Tracing/TraceLogger.cs:35)
Unity.AI.MCP.Editor.Helpers.McpLog:Log (string,Unity.AI.Tracing.TraceEventOptions) (at ./Library/PackageCache/com.unity.ai.assistant@8d1e3e89e3a7/Modules/Unity.AI.MCP.Editor/Helpers/McpLog.cs:15)
Unity.AI.MCP.Editor.Connection.UnixSocketListener:Start (string) (at ./Library/PackageCache/com.unity.ai.assistant@8d1e3e89e3a7/Modules/Unity.AI.MCP.Editor/Connection/UnixSocketListener.cs:210)
Unity.AI.MCP.Editor.Bridge:Start () (at ./Library/PackageCache/com.unity.ai.assistant@8d1e3e89e3a7/Modules/Unity.AI.MCP.Editor/Bridge.cs:282)
Unity.AI.MCP.Editor.Bridge:EnsureStartedOnEditorIdle () (at ./Library/PackageCache/com.unity.ai.assistant@8d1e3e89e3a7/Modules/Unity.AI.MCP.Editor/Bridge.cs:454)
UnityEditor.EditorApplication:Internal_CallUpdateFunctions () (at /Users/bokken/build/output/unity/unity/Editor/Mono/EditorApplication.cs:413)

(Filename: ./Library/PackageCache/com.unity.ai.assistant@8d1e3e89e3a7/Modules/Unity.AI.Tracing/TraceSinks.cs Line: 313)

Restored umask to 012
UnityEngine.Debug:ExtractStackTraceNoAlloc (byte*,int,string)
UnityEngine.StackTraceUtility:ExtractStackTrace () (at /Users/bokken/build/output/unity/unity/Runtime/Export/Scripting/StackTrace.cs:23)
UnityEngine.DebugLogHandler:Internal_Log (UnityEngine.LogType,UnityEngine.LogOption,string,UnityEngine.Object)
UnityEngine.DebugLogHandler:LogFormat (UnityEngine.LogType,UnityEngine.Object,string,object[])
UnityEngine.Logger:Log (UnityEngine.LogType,object)
UnityEngine.Debug:Log (object)
Unity.AI.Tracing.ConsoleSink:LogToConsole (string,string,System.Exception) (at ./Library/PackageCache/com.unity.ai.assistant@8d1e3e89e3a7/Modules/Unity.AI.Tracing/TraceSinks.cs:313)
Unity.AI.Tracing.ConsoleSink:Write (Unity.AI.Tracing.TraceEvent) (at ./Library/PackageCache/com.unity.ai.assistant@8d1e3e89e3a7/Modules/Unity.AI.Tracing/TraceSinks.cs:277)
Unity.AI.Tracing.TraceWriter:WriteEventInternal (string,string,Unity.AI.Tracing.TraceEventOptions,string,System.Nullable`1<int>) (at ./Library/PackageCache/com.unity.ai.assistant@8d1e3e89e3a7/Modules/Unity.AI.Tracing/TraceWriter.cs:373)
Unity.AI.Tracing.TraceWriter:Event (string,Unity.AI.Tracing.TraceEventOptions) (at ./Library/PackageCache/com.unity.ai.assistant@8d1e3e89e3a7/Modules/Unity.AI.Tracing/TraceWriter.cs:297)
Unity.AI.Tracing.TraceLogger:Emit (string,string,string,string,Unity.AI.Tracing.TraceEventOptions,object,System.Exception) (at ./Library/PackageCache/com.unity.ai.assistant@8d1e3e89e3a7/Modules/Unity.AI.Tracing/TraceLogger.cs:105)
Unity.AI.Tracing.TraceLogger:Info (string,string,string,Unity.AI.Tracing.TraceEventOptions) (at ./Library/PackageCache/com.unity.ai.assistant@8d1e3e89e3a7/Modules/Unity.AI.Tracing/TraceLogger.cs:35)
Unity.AI.MCP.Editor.Helpers.McpLog:Log (string,Unity.AI.Tracing.TraceEventOptions) (at ./Library/PackageCache/com.unity.ai.assistant@8d1e3e89e3a7/Modules/Unity.AI.MCP.Editor/Helpers/McpLog.cs:15)
Unity.AI.MCP.Editor.Connection.UnixSocketListener:Start (string) (at ./Library/PackageCache/com.unity.ai.assistant@8d1e3e89e3a7/Modules/Unity.AI.MCP.Editor/Connection/UnixSocketListener.cs:224)
Unity.AI.MCP.Editor.Bridge:Start () (at ./Library/PackageCache/com.unity.ai.assistant@8d1e3e89e3a7/Modules/Unity.AI.MCP.Editor/Bridge.cs:282)
Unity.AI.MCP.Editor.Bridge:EnsureStartedOnEditorIdle () (at ./Library/PackageCache/com.unity.ai.assistant@8d1e3e89e3a7/Modules/Unity.AI.MCP.Editor/Bridge.cs:454)
UnityEditor.EditorApplication:Internal_CallUpdateFunctions () (at /Users/bokken/build/output/unity/unity/Editor/Mono/EditorApplication.cs:413)

(Filename: ./Library/PackageCache/com.unity.ai.assistant@8d1e3e89e3a7/Modules/Unity.AI.Tracing/TraceSinks.cs Line: 313)

MCP Bridge V2 started using Unix Socket at /tmp/unity-mcp-57915bc5-47764 (OS=OSXEditor)
UnityEngine.Debug:ExtractStackTraceNoAlloc (byte*,int,string)
UnityEngine.StackTraceUtility:ExtractStackTrace () (at /Users/bokken/build/output/unity/unity/Runtime/Export/Scripting/StackTrace.cs:23)
UnityEngine.DebugLogHandler:Internal_Log (UnityEngine.LogType,UnityEngine.LogOption,string,UnityEngine.Object)
UnityEngine.DebugLogHandler:LogFormat (UnityEngine.LogType,UnityEngine.Object,string,object[])
UnityEngine.Logger:Log (UnityEngine.LogType,object)
UnityEngine.Debug:Log (object)
Unity.AI.Tracing.ConsoleSink:LogToConsole (string,string,System.Exception) (at ./Library/PackageCache/com.unity.ai.assistant@8d1e3e89e3a7/Modules/Unity.AI.Tracing/TraceSinks.cs:313)
Unity.AI.Tracing.ConsoleSink:Write (Unity.AI.Tracing.TraceEvent) (at ./Library/PackageCache/com.unity.ai.assistant@8d1e3e89e3a7/Modules/Unity.AI.Tracing/TraceSinks.cs:277)
Unity.AI.Tracing.TraceWriter:WriteEventInternal (string,string,Unity.AI.Tracing.TraceEventOptions,string,System.Nullable`1<int>) (at ./Library/PackageCache/com.unity.ai.assistant@8d1e3e89e3a7/Modules/Unity.AI.Tracing/TraceWriter.cs:373)
Unity.AI.Tracing.TraceWriter:Event (string,Unity.AI.Tracing.TraceEventOptions) (at ./Library/PackageCache/com.unity.ai.assistant@8d1e3e89e3a7/Modules/Unity.AI.Tracing/TraceWriter.cs:297)
Unity.AI.Tracing.TraceLogger:Emit (string,string,string,string,Unity.AI.Tracing.TraceEventOptions,object,System.Exception) (at ./Library/PackageCache/com.unity.ai.assistant@8d1e3e89e3a7/Modules/Unity.AI.Tracing/TraceLogger.cs:105)
Unity.AI.Tracing.TraceLogger:Info (string,string,string,Unity.AI.Tracing.TraceEventOptions) (at ./Library/PackageCache/com.unity.ai.assistant@8d1e3e89e3a7/Modules/Unity.AI.Tracing/TraceLogger.cs:35)
Unity.AI.MCP.Editor.Helpers.McpLog:Log (string,Unity.AI.Tracing.TraceEventOptions) (at ./Library/PackageCache/com.unity.ai.assistant@8d1e3e89e3a7/Modules/Unity.AI.MCP.Editor/Helpers/McpLog.cs:15)
Unity.AI.MCP.Editor.Bridge:Start () (at ./Library/PackageCache/com.unity.ai.assistant@8d1e3e89e3a7/Modules/Unity.AI.MCP.Editor/Bridge.cs:288)
Unity.AI.MCP.Editor.Bridge:EnsureStartedOnEditorIdle () (at ./Library/PackageCache/com.unity.ai.assistant@8d1e3e89e3a7/Modules/Unity.AI.MCP.Editor/Bridge.cs:454)
UnityEditor.EditorApplication:Internal_CallUpdateFunctions () (at /Users/bokken/build/output/unity/unity/Editor/Mono/EditorApplication.cs:413)

(Filename: ./Library/PackageCache/com.unity.ai.assistant@8d1e3e89e3a7/Modules/Unity.AI.Tracing/TraceSinks.cs Line: 313)

Saved connection info to /Users/dawsonblock/.unity/mcp/connections/bridge-57915bc5-47764.json
UnityEngine.Debug:ExtractStackTraceNoAlloc (byte*,int,string)
UnityEngine.StackTraceUtility:ExtractStackTrace () (at /Users/bokken/build/output/unity/unity/Runtime/Export/Scripting/StackTrace.cs:23)
UnityEngine.DebugLogHandler:Internal_Log (UnityEngine.LogType,UnityEngine.LogOption,string,UnityEngine.Object)
UnityEngine.DebugLogHandler:LogFormat (UnityEngine.LogType,UnityEngine.Object,string,object[])
UnityEngine.Logger:Log (UnityEngine.LogType,object)
UnityEngine.Debug:Log (object)
Unity.AI.Tracing.ConsoleSink:LogToConsole (string,string,System.Exception) (at ./Library/PackageCache/com.unity.ai.assistant@8d1e3e89e3a7/Modules/Unity.AI.Tracing/TraceSinks.cs:313)
Unity.AI.Tracing.ConsoleSink:Write (Unity.AI.Tracing.TraceEvent) (at ./Library/PackageCache/com.unity.ai.assistant@8d1e3e89e3a7/Modules/Unity.AI.Tracing/TraceSinks.cs:277)
Unity.AI.Tracing.TraceWriter:WriteEventInternal (string,string,Unity.AI.Tracing.TraceEventOptions,string,System.Nullable`1<int>) (at ./Library/PackageCache/com.unity.ai.assistant@8d1e3e89e3a7/Modules/Unity.AI.Tracing/TraceWriter.cs:373)
Unity.AI.Tracing.TraceWriter:Event (string,Unity.AI.Tracing.TraceEventOptions) (at ./Library/PackageCache/com.unity.ai.assistant@8d1e3e89e3a7/Modules/Unity.AI.Tracing/TraceWriter.cs:297)
Unity.AI.Tracing.TraceLogger:Emit (string,string,string,string,Unity.AI.Tracing.TraceEventOptions,object,System.Exception) (at ./Library/PackageCache/com.unity.ai.assistant@8d1e3e89e3a7/Modules/Unity.AI.Tracing/TraceLogger.cs:105)
Unity.AI.Tracing.TraceLogger:Info (string,string,string,Unity.AI.Tracing.TraceEventOptions) (at ./Library/PackageCache/com.unity.ai.assistant@8d1e3e89e3a7/Modules/Unity.AI.Tracing/TraceLogger.cs:35)
Unity.AI.MCP.Editor.Helpers.McpLog:Log (string,Unity.AI.Tracing.TraceEventOptions) (at ./Library/PackageCache/com.unity.ai.assistant@8d1e3e89e3a7/Modules/Unity.AI.MCP.Editor/Helpers/McpLog.cs:15)
Unity.AI.MCP.Editor.Helpers.ServerDiscovery:SaveConnectionInfo (string) (at ./Library/PackageCache/com.unity.ai.assistant@8d1e3e89e3a7/Modules/Unity.AI.MCP.Editor/Connection/ServerDiscovery.cs:132)
Unity.AI.MCP.Editor.Bridge:Start () (at ./Library/PackageCache/com.unity.ai.assistant@8d1e3e89e3a7/Modules/Unity.AI.MCP.Editor/Bridge.cs:297)
Unity.AI.MCP.Editor.Bridge:EnsureStartedOnEditorIdle () (at ./Library/PackageCache/com.unity.ai.assistant@8d1e3e89e3a7/Modules/Unity.AI.MCP.Editor/Bridge.cs:454)
UnityEditor.EditorApplication:Internal_CallUpdateFunctions () (at /Users/bokken/build/output/unity/unity/Editor/Mono/EditorApplication.cs:413)

(Filename: ./Library/PackageCache/com.unity.ai.assistant@8d1e3e89e3a7/Modules/Unity.AI.Tracing/TraceSinks.cs Line: 313)

Start Indexing on Editor startup
[Indexing] Starting Initial Indexing for Assets
[UnityConnectServicesConfig] config is NOT valid, switching to default
Created GICache directory at /Users/dawsonblock/Library/Caches/com.unity3d.UnityEditor/GiCache. Took: 0.031s, timestamps: [13.910 - 13.940]
Accepted Unix socket connection: fd=94
UnityEngine.Debug:ExtractStackTraceNoAlloc (byte*,int,string)
UnityEngine.StackTraceUtility:ExtractStackTrace () (at /Users/bokken/build/output/unity/unity/Runtime/Export/Scripting/StackTrace.cs:23)
UnityEngine.DebugLogHandler:Internal_Log (UnityEngine.LogType,UnityEngine.LogOption,string,UnityEngine.Object)
UnityEngine.DebugLogHandler:LogFormat (UnityEngine.LogType,UnityEngine.Object,string,object[])
UnityEngine.Logger:Log (UnityEngine.LogType,object)
UnityEngine.Debug:Log (object)
Unity.AI.Tracing.ConsoleSink:LogToConsole (string,string,System.Exception) (at ./Library/PackageCache/com.unity.ai.assistant@8d1e3e89e3a7/Modules/Unity.AI.Tracing/TraceSinks.cs:313)
Unity.AI.Tracing.ConsoleSink/<>c__DisplayClass9_0:<Write>b__0 () (at ./Library/PackageCache/com.unity.ai.assistant@8d1e3e89e3a7/Modules/Unity.AI.Tracing/TraceSinks.cs:286)
UnityEditor.Search.Dispatcher/Task:Invoke () (at /Users/bokken/build/output/unity/unity/Modules/QuickSearch/Editor/UI/Dispatcher.cs:29)
UnityEditor.Search.Dispatcher:Process (UnityEditor.Search.Dispatcher/Task&) (at /Users/bokken/build/output/unity/unity/Modules/QuickSearch/Editor/UI/Dispatcher.cs:78)
UnityEditor.Search.Dispatcher:Update () (at /Users/bokken/build/output/unity/unity/Modules/QuickSearch/Editor/UI/Dispatcher.cs:101)
UnityEditor.EditorApplication:Internal_InvokeTickEvents () (at /Users/bokken/build/output/unity/unity/Editor/Mono/EditorApplication.cs:419)

(Filename: ./Library/PackageCache/com.unity.ai.assistant@8d1e3e89e3a7/Modules/Unity.AI.Tracing/TraceSinks.cs Line: 313)

[Licensing::Client] Successfully resolved entitlement details
Client connected: UnixSocket-1
  at Unity.AI.MCP.Editor.Bridge.HandleClientAsync (Unity.AI.MCP.Editor.Connection.IConnectionTransport transport, System.Threading.CancellationToken token) [0x00129] in ./Library/PackageCache/com.unity.ai.assistant@8d1e3e89e3a7/Modules/Unity.AI.MCP.Editor/Bridge.cs:635 
  at System.Runtime.CompilerServices.AsyncTaskMethodBuilder.Start[TStateMachine] (TStateMachine& stateMachine) [0x00000] in <0e19fd8bd8e94908bba2ee4f803bc6a7>:0 
  at Unity.AI.MCP.Editor.Bridge.HandleClientAsync (Unity.AI.MCP.Editor.Connection.IConnectionTransport transport, System.Threading.CancellationToken token) [0x00000] in <9f471310d406435eb45616458b6d1433>:0 
  at Unity.AI.MCP.Editor.Bridge+<>c__DisplayClass60_1.<ListenerLoopAsync>b__0 () [0x00000] in ./Library/PackageCache/com.unity.ai.assistant@8d1e3e89e3a7/Modules/Unity.AI.MCP.Editor/Bridge.cs:505 
  at System.Threading.Tasks.Task`1[TResult].InnerInvoke () [0x00000] in <0e19fd8bd8e94908bba2ee4f803bc6a7>:0 
  at System.Threading.Tasks.Task.Execute () [0x00000] in <0e19fd8bd8e94908bba2ee4f803bc6a7>:0 
  at System.Threading.Tasks.Task.ExecutionContextCallback (System.Object obj) [0x00000] in <0e19fd8bd8e94908bba2ee4f803bc6a7>:0 
  at System.Threading.ExecutionContext.RunInternal (System.Threading.ExecutionContext executionContext, System.Threading.ContextCallback callback, System.Object state, System.Boolean preserveSyncCtx) [0x00000] in <0e19fd8bd8e94908bba2ee4f803bc6a7>:0 
  at System.Threading.ExecutionContext.Run (System.Threading.ExecutionContext executionContext, System.Threading.ContextCallback callback, System.Object state, System.Boolean preserveSyncCtx) [0x00000] in <0e19fd8bd8e94908bba2ee4f803bc6a7>:0 
  at System.Threading.Tasks.Task.ExecuteWithThreadLocal (System.Threading.Tasks.Task& currentTaskSlot) [0x00000] in <0e19fd8bd8e94908bba2ee4f803bc6a7>:0 
  at System.Threading.Tasks.Task.ExecuteEntry (System.Boolean bPreventDoubleExecution) [0x00000] in <0e19fd8bd8e94908bba2ee4f803bc6a7>:0 
  at System.Threading.Tasks.Task.System.Threading.IThreadPoolWorkItem.ExecuteWorkItem () [0x00000] in <0e19fd8bd8e94908bba2ee4f803bc6a7>:0 
  at System.Threading.ThreadPoolWorkQueue.Dispatch () [0x00000] in <0e19fd8bd8e94908bba2ee4f803bc6a7>:0 
  at System.Threading._ThreadPoolWaitCallback.PerformWaitCallback () [0x00000] in <0e19fd8bd8e94908bba2ee4f803bc6a7>:0 
UnityEngine.Debug:ExtractStackTraceNoAlloc (byte*,int,string)
UnityEngine.StackTraceUtility:ExtractStackTrace () (at /Users/bokken/build/output/unity/unity/Runtime/Export/Scripting/StackTrace.cs:23)
UnityEngine.DebugLogHandler:Internal_Log (UnityEngine.LogType,UnityEngine.LogOption,string,UnityEngine.Object)
UnityEngine.DebugLogHandler:LogFormat (UnityEngine.LogType,UnityEngine.Object,string,object[])
UnityEngine.Logger:Log (UnityEngine.LogType,object)
UnityEngine.Debug:Log (object)
Unity.AI.Tracing.ConsoleSink:LogToConsole (string,string,System.Exception) (at ./Library/PackageCache/com.unity.ai.assistant@8d1e3e89e3a7/Modules/Unity.AI.Tracing/TraceSinks.cs:313)
Unity.AI.Tracing.ConsoleSink:Write (Unity.AI.Tracing.TraceEvent) (at ./Library/PackageCache/com.unity.ai.assistant@8d1e3e89e3a7/Modules/Unity.AI.Tracing/TraceSinks.cs:277)
Unity.AI.Tracing.TraceWriter:WriteEventInternal (string,string,Unity.AI.Tracing.TraceEventOptions,string,System.Nullable`1<int>) (at ./Library/PackageCache/com.unity.ai.assistant@8d1e3e89e3a7/Modules/Unity.AI.Tracing/TraceWriter.cs:373)
Unity.AI.Tracing.TraceWriter:Event (string,Unity.AI.Tracing.TraceEventOptions) (at ./Library/PackageCache/com.unity.ai.assistant@8d1e3e89e3a7/Modules/Unity.AI.Tracing/TraceWriter.cs:297)
Unity.AI.Tracing.TraceLogger:Emit (string,string,string,string,Unity.AI.Tracing.TraceEventOptions,object,System.Exception) (at ./Library/PackageCache/com.unity.ai.assistant@8d1e3e89e3a7/Modules/Unity.AI.Tracing/TraceLogger.cs:105)
Unity.AI.Tracing.TraceLogger:Info (string,string,string,Unity.AI.Tracing.TraceEventOptions) (at ./Library/PackageCache/com.unity.ai.assistant@8d1e3e89e3a7/Modules/Unity.AI.Tracing/TraceLogger.cs:35)
Unity.AI.MCP.Editor.Helpers.McpLog/<>c__DisplayClass8_0:<LogDelayed>b__0 () (at ./Library/PackageCache/com.unity.ai.assistant@8d1e3e89e3a7/Modules/Unity.AI.MCP.Editor/Helpers/McpLog.cs:74)
Unity.AI.Toolkit.EditorTask/<>c__DisplayClass21_0:<DelayCall>b__0 () (at ./Library/PackageCache/com.unity.ai.assistant@8d1e3e89e3a7/Modules/Unity.AI.Toolkit.Async/EditorTask.cs:375)
UnityEditor.EditorApplication:Internal_CallUpdateFunctions () (at /Users/bokken/build/output/unity/unity/Editor/Mono/EditorApplication.cs:413)

(Filename: ./Library/PackageCache/com.unity.ai.assistant@8d1e3e89e3a7/Modules/Unity.AI.Tracing/TraceSinks.cs Line: 313)

MCP client info: rmcp v3.1.0
UnityEngine.Debug:ExtractStackTraceNoAlloc (byte*,int,string)
UnityEngine.StackTraceUtility:ExtractStackTrace () (at /Users/bokken/build/output/unity/unity/Runtime/Export/Scripting/StackTrace.cs:23)
UnityEngine.DebugLogHandler:Internal_Log (UnityEngine.LogType,UnityEngine.LogOption,string,UnityEngine.Object)
UnityEngine.DebugLogHandler:LogFormat (UnityEngine.LogType,UnityEngine.Object,string,object[])
UnityEngine.Logger:Log (UnityEngine.LogType,object)
UnityEngine.Debug:Log (object)
Unity.AI.Tracing.ConsoleSink:LogToConsole (string,string,System.Exception) (at ./Library/PackageCache/com.unity.ai.assistant@8d1e3e89e3a7/Modules/Unity.AI.Tracing/TraceSinks.cs:313)
Unity.AI.Tracing.ConsoleSink:Write (Unity.AI.Tracing.TraceEvent) (at ./Library/PackageCache/com.unity.ai.assistant@8d1e3e89e3a7/Modules/Unity.AI.Tracing/TraceSinks.cs:277)
Unity.AI.Tracing.TraceWriter:WriteEventInternal (string,string,Unity.AI.Tracing.TraceEventOptions,string,System.Nullable`1<int>) (at ./Library/PackageCache/com.unity.ai.assistant@8d1e3e89e3a7/Modules/Unity.AI.Tracing/TraceWriter.cs:373)
Unity.AI.Tracing.TraceWriter:Event (string,Unity.AI.Tracing.TraceEventOptions) (at ./Library/PackageCache/com.unity.ai.assistant@8d1e3e89e3a7/Modules/Unity.AI.Tracing/TraceWriter.cs:297)
Unity.AI.Tracing.TraceLogger:Emit (string,string,string,string,Unity.AI.Tracing.TraceEventOptions,object,System.Exception) (at ./Library/PackageCache/com.unity.ai.assistant@8d1e3e89e3a7/Modules/Unity.AI.Tracing/TraceLogger.cs:105)
Unity.AI.Tracing.TraceLogger:Info (string,string,string,Unity.AI.Tracing.TraceEventOptions) (at ./Library/PackageCache/com.unity.ai.assistant@8d1e3e89e3a7/Modules/Unity.AI.Tracing/TraceLogger.cs:35)
Unity.AI.MCP.Editor.Helpers.McpLog:Log (string,Unity.AI.Tracing.TraceEventOptions) (at ./Library/PackageCache/com.unity.ai.assistant@8d1e3e89e3a7/Modules/Unity.AI.MCP.Editor/Helpers/McpLog.cs:15)
Unity.AI.MCP.Editor.Bridge/<ExecuteCommandAsync>d__75:MoveNext () (at ./Library/PackageCache/com.unity.ai.assistant@8d1e3e89e3a7/Modules/Unity.AI.MCP.Editor/Bridge.cs:1707)
System.Runtime.CompilerServices.AsyncTaskMethodBuilder`1<string>:Start<Unity.AI.MCP.Editor.Bridge/<ExecuteCommandAsync>d__75> (Unity.AI.MCP.Editor.Bridge/<ExecuteCommandAsync>d__75&)
Unity.AI.MCP.Editor.Bridge:ExecuteCommandAsync (Unity.AI.MCP.Editor.Models.Command,Unity.AI.MCP.Editor.Connection.IConnectionTransport,System.Threading.CancellationToken)
Unity.AI.MCP.Editor.Bridge:ProcessCommands () (at ./Library/PackageCache/com.unity.ai.assistant@8d1e3e89e3a7/Modules/Unity.AI.MCP.Editor/Bridge.cs:1537)
Unity.AI.MCP.Editor.Bridge:<RequestDrainOnMainThread>b__69_0 (object) (at ./Library/PackageCache/com.unity.ai.assistant@8d1e3e89e3a7/Modules/Unity.AI.MCP.Editor/Bridge.cs:1468)
UnityEngine.UnitySynchronizationContext/WorkRequest:Invoke () (at /Users/bokken/build/output/unity/unity/Runtime/Export/Scripting/UnitySynchronizationContext.cs:156)
UnityEngine.UnitySynchronizationContext:Exec () (at /Users/bokken/build/output/unity/unity/Runtime/Export/Scripting/UnitySynchronizationContext.cs:84)
UnityEngine.UnitySynchronizationContext:ExecuteTasks () (at /Users/bokken/build/output/unity/unity/Runtime/Export/Scripting/UnitySynchronizationContext.cs:110)

(Filename: ./Library/PackageCache/com.unity.ai.assistant@8d1e3e89e3a7/Modules/Unity.AI.Tracing/TraceSinks.cs Line: 313)

Sent handshake (unity-mcp protocol v2.0, tools=38)
  at Unity.AI.MCP.Editor.Bridge.HandleClientAsync (Unity.AI.MCP.Editor.Connection.IConnectionTransport transport, System.Threading.CancellationToken token) [0x006db] in ./Library/PackageCache/com.unity.ai.assistant@8d1e3e89e3a7/Modules/Unity.AI.MCP.Editor/Bridge.cs:802 
  at System.Runtime.CompilerServices.AsyncMethodBuilderCore+MoveNextRunner.InvokeMoveNext (System.Object stateMachine) [0x00000] in <0e19fd8bd8e94908bba2ee4f803bc6a7>:0 
  at System.Threading.ExecutionContext.RunInternal (System.Threading.ExecutionContext executionContext, System.Threading.ContextCallback callback, System.Object state, System.Boolean preserveSyncCtx) [0x00000] in <0e19fd8bd8e94908bba2ee4f803bc6a7>:0 
  at System.Threading.ExecutionContext.Run (System.Threading.ExecutionContext executionContext, System.Threading.ContextCallback callback, System.Object state, System.Boolean preserveSyncCtx) [0x00000] in <0e19fd8bd8e94908bba2ee4f803bc6a7>:0 
  at System.Runtime.CompilerServices.AsyncMethodBuilderCore+MoveNextRunner.Run () [0x00000] in <0e19fd8bd8e94908bba2ee4f803bc6a7>:0 
  at System.Threading.Tasks.AwaitTaskContinuation.RunOrScheduleAction (System.Action action, System.Boolean allowInlining, System.Threading.Tasks.Task& currentTask) [0x00000] in <0e19fd8bd8e94908bba2ee4f803bc6a7>:0 
  at System.Threading.Tasks.Task.FinishContinuations () [0x00000] in <0e19fd8bd8e94908bba2ee4f803bc6a7>:0 
  at System.Threading.Tasks.Task.FinishStageThree () [0x00000] in <0e19fd8bd8e94908bba2ee4f803bc6a7>:0 
  at System.Threading.Tasks.Task`1[TResult].TrySetResult (TResult result) [0x00000] in <0e19fd8bd8e94908bba2ee4f803bc6a7>:0 
  at System.Runtime.CompilerServices.AsyncTaskMethodBuilder`1[TResult].SetResult (TResult result) [0x00000] in <0e19fd8bd8e94908bba2ee4f803bc6a7>:0 
  at System.Runtime.CompilerServices.AsyncTaskMethodBuilder`1[TResult].SetResult (System.Threading.Tasks.Task`1[TResult] completedTask) [0x00000] in <0e19fd8bd8e94908bba2ee4f803bc6a7>:0 
  at System.Runtime.CompilerServices.AsyncTaskMethodBuilder.SetResult () [0x00000] in <0e19fd8bd8e94908bba2ee4f803bc6a7>:0 
  at Unity.AI.MCP.Editor.Connection.MessageProtocol.SendHandshakeAsync (Unity.AI.MCP.Editor.Connection.IConnectionTransport transport, System.Object[] tools, System.String toolsHash, System.Int32 timeoutMs) [0x000e8] in ./Library/PackageCache/com.unity.ai.assistant@8d1e3e89e3a7/Modules/Unity.AI.MCP.Editor/Connection/MessageProtocol.cs:93 
  at System.Runtime.CompilerServices.AsyncMethodBuilderCore+MoveNextRunner.InvokeMoveNext (System.Object stateMachine) [0x00000] in <0e19fd8bd8e94908bba2ee4f803bc6a7>:0 
  at System.Threading.ExecutionContext.RunInternal (System.Threading.ExecutionContext executionContext, System.Threading.ContextCallback callback, System.Object state, System.Boolean preserveSyncCtx) [0x00000] in <0e19fd8bd8e94908bba2ee4f803bc6a7>:0 
  at System.Threading.ExecutionContext.Run (System.Threading.ExecutionContext executionContext, System.Threading.ContextCallback callback, System.Object state, System.Boolean preserveSyncCtx) [0x00000] in <0e19fd8bd8e94908bba2ee4f803bc6a7>:0 
  at System.Runtime.CompilerServices.AsyncMethodBuilderCore+MoveNextRunner.Run () [0x00000] in <0e19fd8bd8e94908bba2ee4f803bc6a7>:0 
  at System.Threading.Tasks.AwaitTaskContinuation.RunOrScheduleAction (System.Action action, System.Boolean allowInlining, System.Threading.Tasks.Task& currentTask) [0x00000] in <0e19fd8bd8e94908bba2ee4f803bc6a7>:0 
  at System.Threading.Tasks.Task.FinishContinuations () [0x00000] in <0e19fd8bd8e94908bba2ee4f803bc6a7>:0 
  at System.Threading.Tasks.Task.FinishStageThree () [0x00000] in <0e19fd8bd8e94908bba2ee4f803bc6a7>:0 
  at System.Threading.Tasks.Task`1[TResult].TrySetResult (TResult result) [0x00000] in <0e19fd8bd8e94908bba2ee4f803bc6a7>:0 
  at System.Runtime.CompilerServices.AsyncTaskMethodBuilder`1[TResult].SetResult (TResult result) [0x00000] in <0e19fd8bd8e94908bba2ee4f803bc6a7>:0 
  at System.Runtime.CompilerServices.AsyncTaskMethodBuilder`1[TResult].SetResult (System.Threading.Tasks.Task`1[TResult] completedTask) [0x00000] in <0e19fd8bd8e94908bba2ee4f803bc6a7>:0 
  at System.Runtime.CompilerServices.AsyncTaskMethodBuilder.SetResult () [0x00000] in <0e19fd8bd8e94908bba2ee4f803bc6a7>:0 
  at Unity.AI.MCP.Editor.Connection.UnixSocketTransport.WriteAsync (System.Byte[] data, System.Threading.CancellationToken cancellationToken) [0x001ff] in ./Library/PackageCache/com.unity.ai.assistant@8d1e3e89e3a7/Modules/Unity.AI.MCP.Editor/Connection/UnixSocketTransport.cs:121 
  at System.Runtime.CompilerServices.AsyncMethodBuilderCore+MoveNextRunner.InvokeMoveNext (System.Object stateMachine) [0x00000] in <0e19fd8bd8e94908bba2ee4f803bc6a7>:0 
  at System.Threading.ExecutionContext.RunInternal (System.Threading.ExecutionContext executionContext, System.Threading.ContextCallback callback, System.Object state, System.Boolean preserveSyncCtx) [0x00000] in <0e19fd8bd8e94908bba2ee4f803bc6a7>:0 
  at System.Threading.ExecutionContext.Run (System.Threading.ExecutionContext executionContext, System.Threading.ContextCallback callback, System.Object state, System.Boolean preserveSyncCtx) [0x00000] in <0e19fd8bd8e94908bba2ee4f803bc6a7>:0 
  at System.Runtime.CompilerServices.AsyncMethodBuilderCore+MoveNextRunner.Run () [0x00000] in <0e19fd8bd8e94908bba2ee4f803bc6a7>:0 
  at System.Threading.Tasks.AwaitTaskContinuation.RunOrScheduleAction (System.Action action, System.Boolean allowInlining, System.Threading.Tasks.Task& currentTask) [0x00000] in <0e19fd8bd8e94908bba2ee4f803bc6a7>:0 
  at System.Threading.Tasks.Task.FinishContinuations () [0x00000] in <0e19fd8bd8e94908bba2ee4f803bc6a7>:0 
  at System.Threading.Tasks.Task.FinishStageThree () [0x00000] in <0e19fd8bd8e94908bba2ee4f803bc6a7>:0 
  at System.Threading.Tasks.Task.FinishStageTwo () [0x00000] in <0e19fd8bd8e94908bba2ee4f803bc6a7>:0 
  at System.Threading.Tasks.Task.Finish (System.Boolean bUserDelegateExecuted) [0x00000] in <0e19fd8bd8e94908bba2ee4f803bc6a7>:0 
  at System.Threading.Tasks.Task.ExecuteWithThreadLocal (System.Threading.Tasks.Task& currentTaskSlot) [0x00000] in <0e19fd8bd8e94908bba2ee4f803bc6a7>:0 
  at System.Threading.Tasks.Task.ExecuteEntry (System.Boolean bPreventDoubleExecution) [0x00000] in <0e19fd8bd8e94908bba2ee4f803bc6a7>:0 
  at System.Threading.Tasks.Task.System.Threading.IThreadPoolWorkItem.ExecuteWorkItem () [0x00000] in <0e19fd8bd8e94908bba2ee4f803bc6a7>:0 
  at System.Threading.ThreadPoolWorkQueue.Dispatch () [0x00000] in <0e19fd8bd8e94908bba2ee4f803bc6a7>:0 
  at System.Threading._ThreadPoolWaitCallback.PerformWaitCallback () [0x00000] in <0e19fd8bd8e94908bba2ee4f803bc6a7>:0 
UnityEngine.Debug:ExtractStackTraceNoAlloc (byte*,int,string)
UnityEngine.StackTraceUtility:ExtractStackTrace () (at /Users/bokken/build/output/unity/unity/Runtime/Export/Scripting/StackTrace.cs:23)
UnityEngine.DebugLogHandler:Internal_Log (UnityEngine.LogType,UnityEngine.LogOption,string,UnityEngine.Object)
UnityEngine.DebugLogHandler:LogFormat (UnityEngine.LogType,UnityEngine.Object,string,object[])
UnityEngine.Logger:Log (UnityEngine.LogType,object)
UnityEngine.Debug:Log (object)
Unity.AI.Tracing.ConsoleSink:LogToConsole (string,string,System.Exception) (at ./Library/PackageCache/com.unity.ai.assistant@8d1e3e89e3a7/Modules/Unity.AI.Tracing/TraceSinks.cs:313)
Unity.AI.Tracing.ConsoleSink:Write (Unity.AI.Tracing.TraceEvent) (at ./Library/PackageCache/com.unity.ai.assistant@8d1e3e89e3a7/Modules/Unity.AI.Tracing/TraceSinks.cs:277)
Unity.AI.Tracing.TraceWriter:WriteEventInternal (string,string,Unity.AI.Tracing.TraceEventOptions,string,System.Nullable`1<int>) (at ./Library/PackageCache/com.unity.ai.assistant@8d1e3e89e3a7/Modules/Unity.AI.Tracing/TraceWriter.cs:373)
Unity.AI.Tracing.TraceWriter:Event (string,Unity.AI.Tracing.TraceEventOptions) (at ./Library/PackageCache/com.unity.ai.assistant@8d1e3e89e3a7/Modules/Unity.AI.Tracing/TraceWriter.cs:297)
Unity.AI.Tracing.TraceLogger:Emit (string,string,string,string,Unity.AI.Tracing.TraceEventOptions,object,System.Exception) (at ./Library/PackageCache/com.unity.ai.assistant@8d1e3e89e3a7/Modules/Unity.AI.Tracing/TraceLogger.cs:105)
Unity.AI.Tracing.TraceLogger:Info (string,string,string,Unity.AI.Tracing.TraceEventOptions) (at ./Library/PackageCache/com.unity.ai.assistant@8d1e3e89e3a7/Modules/Unity.AI.Tracing/TraceLogger.cs:35)
Unity.AI.MCP.Editor.Helpers.McpLog/<>c__DisplayClass8_0:<LogDelayed>b__0 () (at ./Library/PackageCache/com.unity.ai.assistant@8d1e3e89e3a7/Modules/Unity.AI.MCP.Editor/Helpers/McpLog.cs:74)
Unity.AI.Toolkit.EditorTask/<>c__DisplayClass21_0:<DelayCall>b__0 () (at ./Library/PackageCache/com.unity.ai.assistant@8d1e3e89e3a7/Modules/Unity.AI.Toolkit.Async/EditorTask.cs:375)
UnityEditor.EditorApplication:Internal_CallUpdateFunctions () (at /Users/bokken/build/output/unity/unity/Editor/Mono/EditorApplication.cs:413)

(Filename: ./Library/PackageCache/com.unity.ai.assistant@8d1e3e89e3a7/Modules/Unity.AI.Tracing/TraceSinks.cs Line: 313)

[Licensing::Client] Error: Code 404 while processing request (status: Found 0 entitlement groups and 0 free entitlements matching requested entitlement ids)
[Licensing::Client] Error: Code 404 while processing request (status: Found 0 entitlement groups and 0 free entitlements matching requested entitlement ids)
[Licensing::Client] Error: Code 404 while processing request (status: Found 0 entitlement groups and 0 free entitlements matching requested entitlement ids)
[INFO ] [relay] relay.startup port=9001 mcpClientPort=9002 editorPid=47764
[INFO ] [relay] log === RELAY SERVER STARTED === (unity-ai-relay v1.0.12-build.99)
Worker ready: AssetImportWorkerHW0 0
[INFO ] [relay] log TLS trust: NODE_USE_SYSTEM_CA=on systemCAs=2 bundledCAs=145
[INFO ] [relay] log Starting relay server...
[INFO ] [relay] log Command line arguments: ["bun","/$bunfs/root/relay_mac_arm64","--relay","--port","9001","--mcp-client-port","9002","--editor-pid","47764","--shutdown-delay","180","--log-dir","/Users/dawsonblock/unity/My project (7)/Logs"]
[INFO ] [relay] log Parsed config: {"port":9001,"mcpClientPort":9002,"editorPid":"47764","shutdownDelaySeconds":180}
[INFO ] [relay] log Initializing relay components...
[INFO ] [relay] log Creating RelayEditor...
[INFO ] [relay] log WebSocket server started
[INFO ] [relay] log Relay server initialization completed
[INFO ] [relay] log MCP Client initialized at port: 9002
[INFO ] [relay] log Unity MCP Relay server started | Port: 9002 | Endpoints: /mcp/start-server, /mcp/stop-server, /mcp/server-status, /mcp/call-tool
[INFO ] [relay] log Unity client connected with ID: editor-47764-mewrhx (relay 1.0.12-build.99)
[INFO ] [relay] connection.established clientId=editor-47764-mewrhx port=9001
Unloading 43 Unused Serialized files (Serialized files now loaded: 0)
Unloading 40 unused Assets / (41.6 KB). Loaded Objects now: 16816.
Memory consumption went from 370.9 MB to 370.9 MB.
Total: 60.407666 ms (FindLiveObjects: 1.672792 ms CreateObjectMapping: 1.568833 ms MarkObjects: 55.659875 ms  DeleteObjects: 0.829125 ms)

Executing IPrebuildSetup for: Unity.PerformanceTesting.Editor.TestRunBuilder.
UnityEngine.Debug:ExtractStackTraceNoAlloc (byte*,int,string)
UnityEngine.StackTraceUtility:ExtractStackTrace () (at /Users/bokken/build/output/unity/unity/Runtime/Export/Scripting/StackTrace.cs:23)
UnityEngine.DebugLogHandler:Internal_Log (UnityEngine.LogType,UnityEngine.LogOption,string,UnityEngine.Object)
UnityEngine.DebugLogHandler:LogFormat (UnityEngine.LogType,UnityEngine.Object,string,object[])
UnityEngine.Logger:Log (UnityEngine.LogType,object)
UnityEngine.Debug:Log (object)
UnityEditor.TestTools.TestRunner.TestRun.Tasks.BuildActionTaskBase`1/<ExecuteMethods>d__8<UnityEngine.TestTools.IPrebuildSetup>:MoveNext () (at ./Library/PackageCache/com.unity.test-framework@7a3849e09bd0/UnityEditor.TestRunner/TestRun/Tasks/BuildActionTaskBase.cs:48)
UnityEditor.TestTools.TestRunner.TestRun.Tasks.BuildActionTaskBase`1/<Execute>d__7<UnityEngine.TestTools.IPrebuildSetup>:MoveNext () (at ./Library/PackageCache/com.unity.test-framework@7a3849e09bd0/UnityEditor.TestRunner/TestRun/Tasks/BuildActionTaskBase.cs:34)
UnityEditor.TestTools.TestRunner.TestRun.TestJobRunner:ExecuteStep () (at ./Library/PackageCache/com.unity.test-framework@7a3849e09bd0/UnityEditor.TestRunner/TestRun/TestJobRunner.cs:194)
UnityEditor.TestTools.TestRunner.TestRun.TestJobRunner:ExecuteCallback () (at ./Library/PackageCache/com.unity.test-framework@7a3849e09bd0/UnityEditor.TestRunner/TestRun/TestJobRunner.cs:129)
UnityEditor.EditorApplication:Internal_CallUpdateFunctions () (at /Users/bokken/build/output/unity/unity/Editor/Mono/EditorApplication.cs:413)

(Filename: ./Library/PackageCache/com.unity.test-framework@7a3849e09bd0/UnityEditor.TestRunner/TestRun/Tasks/BuildActionTaskBase.cs Line: 48)

[EvidenceService] Unknown evidence id 'does_not_exist' from 'test'. Ignored.
UnityEngine.Debug:ExtractStackTraceNoAlloc (byte*,int,string)
UnityEngine.StackTraceUtility:ExtractStackTrace () (at /Users/bokken/build/output/unity/unity/Runtime/Export/Scripting/StackTrace.cs:23)
UnityEngine.DebugLogHandler:Internal_Log (UnityEngine.LogType,UnityEngine.LogOption,string,UnityEngine.Object)
UnityEngine.DebugLogHandler:LogFormat (UnityEngine.LogType,UnityEngine.Object,string,object[])
UnityEngine.Logger:Log (UnityEngine.LogType,object)
UnityEngine.Debug:LogWarning (object)
Escape.Core.EvidenceService:Collect (string,string) (at Assets/_Game/Core/Services/EvidenceService.cs:43)
Escape.Core.EvidenceService:Handle (Escape.Core.CollectEvidenceCommand) (at Assets/_Game/Core/Services/EvidenceService.cs:72)
Escape.Core.GameCommandDispatcher:Dispatch<Escape.Core.CollectEvidenceCommand> (Escape.Core.CollectEvidenceCommand) (at Assets/_Game/Core/Commands/GameCommandDispatcher.cs:39)
Escape.Tests.EditMode.CommandAndStateTests:CollectEvidence_UnknownId_FailsSafely () (at Assets/_Game/Tests/EditMode/CommandAndStateTests.cs:63)
System.Reflection.RuntimeMethodInfo:Invoke (object,System.Reflection.BindingFlags,System.Reflection.Binder,object[],System.Globalization.CultureInfo)
System.Reflection.MethodBase:Invoke (object,object[])
NUnit.Framework.Internal.Reflect:InvokeMethod (System.Reflection.MethodInfo,object,object[])
NUnit.Framework.Internal.MethodWrapper:Invoke (object,object[])
NUnit.Framework.Internal.Commands.TestMethodCommand:RunNonAsyncTestMethod (NUnit.Framework.Internal.ITestExecutionContext)
NUnit.Framework.Internal.Commands.TestMethodCommand:RunTestMethod (NUnit.Framework.Internal.ITestExecutionContext)
NUnit.Framework.Internal.Commands.TestMethodCommand:Execute (NUnit.Framework.Internal.ITestExecutionContext)
UnityEngine.TestTools.UnityTestMethodCommand:Execute (NUnit.Framework.Internal.ITestExecutionContext) (at ./Library/PackageCache/com.unity.test-framework@7a3849e09bd0/UnityEngine.TestRunner/NUnitExtensions/Commands/UnityTestMethodCommand.cs:19)
UnityEngine.TestRunner.NUnitExtensions.Runner.UnityLogCheckDelegatingCommand/<>c__DisplayClass3_0:<Execute>b__0 () (at ./Library/PackageCache/com.unity.test-framework@7a3849e09bd0/UnityEngine.TestRunner/NUnitExtensions/Runner/UnityLogCheckDelegatingCommand.cs:32)
UnityEngine.TestRunner.NUnitExtensions.Runner.UnityLogCheckDelegatingCommand:CaptureException (NUnit.Framework.Internal.TestResult,System.Action) (at ./Library/PackageCache/com.unity.test-framework@7a3849e09bd0/UnityEngine.TestRunner/NUnitExtensions/Runner/UnityLogCheckDelegatingCommand.cs:93)
UnityEngine.TestRunner.NUnitExtensions.Runner.UnityLogCheckDelegatingCommand:ExecuteAndCheckLog (UnityEngine.TestTools.Logging.LogScope,NUnit.Framework.Internal.TestResult,System.Action) (at ./Library/PackageCache/com.unity.test-framework@7a3849e09bd0/UnityEngine.TestRunner/NUnitExtensions/Runner/UnityLogCheckDelegatingCommand.cs:104)
UnityEngine.TestRunner.NUnitExtensions.Runner.UnityLogCheckDelegatingCommand:Execute (NUnit.Framework.Internal.ITestExecutionContext) (at ./Library/PackageCache/com.unity.test-framework@7a3849e09bd0/UnityEngine.TestRunner/NUnitExtensions/Runner/UnityLogCheckDelegatingCommand.cs:32)
UnityEngine.TestRunner.NUnitExtensions.Runner.UnityLogCheckDelegatingCommand/<ExecuteEnumerable>d__4:MoveNext () (at ./Library/PackageCache/com.unity.test-framework@7a3849e09bd0/UnityEngine.TestRunner/NUnitExtensions/Runner/UnityLogCheckDelegatingCommand.cs:43)
UnityEngine.TestTools.BeforeAfterTestCommandBase`1/<ExecuteEnumerable>d__16<NUnit.Framework.ITestAction>:MoveNext () (at ./Library/PackageCache/com.unity.test-framework@7a3849e09bd0/UnityEngine.TestRunner/NUnitExtensions/Commands/BeforeAfterTestCommandBase.cs:213)
UnityEngine.TestTools.ImmediateEnumerableCommand:Execute (NUnit.Framework.Internal.ITestExecutionContext) (at ./Library/PackageCache/com.unity.test-framework@7a3849e09bd0/UnityEngine.TestRunner/NUnitExtensions/Commands/ImmediateEnumerableCommand.cs:18)
UnityEngine.TestTools.BeforeAfterTestCommandBase`1/<ExecuteEnumerable>d__16<System.Reflection.MethodInfo>:MoveNext () (at ./Library/PackageCache/com.unity.test-framework@7a3849e09bd0/UnityEngine.TestRunner/NUnitExtensions/Commands/BeforeAfterTestCommandBase.cs:220)
UnityEngine.TestTools.BeforeAfterTestCommandBase`1/<ExecuteEnumerable>d__16<System.Reflection.MethodInfo>:MoveNext () (at ./Library/PackageCache/com.unity.test-framework@7a3849e09bd0/UnityEngine.TestRunner/NUnitExtensions/Commands/BeforeAfterTestCommandBase.cs:213)
UnityEngine.TestTools.BeforeAfterTestCommandBase`1/<ExecuteEnumerable>d__16<UnityEngine.TestTools.IOuterUnityTestAction>:MoveNext () (at ./Library/PackageCache/com.unity.test-framework@7a3849e09bd0/UnityEngine.TestRunner/NUnitExtensions/Commands/BeforeAfterTestCommandBase.cs:213)
UnityEngine.TestTools.RetryCommand/<ExecuteEnumerable>d__2:MoveNext () (at ./Library/PackageCache/com.unity.test-framework@7a3849e09bd0/UnityEngine.TestRunner/NUnitExtensions/Commands/RetryCommand.cs:37)
UnityEngine.TestTools.RepeatCommand/<ExecuteEnumerable>d__2:MoveNext () (at ./Library/PackageCache/com.unity.test-framework@7a3849e09bd0/UnityEngine.TestRunner/NUnitExtensions/Commands/RepeatCommand.cs:36)
UnityEngine.TestTools.IgnoreTestCommand/<ExecuteEnumerable>d__3:MoveNext () (at ./Library/PackageCache/com.unity.test-framework@7a3849e09bd0/UnityEngine.TestRunner/NUnitExtensions/Commands/IgnoreTestCommand.cs:42)
UnityEngine.TestTools.StrictCheckCommand/<ExecuteEnumerable>d__2:MoveNext () (at ./Library/PackageCache/com.unity.test-framework@7a3849e09bd0/UnityEngine.TestRunner/NUnitExtensions/Commands/StrictCheckCommand.cs:29)
UnityEngine.TestRunner.NUnitExtensions.Runner.DefaultTestWorkItem/<PerformWork>d__2:MoveNext () (at ./Library/PackageCache/com.unity.test-framework@7a3849e09bd0/UnityEngine.TestRunner/NUnitExtensions/Runner/DefaultTestWorkItem.cs:58)
UnityEngine.TestRunner.NUnitExtensions.Runner.CompositeWorkItem/<RunChildren>d__17:MoveNext () (at ./Library/PackageCache/com.unity.test-framework@7a3849e09bd0/UnityEngine.TestRunner/NUnitExtensions/Runner/CompositeWorkItem.cs:209)
UnityEngine.TestRunner.NUnitExtensions.Runner.CompositeWorkItem/<PerformWork>d__13:MoveNext () (at ./Library/PackageCache/com.unity.test-framework@7a3849e09bd0/UnityEngine.TestRunner/NUnitExtensions/Runner/CompositeWorkItem.cs:83)
UnityEngine.TestRunner.NUnitExtensions.Runner.CompositeWorkItem/<RunChildren>d__17:MoveNext () (at ./Library/PackageCache/com.unity.test-framework@7a3849e09bd0/UnityEngine.TestRunner/NUnitExtensions/Runner/CompositeWorkItem.cs:209)
UnityEngine.TestRunner.NUnitExtensions.Runner.CompositeWorkItem/<PerformWork>d__13:MoveNext () (at ./Library/PackageCache/com.unity.test-framework@7a3849e09bd0/UnityEngine.TestRunner/NUnitExtensions/Runner/CompositeWorkItem.cs:83)
UnityEngine.TestRunner.NUnitExtensions.Runner.CompositeWorkItem/<RunChildren>d__17:MoveNext () (at ./Library/PackageCache/com.unity.test-framework@7a3849e09bd0/UnityEngine.TestRunner/NUnitExtensions/Runner/CompositeWorkItem.cs:209)
UnityEngine.TestRunner.NUnitExtensions.Runner.CompositeWorkItem/<PerformWork>d__13:MoveNext () (at ./Library/PackageCache/com.unity.test-framework@7a3849e09bd0/UnityEngine.TestRunner/NUnitExtensions/Runner/CompositeWorkItem.cs:83)
UnityEngine.TestRunner.NUnitExtensions.Runner.CompositeWorkItem/<RunChildren>d__17:MoveNext () (at ./Library/PackageCache/com.unity.test-framework@7a3849e09bd0/UnityEngine.TestRunner/NUnitExtensions/Runner/CompositeWorkItem.cs:209)
UnityEngine.TestRunner.NUnitExtensions.Runner.CompositeWorkItem/<PerformWork>d__13:MoveNext () (at ./Library/PackageCache/com.unity.test-framework@7a3849e09bd0/UnityEngine.TestRunner/NUnitExtensions/Runner/CompositeWorkItem.cs:83)
UnityEngine.TestRunner.NUnitExtensions.Runner.CompositeWorkItem/<RunChildren>d__17:MoveNext () (at ./Library/PackageCache/com.unity.test-framework@7a3849e09bd0/UnityEngine.TestRunner/NUnitExtensions/Runner/CompositeWorkItem.cs:209)
UnityEngine.TestRunner.NUnitExtensions.Runner.CompositeWorkItem/<PerformWork>d__13:MoveNext () (at ./Library/PackageCache/com.unity.test-framework@7a3849e09bd0/UnityEngine.TestRunner/NUnitExtensions/Runner/CompositeWorkItem.cs:83)
UnityEngine.TestRunner.NUnitExtensions.Runner.CompositeWorkItem/<RunChildren>d__17:MoveNext () (at ./Library/PackageCache/com.unity.test-framework@7a3849e09bd0/UnityEngine.TestRunner/NUnitExtensions/Runner/CompositeWorkItem.cs:209)
UnityEngine.TestRunner.NUnitExtensions.Runner.CompositeWorkItem/<PerformWork>d__13:MoveNext () (at ./Library/PackageCache/com.unity.test-framework@7a3849e09bd0/UnityEngine.TestRunner/NUnitExtensions/Runner/CompositeWorkItem.cs:83)
UnityEditor.TestTools.TestRunner.EditModeRunner:MoveNextAndUpdateYieldObject () (at ./Library/PackageCache/com.unity.test-framework@7a3849e09bd0/UnityEditor.TestRunner/TestRunner/EditModeRunner.cs:180)
UnityEditor.TestTools.TestRunner.EditModeRunner:TestConsumer (UnityEditor.TestTools.TestRunner.TestRunnerStateSerializer) (at ./Library/PackageCache/com.unity.test-framework@7a3849e09bd0/UnityEditor.TestRunner/TestRunner/EditModeRunner.cs:220)
UnityEditor.TestTools.TestRunner.TestRun.Tasks.EditModeRunTask/<Execute>d__1:MoveNext () (at ./Library/PackageCache/com.unity.test-framework@7a3849e09bd0/UnityEditor.TestRunner/TestRun/Tasks/EditModeRunTask.cs:48)
UnityEditor.TestTools.TestRunner.TestRun.TestJobRunner:ExecuteStep () (at ./Library/PackageCache/com.unity.test-framework@7a3849e09bd0/UnityEditor.TestRunner/TestRun/TestJobRunner.cs:194)
UnityEditor.TestTools.TestRunner.TestRun.TestJobRunner:ExecuteCallback () (at ./Library/PackageCache/com.unity.test-framework@7a3849e09bd0/UnityEditor.TestRunner/TestRun/TestJobRunner.cs:129)
UnityEditor.EditorApplication:Internal_CallUpdateFunctions () (at /Users/bokken/build/output/unity/unity/Editor/Mono/EditorApplication.cs:413)

(Filename: Assets/_Game/Core/Services/EvidenceService.cs Line: 43)

[SaveService] Repaired save 'slot1.json': Dropped evidence id 'bogus_evidence' (unknown).
UnityEngine.Debug:ExtractStackTraceNoAlloc (byte*,int,string)
UnityEngine.StackTraceUtility:ExtractStackTrace () (at /Users/bokken/build/output/unity/unity/Runtime/Export/Scripting/StackTrace.cs:23)
UnityEngine.DebugLogHandler:Internal_Log (UnityEngine.LogType,UnityEngine.LogOption,string,UnityEngine.Object)
UnityEngine.DebugLogHandler:LogFormat (UnityEngine.LogType,UnityEngine.Object,string,object[])
UnityEngine.Logger:Log (UnityEngine.LogType,object)
UnityEngine.Debug:LogWarning (object)
Escape.Core.SaveService:LoadIntoState (string,System.Collections.Generic.List`1<string>&) (at Assets/_Game/Core/Persistence/SaveService.cs:217)
Escape.Tests.EditMode.SaveTests:Save_Drops_UnknownEvidenceIds () (at Assets/_Game/Tests/EditMode/SaveTests.cs:86)
System.Reflection.RuntimeMethodInfo:Invoke (object,System.Reflection.BindingFlags,System.Reflection.Binder,object[],System.Globalization.CultureInfo)
System.Reflection.MethodBase:Invoke (object,object[])
NUnit.Framework.Internal.Reflect:InvokeMethod (System.Reflection.MethodInfo,object,object[])
NUnit.Framework.Internal.MethodWrapper:Invoke (object,object[])
NUnit.Framework.Internal.Commands.TestMethodCommand:RunNonAsyncTestMethod (NUnit.Framework.Internal.ITestExecutionContext)
NUnit.Framework.Internal.Commands.TestMethodCommand:RunTestMethod (NUnit.Framework.Internal.ITestExecutionContext)
NUnit.Framework.Internal.Commands.TestMethodCommand:Execute (NUnit.Framework.Internal.ITestExecutionContext)
UnityEngine.TestTools.UnityTestMethodCommand:Execute (NUnit.Framework.Internal.ITestExecutionContext) (at ./Library/PackageCache/com.unity.test-framework@7a3849e09bd0/UnityEngine.TestRunner/NUnitExtensions/Commands/UnityTestMethodCommand.cs:19)
UnityEngine.TestRunner.NUnitExtensions.Runner.UnityLogCheckDelegatingCommand/<>c__DisplayClass3_0:<Execute>b__0 () (at ./Library/PackageCache/com.unity.test-framework@7a3849e09bd0/UnityEngine.TestRunner/NUnitExtensions/Runner/UnityLogCheckDelegatingCommand.cs:32)
UnityEngine.TestRunner.NUnitExtensions.Runner.UnityLogCheckDelegatingCommand:CaptureException (NUnit.Framework.Internal.TestResult,System.Action) (at ./Library/PackageCache/com.unity.test-framework@7a3849e09bd0/UnityEngine.TestRunner/NUnitExtensions/Runner/UnityLogCheckDelegatingCommand.cs:93)
UnityEngine.TestRunner.NUnitExtensions.Runner.UnityLogCheckDelegatingCommand:ExecuteAndCheckLog (UnityEngine.TestTools.Logging.LogScope,NUnit.Framework.Internal.TestResult,System.Action) (at ./Library/PackageCache/com.unity.test-framework@7a3849e09bd0/UnityEngine.TestRunner/NUnitExtensions/Runner/UnityLogCheckDelegatingCommand.cs:104)
UnityEngine.TestRunner.NUnitExtensions.Runner.UnityLogCheckDelegatingCommand:Execute (NUnit.Framework.Internal.ITestExecutionContext) (at ./Library/PackageCache/com.unity.test-framework@7a3849e09bd0/UnityEngine.TestRunner/NUnitExtensions/Runner/UnityLogCheckDelegatingCommand.cs:32)
UnityEngine.TestRunner.NUnitExtensions.Runner.UnityLogCheckDelegatingCommand/<ExecuteEnumerable>d__4:MoveNext () (at ./Library/PackageCache/com.unity.test-framework@7a3849e09bd0/UnityEngine.TestRunner/NUnitExtensions/Runner/UnityLogCheckDelegatingCommand.cs:43)
UnityEngine.TestTools.BeforeAfterTestCommandBase`1/<ExecuteEnumerable>d__16<NUnit.Framework.ITestAction>:MoveNext () (at ./Library/PackageCache/com.unity.test-framework@7a3849e09bd0/UnityEngine.TestRunner/NUnitExtensions/Commands/BeforeAfterTestCommandBase.cs:213)
UnityEngine.TestTools.ImmediateEnumerableCommand:Execute (NUnit.Framework.Internal.ITestExecutionContext) (at ./Library/PackageCache/com.unity.test-framework@7a3849e09bd0/UnityEngine.TestRunner/NUnitExtensions/Commands/ImmediateEnumerableCommand.cs:18)
UnityEngine.TestTools.BeforeAfterTestCommandBase`1/<ExecuteEnumerable>d__16<System.Reflection.MethodInfo>:MoveNext () (at ./Library/PackageCache/com.unity.test-framework@7a3849e09bd0/UnityEngine.TestRunner/NUnitExtensions/Commands/BeforeAfterTestCommandBase.cs:220)
UnityEngine.TestTools.BeforeAfterTestCommandBase`1/<ExecuteEnumerable>d__16<System.Reflection.MethodInfo>:MoveNext () (at ./Library/PackageCache/com.unity.test-framework@7a3849e09bd0/UnityEngine.TestRunner/NUnitExtensions/Commands/BeforeAfterTestCommandBase.cs:213)
UnityEngine.TestTools.BeforeAfterTestCommandBase`1/<ExecuteEnumerable>d__16<UnityEngine.TestTools.IOuterUnityTestAction>:MoveNext () (at ./Library/PackageCache/com.unity.test-framework@7a3849e09bd0/UnityEngine.TestRunner/NUnitExtensions/Commands/BeforeAfterTestCommandBase.cs:213)
UnityEngine.TestTools.RetryCommand/<ExecuteEnumerable>d__2:MoveNext () (at ./Library/PackageCache/com.unity.test-framework@7a3849e09bd0/UnityEngine.TestRunner/NUnitExtensions/Commands/RetryCommand.cs:37)
UnityEngine.TestTools.RepeatCommand/<ExecuteEnumerable>d__2:MoveNext () (at ./Library/PackageCache/com.unity.test-framework@7a3849e09bd0/UnityEngine.TestRunner/NUnitExtensions/Commands/RepeatCommand.cs:36)
UnityEngine.TestTools.IgnoreTestCommand/<ExecuteEnumerable>d__3:MoveNext () (at ./Library/PackageCache/com.unity.test-framework@7a3849e09bd0/UnityEngine.TestRunner/NUnitExtensions/Commands/IgnoreTestCommand.cs:42)
UnityEngine.TestTools.StrictCheckCommand/<ExecuteEnumerable>d__2:MoveNext () (at ./Library/PackageCache/com.unity.test-framework@7a3849e09bd0/UnityEngine.TestRunner/NUnitExtensions/Commands/StrictCheckCommand.cs:29)
UnityEngine.TestRunner.NUnitExtensions.Runner.DefaultTestWorkItem/<PerformWork>d__2:MoveNext () (at ./Library/PackageCache/com.unity.test-framework@7a3849e09bd0/UnityEngine.TestRunner/NUnitExtensions/Runner/DefaultTestWorkItem.cs:58)
UnityEngine.TestRunner.NUnitExtensions.Runner.CompositeWorkItem/<RunChildren>d__17:MoveNext () (at ./Library/PackageCache/com.unity.test-framework@7a3849e09bd0/UnityEngine.TestRunner/NUnitExtensions/Runner/CompositeWorkItem.cs:209)
UnityEngine.TestRunner.NUnitExtensions.Runner.CompositeWorkItem/<PerformWork>d__13:MoveNext () (at ./Library/PackageCache/com.unity.test-framework@7a3849e09bd0/UnityEngine.TestRunner/NUnitExtensions/Runner/CompositeWorkItem.cs:83)
UnityEngine.TestRunner.NUnitExtensions.Runner.CompositeWorkItem/<RunChildren>d__17:MoveNext () (at ./Library/PackageCache/com.unity.test-framework@7a3849e09bd0/UnityEngine.TestRunner/NUnitExtensions/Runner/CompositeWorkItem.cs:209)
UnityEngine.TestRunner.NUnitExtensions.Runner.CompositeWorkItem/<PerformWork>d__13:MoveNext () (at ./Library/PackageCache/com.unity.test-framework@7a3849e09bd0/UnityEngine.TestRunner/NUnitExtensions/Runner/CompositeWorkItem.cs:83)
UnityEngine.TestRunner.NUnitExtensions.Runner.CompositeWorkItem/<RunChildren>d__17:MoveNext () (at ./Library/PackageCache/com.unity.test-framework@7a3849e09bd0/UnityEngine.TestRunner/NUnitExtensions/Runner/CompositeWorkItem.cs:209)
UnityEngine.TestRunner.NUnitExtensions.Runner.CompositeWorkItem/<PerformWork>d__13:MoveNext () (at ./Library/PackageCache/com.unity.test-framework@7a3849e09bd0/UnityEngine.TestRunner/NUnitExtensions/Runner/CompositeWorkItem.cs:83)
UnityEngine.TestRunner.NUnitExtensions.Runner.CompositeWorkItem/<RunChildren>d__17:MoveNext () (at ./Library/PackageCache/com.unity.test-framework@7a3849e09bd0/UnityEngine.TestRunner/NUnitExtensions/Runner/CompositeWorkItem.cs:209)
UnityEngine.TestRunner.NUnitExtensions.Runner.CompositeWorkItem/<PerformWork>d__13:MoveNext () (at ./Library/PackageCache/com.unity.test-framework@7a3849e09bd0/UnityEngine.TestRunner/NUnitExtensions/Runner/CompositeWorkItem.cs:83)
UnityEngine.TestRunner.NUnitExtensions.Runner.CompositeWorkItem/<RunChildren>d__17:MoveNext () (at ./Library/PackageCache/com.unity.test-framework@7a3849e09bd0/UnityEngine.TestRunner/NUnitExtensions/Runner/CompositeWorkItem.cs:209)
UnityEngine.TestRunner.NUnitExtensions.Runner.CompositeWorkItem/<PerformWork>d__13:MoveNext () (at ./Library/PackageCache/com.unity.test-framework@7a3849e09bd0/UnityEngine.TestRunner/NUnitExtensions/Runner/CompositeWorkItem.cs:83)
UnityEngine.TestRunner.NUnitExtensions.Runner.CompositeWorkItem/<RunChildren>d__17:MoveNext () (at ./Library/PackageCache/com.unity.test-framework@7a3849e09bd0/UnityEngine.TestRunner/NUnitExtensions/Runner/CompositeWorkItem.cs:209)
UnityEngine.TestRunner.NUnitExtensions.Runner.CompositeWorkItem/<PerformWork>d__13:MoveNext () (at ./Library/PackageCache/com.unity.test-framework@7a3849e09bd0/UnityEngine.TestRunner/NUnitExtensions/Runner/CompositeWorkItem.cs:83)
UnityEditor.TestTools.TestRunner.EditModeRunner:MoveNextAndUpdateYieldObject () (at ./Library/PackageCache/com.unity.test-framework@7a3849e09bd0/UnityEditor.TestRunner/TestRunner/EditModeRunner.cs:180)
UnityEditor.TestTools.TestRunner.EditModeRunner:TestConsumer (UnityEditor.TestTools.TestRunner.TestRunnerStateSerializer) (at ./Library/PackageCache/com.unity.test-framework@7a3849e09bd0/UnityEditor.TestRunner/TestRunner/EditModeRunner.cs:220)
UnityEditor.TestTools.TestRunner.TestRun.Tasks.EditModeRunTask/<Execute>d__1:MoveNext () (at ./Library/PackageCache/com.unity.test-framework@7a3849e09bd0/UnityEditor.TestRunner/TestRun/Tasks/EditModeRunTask.cs:48)
UnityEditor.TestTools.TestRunner.TestRun.TestJobRunner:ExecuteStep () (at ./Library/PackageCache/com.unity.test-framework@7a3849e09bd0/UnityEditor.TestRunner/TestRun/TestJobRunner.cs:194)
UnityEditor.TestTools.TestRunner.TestRun.TestJobRunner:ExecuteCallback () (at ./Library/PackageCache/com.unity.test-framework@7a3849e09bd0/UnityEditor.TestRunner/TestRun/TestJobRunner.cs:129)
UnityEditor.EditorApplication:Internal_CallUpdateFunctions () (at /Users/bokken/build/output/unity/unity/Editor/Mono/EditorApplication.cs:413)

(Filename: Assets/_Game/Core/Persistence/SaveService.cs Line: 217)

[SaveService] Refusing to write invalid slot id '../escape' — a slot is [A-Za-z0-9_-]+ and is never interpreted as a path.
UnityEngine.Debug:ExtractStackTraceNoAlloc (byte*,int,string)
UnityEngine.StackTraceUtility:ExtractStackTrace () (at /Users/bokken/build/output/unity/unity/Runtime/Export/Scripting/StackTrace.cs:23)
UnityEngine.DebugLogHandler:Internal_Log (UnityEngine.LogType,UnityEngine.LogOption,string,UnityEngine.Object)
UnityEngine.DebugLogHandler:LogFormat (UnityEngine.LogType,UnityEngine.Object,string,object[])
UnityEngine.Logger:Log (UnityEngine.LogType,object)
UnityEngine.Debug:LogWarning (object)
Escape.Core.SaveService:RejectSlot (string,string) (at Assets/_Game/Core/Persistence/SaveService.cs:79)
Escape.Core.SaveService:Save (string) (at Assets/_Game/Core/Persistence/SaveService.cs:164)
Escape.Tests.EditMode.SaveTests:Save_Refuses_AnInvalidSlot_WithoutTouchingDisk () (at Assets/_Game/Tests/EditMode/SaveTests.cs:230)
System.Reflection.RuntimeMethodInfo:Invoke (object,System.Reflection.BindingFlags,System.Reflection.Binder,object[],System.Globalization.CultureInfo)
System.Reflection.MethodBase:Invoke (object,object[])
NUnit.Framework.Internal.Reflect:InvokeMethod (System.Reflection.MethodInfo,object,object[])
NUnit.Framework.Internal.MethodWrapper:Invoke (object,object[])
NUnit.Framework.Internal.Commands.TestMethodCommand:RunNonAsyncTestMethod (NUnit.Framework.Internal.ITestExecutionContext)
NUnit.Framework.Internal.Commands.TestMethodCommand:RunTestMethod (NUnit.Framework.Internal.ITestExecutionContext)
NUnit.Framework.Internal.Commands.TestMethodCommand:Execute (NUnit.Framework.Internal.ITestExecutionContext)
UnityEngine.TestTools.UnityTestMethodCommand:Execute (NUnit.Framework.Internal.ITestExecutionContext) (at ./Library/PackageCache/com.unity.test-framework@7a3849e09bd0/UnityEngine.TestRunner/NUnitExtensions/Commands/UnityTestMethodCommand.cs:19)
UnityEngine.TestRunner.NUnitExtensions.Runner.UnityLogCheckDelegatingCommand/<>c__DisplayClass3_0:<Execute>b__0 () (at ./Library/PackageCache/com.unity.test-framework@7a3849e09bd0/UnityEngine.TestRunner/NUnitExtensions/Runner/UnityLogCheckDelegatingCommand.cs:32)
UnityEngine.TestRunner.NUnitExtensions.Runner.UnityLogCheckDelegatingCommand:CaptureException (NUnit.Framework.Internal.TestResult,System.Action) (at ./Library/PackageCache/com.unity.test-framework@7a3849e09bd0/UnityEngine.TestRunner/NUnitExtensions/Runner/UnityLogCheckDelegatingCommand.cs:93)
UnityEngine.TestRunner.NUnitExtensions.Runner.UnityLogCheckDelegatingCommand:ExecuteAndCheckLog (UnityEngine.TestTools.Logging.LogScope,NUnit.Framework.Internal.TestResult,System.Action) (at ./Library/PackageCache/com.unity.test-framework@7a3849e09bd0/UnityEngine.TestRunner/NUnitExtensions/Runner/UnityLogCheckDelegatingCommand.cs:104)
UnityEngine.TestRunner.NUnitExtensions.Runner.UnityLogCheckDelegatingCommand:Execute (NUnit.Framework.Internal.ITestExecutionContext) (at ./Library/PackageCache/com.unity.test-framework@7a3849e09bd0/UnityEngine.TestRunner/NUnitExtensions/Runner/UnityLogCheckDelegatingCommand.cs:32)
UnityEngine.TestRunner.NUnitExtensions.Runner.UnityLogCheckDelegatingCommand/<ExecuteEnumerable>d__4:MoveNext () (at ./Library/PackageCache/com.unity.test-framework@7a3849e09bd0/UnityEngine.TestRunner/NUnitExtensions/Runner/UnityLogCheckDelegatingCommand.cs:43)
UnityEngine.TestTools.BeforeAfterTestCommandBase`1/<ExecuteEnumerable>d__16<NUnit.Framework.ITestAction>:MoveNext () (at ./Library/PackageCache/com.unity.test-framework@7a3849e09bd0/UnityEngine.TestRunner/NUnitExtensions/Commands/BeforeAfterTestCommandBase.cs:213)
UnityEngine.TestTools.ImmediateEnumerableCommand:Execute (NUnit.Framework.Internal.ITestExecutionContext) (at ./Library/PackageCache/com.unity.test-framework@7a3849e09bd0/UnityEngine.TestRunner/NUnitExtensions/Commands/ImmediateEnumerableCommand.cs:18)
UnityEngine.TestTools.BeforeAfterTestCommandBase`1/<ExecuteEnumerable>d__16<System.Reflection.MethodInfo>:MoveNext () (at ./Library/PackageCache/com.unity.test-framework@7a3849e09bd0/UnityEngine.TestRunner/NUnitExtensions/Commands/BeforeAfterTestCommandBase.cs:220)
UnityEngine.TestTools.BeforeAfterTestCommandBase`1/<ExecuteEnumerable>d__16<System.Reflection.MethodInfo>:MoveNext () (at ./Library/PackageCache/com.unity.test-framework@7a3849e09bd0/UnityEngine.TestRunner/NUnitExtensions/Commands/BeforeAfterTestCommandBase.cs:213)
UnityEngine.TestTools.BeforeAfterTestCommandBase`1/<ExecuteEnumerable>d__16<UnityEngine.TestTools.IOuterUnityTestAction>:MoveNext () (at ./Library/PackageCache/com.unity.test-framework@7a3849e09bd0/UnityEngine.TestRunner/NUnitExtensions/Commands/BeforeAfterTestCommandBase.cs:213)
UnityEngine.TestTools.RetryCommand/<ExecuteEnumerable>d__2:MoveNext () (at ./Library/PackageCache/com.unity.test-framework@7a3849e09bd0/UnityEngine.TestRunner/NUnitExtensions/Commands/RetryCommand.cs:37)
UnityEngine.TestTools.RepeatCommand/<ExecuteEnumerable>d__2:MoveNext () (at ./Library/PackageCache/com.unity.test-framework@7a3849e09bd0/UnityEngine.TestRunner/NUnitExtensions/Commands/RepeatCommand.cs:36)
UnityEngine.TestTools.IgnoreTestCommand/<ExecuteEnumerable>d__3:MoveNext () (at ./Library/PackageCache/com.unity.test-framework@7a3849e09bd0/UnityEngine.TestRunner/NUnitExtensions/Commands/IgnoreTestCommand.cs:42)
UnityEngine.TestTools.StrictCheckCommand/<ExecuteEnumerable>d__2:MoveNext () (at ./Library/PackageCache/com.unity.test-framework@7a3849e09bd0/UnityEngine.TestRunner/NUnitExtensions/Commands/StrictCheckCommand.cs:29)
UnityEngine.TestRunner.NUnitExtensions.Runner.DefaultTestWorkItem/<PerformWork>d__2:MoveNext () (at ./Library/PackageCache/com.unity.test-framework@7a3849e09bd0/UnityEngine.TestRunner/NUnitExtensions/Runner/DefaultTestWorkItem.cs:58)
UnityEngine.TestRunner.NUnitExtensions.Runner.CompositeWorkItem/<RunChildren>d__17:MoveNext () (at ./Library/PackageCache/com.unity.test-framework@7a3849e09bd0/UnityEngine.TestRunner/NUnitExtensions/Runner/CompositeWorkItem.cs:209)
UnityEngine.TestRunner.NUnitExtensions.Runner.CompositeWorkItem/<PerformWork>d__13:MoveNext () (at ./Library/PackageCache/com.unity.test-framework@7a3849e09bd0/UnityEngine.TestRunner/NUnitExtensions/Runner/CompositeWorkItem.cs:83)
UnityEngine.TestRunner.NUnitExtensions.Runner.CompositeWorkItem/<RunChildren>d__17:MoveNext () (at ./Library/PackageCache/com.unity.test-framework@7a3849e09bd0/UnityEngine.TestRunner/NUnitExtensions/Runner/CompositeWorkItem.cs:209)
UnityEngine.TestRunner.NUnitExtensions.Runner.CompositeWorkItem/<PerformWork>d__13:MoveNext () (at ./Library/PackageCache/com.unity.test-framework@7a3849e09bd0/UnityEngine.TestRunner/NUnitExtensions/Runner/CompositeWorkItem.cs:83)
UnityEngine.TestRunner.NUnitExtensions.Runner.CompositeWorkItem/<RunChildren>d__17:MoveNext () (at ./Library/PackageCache/com.unity.test-framework@7a3849e09bd0/UnityEngine.TestRunner/NUnitExtensions/Runner/CompositeWorkItem.cs:209)
UnityEngine.TestRunner.NUnitExtensions.Runner.CompositeWorkItem/<PerformWork>d__13:MoveNext () (at ./Library/PackageCache/com.unity.test-framework@7a3849e09bd0/UnityEngine.TestRunner/NUnitExtensions/Runner/CompositeWorkItem.cs:83)
UnityEngine.TestRunner.NUnitExtensions.Runner.CompositeWorkItem/<RunChildren>d__17:MoveNext () (at ./Library/PackageCache/com.unity.test-framework@7a3849e09bd0/UnityEngine.TestRunner/NUnitExtensions/Runner/CompositeWorkItem.cs:209)
UnityEngine.TestRunner.NUnitExtensions.Runner.CompositeWorkItem/<PerformWork>d__13:MoveNext () (at ./Library/PackageCache/com.unity.test-framework@7a3849e09bd0/UnityEngine.TestRunner/NUnitExtensions/Runner/CompositeWorkItem.cs:83)
UnityEngine.TestRunner.NUnitExtensions.Runner.CompositeWorkItem/<RunChildren>d__17:MoveNext () (at ./Library/PackageCache/com.unity.test-framework@7a3849e09bd0/UnityEngine.TestRunner/NUnitExtensions/Runner/CompositeWorkItem.cs:209)
UnityEngine.TestRunner.NUnitExtensions.Runner.CompositeWorkItem/<PerformWork>d__13:MoveNext () (at ./Library/PackageCache/com.unity.test-framework@7a3849e09bd0/UnityEngine.TestRunner/NUnitExtensions/Runner/CompositeWorkItem.cs:83)
UnityEngine.TestRunner.NUnitExtensions.Runner.CompositeWorkItem/<RunChildren>d__17:MoveNext () (at ./Library/PackageCache/com.unity.test-framework@7a3849e09bd0/UnityEngine.TestRunner/NUnitExtensions/Runner/CompositeWorkItem.cs:209)
UnityEngine.TestRunner.NUnitExtensions.Runner.CompositeWorkItem/<PerformWork>d__13:MoveNext () (at ./Library/PackageCache/com.unity.test-framework@7a3849e09bd0/UnityEngine.TestRunner/NUnitExtensions/Runner/CompositeWorkItem.cs:83)
UnityEditor.TestTools.TestRunner.EditModeRunner:MoveNextAndUpdateYieldObject () (at ./Library/PackageCache/com.unity.test-framework@7a3849e09bd0/UnityEditor.TestRunner/TestRunner/EditModeRunner.cs:180)
UnityEditor.TestTools.TestRunner.EditModeRunner:TestConsumer (UnityEditor.TestTools.TestRunner.TestRunnerStateSerializer) (at ./Library/PackageCache/com.unity.test-framework@7a3849e09bd0/UnityEditor.TestRunner/TestRunner/EditModeRunner.cs:220)
UnityEditor.TestTools.TestRunner.TestRun.Tasks.EditModeRunTask/<Execute>d__1:MoveNext () (at ./Library/PackageCache/com.unity.test-framework@7a3849e09bd0/UnityEditor.TestRunner/TestRun/Tasks/EditModeRunTask.cs:48)
UnityEditor.TestTools.TestRunner.TestRun.TestJobRunner:ExecuteStep () (at ./Library/PackageCache/com.unity.test-framework@7a3849e09bd0/UnityEditor.TestRunner/TestRun/TestJobRunner.cs:194)
UnityEditor.TestTools.TestRunner.TestRun.TestJobRunner:ExecuteCallback () (at ./Library/PackageCache/com.unity.test-framework@7a3849e09bd0/UnityEditor.TestRunner/TestRun/TestJobRunner.cs:129)
UnityEditor.EditorApplication:Internal_CallUpdateFunctions () (at /Users/bokken/build/output/unity/unity/Editor/Mono/EditorApplication.cs:413)

(Filename: Assets/_Game/Core/Persistence/SaveService.cs Line: 79)

[SaveService] Refusing to query invalid slot id '../escape' — a slot is [A-Za-z0-9_-]+ and is never interpreted as a path.
UnityEngine.Debug:ExtractStackTraceNoAlloc (byte*,int,string)
UnityEngine.StackTraceUtility:ExtractStackTrace () (at /Users/bokken/build/output/unity/unity/Runtime/Export/Scripting/StackTrace.cs:23)
UnityEngine.DebugLogHandler:Internal_Log (UnityEngine.LogType,UnityEngine.LogOption,string,UnityEngine.Object)
UnityEngine.DebugLogHandler:LogFormat (UnityEngine.LogType,UnityEngine.Object,string,object[])
UnityEngine.Logger:Log (UnityEngine.LogType,object)
UnityEngine.Debug:LogWarning (object)
Escape.Core.SaveService:RejectSlot (string,string) (at Assets/_Game/Core/Persistence/SaveService.cs:79)
Escape.Core.SaveService:HasSave (string) (at Assets/_Game/Core/Persistence/SaveService.cs:99)
Escape.Tests.EditMode.SaveTests:Save_Refuses_AnInvalidSlot_WithoutTouchingDisk () (at Assets/_Game/Tests/EditMode/SaveTests.cs:231)
System.Reflection.RuntimeMethodInfo:Invoke (object,System.Reflection.BindingFlags,System.Reflection.Binder,object[],System.Globalization.CultureInfo)
System.Reflection.MethodBase:Invoke (object,object[])
NUnit.Framework.Internal.Reflect:InvokeMethod (System.Reflection.MethodInfo,object,object[])
NUnit.Framework.Internal.MethodWrapper:Invoke (object,object[])
NUnit.Framework.Internal.Commands.TestMethodCommand:RunNonAsyncTestMethod (NUnit.Framework.Internal.ITestExecutionContext)
NUnit.Framework.Internal.Commands.TestMethodCommand:RunTestMethod (NUnit.Framework.Internal.ITestExecutionContext)
NUnit.Framework.Internal.Commands.TestMethodCommand:Execute (NUnit.Framework.Internal.ITestExecutionContext)
UnityEngine.TestTools.UnityTestMethodCommand:Execute (NUnit.Framework.Internal.ITestExecutionContext) (at ./Library/PackageCache/com.unity.test-framework@7a3849e09bd0/UnityEngine.TestRunner/NUnitExtensions/Commands/UnityTestMethodCommand.cs:19)
UnityEngine.TestRunner.NUnitExtensions.Runner.UnityLogCheckDelegatingCommand/<>c__DisplayClass3_0:<Execute>b__0 () (at ./Library/PackageCache/com.unity.test-framework@7a3849e09bd0/UnityEngine.TestRunner/NUnitExtensions/Runner/UnityLogCheckDelegatingCommand.cs:32)
UnityEngine.TestRunner.NUnitExtensions.Runner.UnityLogCheckDelegatingCommand:CaptureException (NUnit.Framework.Internal.TestResult,System.Action) (at ./Library/PackageCache/com.unity.test-framework@7a3849e09bd0/UnityEngine.TestRunner/NUnitExtensions/Runner/UnityLogCheckDelegatingCommand.cs:93)
UnityEngine.TestRunner.NUnitExtensions.Runner.UnityLogCheckDelegatingCommand:ExecuteAndCheckLog (UnityEngine.TestTools.Logging.LogScope,NUnit.Framework.Internal.TestResult,System.Action) (at ./Library/PackageCache/com.unity.test-framework@7a3849e09bd0/UnityEngine.TestRunner/NUnitExtensions/Runner/UnityLogCheckDelegatingCommand.cs:104)
UnityEngine.TestRunner.NUnitExtensions.Runner.UnityLogCheckDelegatingCommand:Execute (NUnit.Framework.Internal.ITestExecutionContext) (at ./Library/PackageCache/com.unity.test-framework@7a3849e09bd0/UnityEngine.TestRunner/NUnitExtensions/Runner/UnityLogCheckDelegatingCommand.cs:32)
UnityEngine.TestRunner.NUnitExtensions.Runner.UnityLogCheckDelegatingCommand/<ExecuteEnumerable>d__4:MoveNext () (at ./Library/PackageCache/com.unity.test-framework@7a3849e09bd0/UnityEngine.TestRunner/NUnitExtensions/Runner/UnityLogCheckDelegatingCommand.cs:43)
UnityEngine.TestTools.BeforeAfterTestCommandBase`1/<ExecuteEnumerable>d__16<NUnit.Framework.ITestAction>:MoveNext () (at ./Library/PackageCache/com.unity.test-framework@7a3849e09bd0/UnityEngine.TestRunner/NUnitExtensions/Commands/BeforeAfterTestCommandBase.cs:213)
UnityEngine.TestTools.ImmediateEnumerableCommand:Execute (NUnit.Framework.Internal.ITestExecutionContext) (at ./Library/PackageCache/com.unity.test-framework@7a3849e09bd0/UnityEngine.TestRunner/NUnitExtensions/Commands/ImmediateEnumerableCommand.cs:18)
UnityEngine.TestTools.BeforeAfterTestCommandBase`1/<ExecuteEnumerable>d__16<System.Reflection.MethodInfo>:MoveNext () (at ./Library/PackageCache/com.unity.test-framework@7a3849e09bd0/UnityEngine.TestRunner/NUnitExtensions/Commands/BeforeAfterTestCommandBase.cs:220)
UnityEngine.TestTools.BeforeAfterTestCommandBase`1/<ExecuteEnumerable>d__16<System.Reflection.MethodInfo>:MoveNext () (at ./Library/PackageCache/com.unity.test-framework@7a3849e09bd0/UnityEngine.TestRunner/NUnitExtensions/Commands/BeforeAfterTestCommandBase.cs:213)
UnityEngine.TestTools.BeforeAfterTestCommandBase`1/<ExecuteEnumerable>d__16<UnityEngine.TestTools.IOuterUnityTestAction>:MoveNext () (at ./Library/PackageCache/com.unity.test-framework@7a3849e09bd0/UnityEngine.TestRunner/NUnitExtensions/Commands/BeforeAfterTestCommandBase.cs:213)
UnityEngine.TestTools.RetryCommand/<ExecuteEnumerable>d__2:MoveNext () (at ./Library/PackageCache/com.unity.test-framework@7a3849e09bd0/UnityEngine.TestRunner/NUnitExtensions/Commands/RetryCommand.cs:37)
UnityEngine.TestTools.RepeatCommand/<ExecuteEnumerable>d__2:MoveNext () (at ./Library/PackageCache/com.unity.test-framework@7a3849e09bd0/UnityEngine.TestRunner/NUnitExtensions/Commands/RepeatCommand.cs:36)
UnityEngine.TestTools.IgnoreTestCommand/<ExecuteEnumerable>d__3:MoveNext () (at ./Library/PackageCache/com.unity.test-framework@7a3849e09bd0/UnityEngine.TestRunner/NUnitExtensions/Commands/IgnoreTestCommand.cs:42)
UnityEngine.TestTools.StrictCheckCommand/<ExecuteEnumerable>d__2:MoveNext () (at ./Library/PackageCache/com.unity.test-framework@7a3849e09bd0/UnityEngine.TestRunner/NUnitExtensions/Commands/StrictCheckCommand.cs:29)
UnityEngine.TestRunner.NUnitExtensions.Runner.DefaultTestWorkItem/<PerformWork>d__2:MoveNext () (at ./Library/PackageCache/com.unity.test-framework@7a3849e09bd0/UnityEngine.TestRunner/NUnitExtensions/Runner/DefaultTestWorkItem.cs:58)
UnityEngine.TestRunner.NUnitExtensions.Runner.CompositeWorkItem/<RunChildren>d__17:MoveNext () (at ./Library/PackageCache/com.unity.test-framework@7a3849e09bd0/UnityEngine.TestRunner/NUnitExtensions/Runner/CompositeWorkItem.cs:209)
UnityEngine.TestRunner.NUnitExtensions.Runner.CompositeWorkItem/<PerformWork>d__13:MoveNext () (at ./Library/PackageCache/com.unity.test-framework@7a3849e09bd0/UnityEngine.TestRunner/NUnitExtensions/Runner/CompositeWorkItem.cs:83)
UnityEngine.TestRunner.NUnitExtensions.Runner.CompositeWorkItem/<RunChildren>d__17:MoveNext () (at ./Library/PackageCache/com.unity.test-framework@7a3849e09bd0/UnityEngine.TestRunner/NUnitExtensions/Runner/CompositeWorkItem.cs:209)
UnityEngine.TestRunner.NUnitExtensions.Runner.CompositeWorkItem/<PerformWork>d__13:MoveNext () (at ./Library/PackageCache/com.unity.test-framework@7a3849e09bd0/UnityEngine.TestRunner/NUnitExtensions/Runner/CompositeWorkItem.cs:83)
UnityEngine.TestRunner.NUnitExtensions.Runner.CompositeWorkItem/<RunChildren>d__17:MoveNext () (at ./Library/PackageCache/com.unity.test-framework@7a3849e09bd0/UnityEngine.TestRunner/NUnitExtensions/Runner/CompositeWorkItem.cs:209)
UnityEngine.TestRunner.NUnitExtensions.Runner.CompositeWorkItem/<PerformWork>d__13:MoveNext () (at ./Library/PackageCache/com.unity.test-framework@7a3849e09bd0/UnityEngine.TestRunner/NUnitExtensions/Runner/CompositeWorkItem.cs:83)
UnityEngine.TestRunner.NUnitExtensions.Runner.CompositeWorkItem/<RunChildren>d__17:MoveNext () (at ./Library/PackageCache/com.unity.test-framework@7a3849e09bd0/UnityEngine.TestRunner/NUnitExtensions/Runner/CompositeWorkItem.cs:209)
UnityEngine.TestRunner.NUnitExtensions.Runner.CompositeWorkItem/<PerformWork>d__13:MoveNext () (at ./Library/PackageCache/com.unity.test-framework@7a3849e09bd0/UnityEngine.TestRunner/NUnitExtensions/Runner/CompositeWorkItem.cs:83)
UnityEngine.TestRunner.NUnitExtensions.Runner.CompositeWorkItem/<RunChildren>d__17:MoveNext () (at ./Library/PackageCache/com.unity.test-framework@7a3849e09bd0/UnityEngine.TestRunner/NUnitExtensions/Runner/CompositeWorkItem.cs:209)
UnityEngine.TestRunner.NUnitExtensions.Runner.CompositeWorkItem/<PerformWork>d__13:MoveNext () (at ./Library/PackageCache/com.unity.test-framework@7a3849e09bd0/UnityEngine.TestRunner/NUnitExtensions/Runner/CompositeWorkItem.cs:83)
UnityEngine.TestRunner.NUnitExtensions.Runner.CompositeWorkItem/<RunChildren>d__17:MoveNext () (at ./Library/PackageCache/com.unity.test-framework@7a3849e09bd0/UnityEngine.TestRunner/NUnitExtensions/Runner/CompositeWorkItem.cs:209)
UnityEngine.TestRunner.NUnitExtensions.Runner.CompositeWorkItem/<PerformWork>d__13:MoveNext () (at ./Library/PackageCache/com.unity.test-framework@7a3849e09bd0/UnityEngine.TestRunner/NUnitExtensions/Runner/CompositeWorkItem.cs:83)
UnityEditor.TestTools.TestRunner.EditModeRunner:MoveNextAndUpdateYieldObject () (at ./Library/PackageCache/com.unity.test-framework@7a3849e09bd0/UnityEditor.TestRunner/TestRunner/EditModeRunner.cs:180)
UnityEditor.TestTools.TestRunner.EditModeRunner:TestConsumer (UnityEditor.TestTools.TestRunner.TestRunnerStateSerializer) (at ./Library/PackageCache/com.unity.test-framework@7a3849e09bd0/UnityEditor.TestRunner/TestRunner/EditModeRunner.cs:220)
UnityEditor.TestTools.TestRunner.TestRun.Tasks.EditModeRunTask/<Execute>d__1:MoveNext () (at ./Library/PackageCache/com.unity.test-framework@7a3849e09bd0/UnityEditor.TestRunner/TestRun/Tasks/EditModeRunTask.cs:48)
UnityEditor.TestTools.TestRunner.TestRun.TestJobRunner:ExecuteStep () (at ./Library/PackageCache/com.unity.test-framework@7a3849e09bd0/UnityEditor.TestRunner/TestRun/TestJobRunner.cs:194)
UnityEditor.TestTools.TestRunner.TestRun.TestJobRunner:ExecuteCallback () (at ./Library/PackageCache/com.unity.test-framework@7a3849e09bd0/UnityEditor.TestRunner/TestRun/TestJobRunner.cs:129)
UnityEditor.EditorApplication:Internal_CallUpdateFunctions () (at /Users/bokken/build/output/unity/unity/Editor/Mono/EditorApplication.cs:413)

(Filename: Assets/_Game/Core/Persistence/SaveService.cs Line: 79)

[SaveService] Refusing to delete invalid slot id '../escape' — a slot is [A-Za-z0-9_-]+ and is never interpreted as a path.
UnityEngine.Debug:ExtractStackTraceNoAlloc (byte*,int,string)
UnityEngine.StackTraceUtility:ExtractStackTrace () (at /Users/bokken/build/output/unity/unity/Runtime/Export/Scripting/StackTrace.cs:23)
UnityEngine.DebugLogHandler:Internal_Log (UnityEngine.LogType,UnityEngine.LogOption,string,UnityEngine.Object)
UnityEngine.DebugLogHandler:LogFormat (UnityEngine.LogType,UnityEngine.Object,string,object[])
UnityEngine.Logger:Log (UnityEngine.LogType,object)
UnityEngine.Debug:LogWarning (object)
Escape.Core.SaveService:RejectSlot (string,string) (at Assets/_Game/Core/Persistence/SaveService.cs:79)
Escape.Core.SaveService:Delete (string) (at Assets/_Game/Core/Persistence/SaveService.cs:286)
Escape.Tests.EditMode.SaveTests:Save_Refuses_AnInvalidSlot_WithoutTouchingDisk () (at Assets/_Game/Tests/EditMode/SaveTests.cs:232)
System.Reflection.RuntimeMethodInfo:Invoke (object,System.Reflection.BindingFlags,System.Reflection.Binder,object[],System.Globalization.CultureInfo)
System.Reflection.MethodBase:Invoke (object,object[])
NUnit.Framework.Internal.Reflect:InvokeMethod (System.Reflection.MethodInfo,object,object[])
NUnit.Framework.Internal.MethodWrapper:Invoke (object,object[])
NUnit.Framework.Internal.Commands.TestMethodCommand:RunNonAsyncTestMethod (NUnit.Framework.Internal.ITestExecutionContext)
NUnit.Framework.Internal.Commands.TestMethodCommand:RunTestMethod (NUnit.Framework.Internal.ITestExecutionContext)
NUnit.Framework.Internal.Commands.TestMethodCommand:Execute (NUnit.Framework.Internal.ITestExecutionContext)
UnityEngine.TestTools.UnityTestMethodCommand:Execute (NUnit.Framework.Internal.ITestExecutionContext) (at ./Library/PackageCache/com.unity.test-framework@7a3849e09bd0/UnityEngine.TestRunner/NUnitExtensions/Commands/UnityTestMethodCommand.cs:19)
UnityEngine.TestRunner.NUnitExtensions.Runner.UnityLogCheckDelegatingCommand/<>c__DisplayClass3_0:<Execute>b__0 () (at ./Library/PackageCache/com.unity.test-framework@7a3849e09bd0/UnityEngine.TestRunner/NUnitExtensions/Runner/UnityLogCheckDelegatingCommand.cs:32)
UnityEngine.TestRunner.NUnitExtensions.Runner.UnityLogCheckDelegatingCommand:CaptureException (NUnit.Framework.Internal.TestResult,System.Action) (at ./Library/PackageCache/com.unity.test-framework@7a3849e09bd0/UnityEngine.TestRunner/NUnitExtensions/Runner/UnityLogCheckDelegatingCommand.cs:93)
UnityEngine.TestRunner.NUnitExtensions.Runner.UnityLogCheckDelegatingCommand:ExecuteAndCheckLog (UnityEngine.TestTools.Logging.LogScope,NUnit.Framework.Internal.TestResult,System.Action) (at ./Library/PackageCache/com.unity.test-framework@7a3849e09bd0/UnityEngine.TestRunner/NUnitExtensions/Runner/UnityLogCheckDelegatingCommand.cs:104)
UnityEngine.TestRunner.NUnitExtensions.Runner.UnityLogCheckDelegatingCommand:Execute (NUnit.Framework.Internal.ITestExecutionContext) (at ./Library/PackageCache/com.unity.test-framework@7a3849e09bd0/UnityEngine.TestRunner/NUnitExtensions/Runner/UnityLogCheckDelegatingCommand.cs:32)
UnityEngine.TestRunner.NUnitExtensions.Runner.UnityLogCheckDelegatingCommand/<ExecuteEnumerable>d__4:MoveNext () (at ./Library/PackageCache/com.unity.test-framework@7a3849e09bd0/UnityEngine.TestRunner/NUnitExtensions/Runner/UnityLogCheckDelegatingCommand.cs:43)
UnityEngine.TestTools.BeforeAfterTestCommandBase`1/<ExecuteEnumerable>d__16<NUnit.Framework.ITestAction>:MoveNext () (at ./Library/PackageCache/com.unity.test-framework@7a3849e09bd0/UnityEngine.TestRunner/NUnitExtensions/Commands/BeforeAfterTestCommandBase.cs:213)
UnityEngine.TestTools.ImmediateEnumerableCommand:Execute (NUnit.Framework.Internal.ITestExecutionContext) (at ./Library/PackageCache/com.unity.test-framework@7a3849e09bd0/UnityEngine.TestRunner/NUnitExtensions/Commands/ImmediateEnumerableCommand.cs:18)
UnityEngine.TestTools.BeforeAfterTestCommandBase`1/<ExecuteEnumerable>d__16<System.Reflection.MethodInfo>:MoveNext () (at ./Library/PackageCache/com.unity.test-framework@7a3849e09bd0/UnityEngine.TestRunner/NUnitExtensions/Commands/BeforeAfterTestCommandBase.cs:220)
UnityEngine.TestTools.BeforeAfterTestCommandBase`1/<ExecuteEnumerable>d__16<System.Reflection.MethodInfo>:MoveNext () (at ./Library/PackageCache/com.unity.test-framework@7a3849e09bd0/UnityEngine.TestRunner/NUnitExtensions/Commands/BeforeAfterTestCommandBase.cs:213)
UnityEngine.TestTools.BeforeAfterTestCommandBase`1/<ExecuteEnumerable>d__16<UnityEngine.TestTools.IOuterUnityTestAction>:MoveNext () (at ./Library/PackageCache/com.unity.test-framework@7a3849e09bd0/UnityEngine.TestRunner/NUnitExtensions/Commands/BeforeAfterTestCommandBase.cs:213)
UnityEngine.TestTools.RetryCommand/<ExecuteEnumerable>d__2:MoveNext () (at ./Library/PackageCache/com.unity.test-framework@7a3849e09bd0/UnityEngine.TestRunner/NUnitExtensions/Commands/RetryCommand.cs:37)
UnityEngine.TestTools.RepeatCommand/<ExecuteEnumerable>d__2:MoveNext () (at ./Library/PackageCache/com.unity.test-framework@7a3849e09bd0/UnityEngine.TestRunner/NUnitExtensions/Commands/RepeatCommand.cs:36)
UnityEngine.TestTools.IgnoreTestCommand/<ExecuteEnumerable>d__3:MoveNext () (at ./Library/PackageCache/com.unity.test-framework@7a3849e09bd0/UnityEngine.TestRunner/NUnitExtensions/Commands/IgnoreTestCommand.cs:42)
UnityEngine.TestTools.StrictCheckCommand/<ExecuteEnumerable>d__2:MoveNext () (at ./Library/PackageCache/com.unity.test-framework@7a3849e09bd0/UnityEngine.TestRunner/NUnitExtensions/Commands/StrictCheckCommand.cs:29)
UnityEngine.TestRunner.NUnitExtensions.Runner.DefaultTestWorkItem/<PerformWork>d__2:MoveNext () (at ./Library/PackageCache/com.unity.test-framework@7a3849e09bd0/UnityEngine.TestRunner/NUnitExtensions/Runner/DefaultTestWorkItem.cs:58)
UnityEngine.TestRunner.NUnitExtensions.Runner.CompositeWorkItem/<RunChildren>d__17:MoveNext () (at ./Library/PackageCache/com.unity.test-framework@7a3849e09bd0/UnityEngine.TestRunner/NUnitExtensions/Runner/CompositeWorkItem.cs:209)
UnityEngine.TestRunner.NUnitExtensions.Runner.CompositeWorkItem/<PerformWork>d__13:MoveNext () (at ./Library/PackageCache/com.unity.test-framework@7a3849e09bd0/UnityEngine.TestRunner/NUnitExtensions/Runner/CompositeWorkItem.cs:83)
UnityEngine.TestRunner.NUnitExtensions.Runner.CompositeWorkItem/<RunChildren>d__17:MoveNext () (at ./Library/PackageCache/com.unity.test-framework@7a3849e09bd0/UnityEngine.TestRunner/NUnitExtensions/Runner/CompositeWorkItem.cs:209)
UnityEngine.TestRunner.NUnitExtensions.Runner.CompositeWorkItem/<PerformWork>d__13:MoveNext () (at ./Library/PackageCache/com.unity.test-framework@7a3849e09bd0/UnityEngine.TestRunner/NUnitExtensions/Runner/CompositeWorkItem.cs:83)
UnityEngine.TestRunner.NUnitExtensions.Runner.CompositeWorkItem/<RunChildren>d__17:MoveNext () (at ./Library/PackageCache/com.unity.test-framework@7a3849e09bd0/UnityEngine.TestRunner/NUnitExtensions/Runner/CompositeWorkItem.cs:209)
UnityEngine.TestRunner.NUnitExtensions.Runner.CompositeWorkItem/<PerformWork>d__13:MoveNext () (at ./Library/PackageCache/com.unity.test-framework@7a3849e09bd0/UnityEngine.TestRunner/NUnitExtensions/Runner/CompositeWorkItem.cs:83)
UnityEngine.TestRunner.NUnitExtensions.Runner.CompositeWorkItem/<RunChildren>d__17:MoveNext () (at ./Library/PackageCache/com.unity.test-framework@7a3849e09bd0/UnityEngine.TestRunner/NUnitExtensions/Runner/CompositeWorkItem.cs:209)
UnityEngine.TestRunner.NUnitExtensions.Runner.CompositeWorkItem/<PerformWork>d__13:MoveNext () (at ./Library/PackageCache/com.unity.test-framework@7a3849e09bd0/UnityEngine.TestRunner/NUnitExtensions/Runner/CompositeWorkItem.cs:83)
UnityEngine.TestRunner.NUnitExtensions.Runner.CompositeWorkItem/<RunChildren>d__17:MoveNext () (at ./Library/PackageCache/com.unity.test-framework@7a3849e09bd0/UnityEngine.TestRunner/NUnitExtensions/Runner/CompositeWorkItem.cs:209)
UnityEngine.TestRunner.NUnitExtensions.Runner.CompositeWorkItem/<PerformWork>d__13:MoveNext () (at ./Library/PackageCache/com.unity.test-framework@7a3849e09bd0/UnityEngine.TestRunner/NUnitExtensions/Runner/CompositeWorkItem.cs:83)
UnityEngine.TestRunner.NUnitExtensions.Runner.CompositeWorkItem/<RunChildren>d__17:MoveNext () (at ./Library/PackageCache/com.unity.test-framework@7a3849e09bd0/UnityEngine.TestRunner/NUnitExtensions/Runner/CompositeWorkItem.cs:209)
UnityEngine.TestRunner.NUnitExtensions.Runner.CompositeWorkItem/<PerformWork>d__13:MoveNext () (at ./Library/PackageCache/com.unity.test-framework@7a3849e09bd0/UnityEngine.TestRunner/NUnitExtensions/Runner/CompositeWorkItem.cs:83)
UnityEditor.TestTools.TestRunner.EditModeRunner:MoveNextAndUpdateYieldObject () (at ./Library/PackageCache/com.unity.test-framework@7a3849e09bd0/UnityEditor.TestRunner/TestRunner/EditModeRunner.cs:180)
UnityEditor.TestTools.TestRunner.EditModeRunner:TestConsumer (UnityEditor.TestTools.TestRunner.TestRunnerStateSerializer) (at ./Library/PackageCache/com.unity.test-framework@7a3849e09bd0/UnityEditor.TestRunner/TestRunner/EditModeRunner.cs:220)
UnityEditor.TestTools.TestRunner.TestRun.Tasks.EditModeRunTask/<Execute>d__1:MoveNext () (at ./Library/PackageCache/com.unity.test-framework@7a3849e09bd0/UnityEditor.TestRunner/TestRun/Tasks/EditModeRunTask.cs:48)
UnityEditor.TestTools.TestRunner.TestRun.TestJobRunner:ExecuteStep () (at ./Library/PackageCache/com.unity.test-framework@7a3849e09bd0/UnityEditor.TestRunner/TestRun/TestJobRunner.cs:194)
UnityEditor.TestTools.TestRunner.TestRun.TestJobRunner:ExecuteCallback () (at ./Library/PackageCache/com.unity.test-framework@7a3849e09bd0/UnityEditor.TestRunner/TestRun/TestJobRunner.cs:129)
UnityEditor.EditorApplication:Internal_CallUpdateFunctions () (at /Users/bokken/build/output/unity/unity/Editor/Mono/EditorApplication.cs:413)

(Filename: Assets/_Game/Core/Persistence/SaveService.cs Line: 79)

[SaveService] Refusing to load invalid slot id '../escape' — a slot is [A-Za-z0-9_-]+ and is never interpreted as a path.
UnityEngine.Debug:ExtractStackTraceNoAlloc (byte*,int,string)
UnityEngine.StackTraceUtility:ExtractStackTrace () (at /Users/bokken/build/output/unity/unity/Runtime/Export/Scripting/StackTrace.cs:23)
UnityEngine.DebugLogHandler:Internal_Log (UnityEngine.LogType,UnityEngine.LogOption,string,UnityEngine.Object)
UnityEngine.DebugLogHandler:LogFormat (UnityEngine.LogType,UnityEngine.Object,string,object[])
UnityEngine.Logger:Log (UnityEngine.LogType,object)
UnityEngine.Debug:LogWarning (object)
Escape.Core.SaveService:RejectSlot (string,string) (at Assets/_Game/Core/Persistence/SaveService.cs:79)
Escape.Core.SaveService:LoadIntoState (string,System.Collections.Generic.List`1<string>&) (at Assets/_Game/Core/Persistence/SaveService.cs:196)
Escape.Tests.EditMode.SaveTests:Save_Refuses_AnInvalidSlot_WithoutTouchingDisk () (at Assets/_Game/Tests/EditMode/SaveTests.cs:233)
System.Reflection.RuntimeMethodInfo:Invoke (object,System.Reflection.BindingFlags,System.Reflection.Binder,object[],System.Globalization.CultureInfo)
System.Reflection.MethodBase:Invoke (object,object[])
NUnit.Framework.Internal.Reflect:InvokeMethod (System.Reflection.MethodInfo,object,object[])
NUnit.Framework.Internal.MethodWrapper:Invoke (object,object[])
NUnit.Framework.Internal.Commands.TestMethodCommand:RunNonAsyncTestMethod (NUnit.Framework.Internal.ITestExecutionContext)
NUnit.Framework.Internal.Commands.TestMethodCommand:RunTestMethod (NUnit.Framework.Internal.ITestExecutionContext)
NUnit.Framework.Internal.Commands.TestMethodCommand:Execute (NUnit.Framework.Internal.ITestExecutionContext)
UnityEngine.TestTools.UnityTestMethodCommand:Execute (NUnit.Framework.Internal.ITestExecutionContext) (at ./Library/PackageCache/com.unity.test-framework@7a3849e09bd0/UnityEngine.TestRunner/NUnitExtensions/Commands/UnityTestMethodCommand.cs:19)
UnityEngine.TestRunner.NUnitExtensions.Runner.UnityLogCheckDelegatingCommand/<>c__DisplayClass3_0:<Execute>b__0 () (at ./Library/PackageCache/com.unity.test-framework@7a3849e09bd0/UnityEngine.TestRunner/NUnitExtensions/Runner/UnityLogCheckDelegatingCommand.cs:32)
UnityEngine.TestRunner.NUnitExtensions.Runner.UnityLogCheckDelegatingCommand:CaptureException (NUnit.Framework.Internal.TestResult,System.Action) (at ./Library/PackageCache/com.unity.test-framework@7a3849e09bd0/UnityEngine.TestRunner/NUnitExtensions/Runner/UnityLogCheckDelegatingCommand.cs:93)
UnityEngine.TestRunner.NUnitExtensions.Runner.UnityLogCheckDelegatingCommand:ExecuteAndCheckLog (UnityEngine.TestTools.Logging.LogScope,NUnit.Framework.Internal.TestResult,System.Action) (at ./Library/PackageCache/com.unity.test-framework@7a3849e09bd0/UnityEngine.TestRunner/NUnitExtensions/Runner/UnityLogCheckDelegatingCommand.cs:104)
UnityEngine.TestRunner.NUnitExtensions.Runner.UnityLogCheckDelegatingCommand:Execute (NUnit.Framework.Internal.ITestExecutionContext) (at ./Library/PackageCache/com.unity.test-framework@7a3849e09bd0/UnityEngine.TestRunner/NUnitExtensions/Runner/UnityLogCheckDelegatingCommand.cs:32)
UnityEngine.TestRunner.NUnitExtensions.Runner.UnityLogCheckDelegatingCommand/<ExecuteEnumerable>d__4:MoveNext () (at ./Library/PackageCache/com.unity.test-framework@7a3849e09bd0/UnityEngine.TestRunner/NUnitExtensions/Runner/UnityLogCheckDelegatingCommand.cs:43)
UnityEngine.TestTools.BeforeAfterTestCommandBase`1/<ExecuteEnumerable>d__16<NUnit.Framework.ITestAction>:MoveNext () (at ./Library/PackageCache/com.unity.test-framework@7a3849e09bd0/UnityEngine.TestRunner/NUnitExtensions/Commands/BeforeAfterTestCommandBase.cs:213)
UnityEngine.TestTools.ImmediateEnumerableCommand:Execute (NUnit.Framework.Internal.ITestExecutionContext) (at ./Library/PackageCache/com.unity.test-framework@7a3849e09bd0/UnityEngine.TestRunner/NUnitExtensions/Commands/ImmediateEnumerableCommand.cs:18)
UnityEngine.TestTools.BeforeAfterTestCommandBase`1/<ExecuteEnumerable>d__16<System.Reflection.MethodInfo>:MoveNext () (at ./Library/PackageCache/com.unity.test-framework@7a3849e09bd0/UnityEngine.TestRunner/NUnitExtensions/Commands/BeforeAfterTestCommandBase.cs:220)
UnityEngine.TestTools.BeforeAfterTestCommandBase`1/<ExecuteEnumerable>d__16<System.Reflection.MethodInfo>:MoveNext () (at ./Library/PackageCache/com.unity.test-framework@7a3849e09bd0/UnityEngine.TestRunner/NUnitExtensions/Commands/BeforeAfterTestCommandBase.cs:213)
UnityEngine.TestTools.BeforeAfterTestCommandBase`1/<ExecuteEnumerable>d__16<UnityEngine.TestTools.IOuterUnityTestAction>:MoveNext () (at ./Library/PackageCache/com.unity.test-framework@7a3849e09bd0/UnityEngine.TestRunner/NUnitExtensions/Commands/BeforeAfterTestCommandBase.cs:213)
UnityEngine.TestTools.RetryCommand/<ExecuteEnumerable>d__2:MoveNext () (at ./Library/PackageCache/com.unity.test-framework@7a3849e09bd0/UnityEngine.TestRunner/NUnitExtensions/Commands/RetryCommand.cs:37)
UnityEngine.TestTools.RepeatCommand/<ExecuteEnumerable>d__2:MoveNext () (at ./Library/PackageCache/com.unity.test-framework@7a3849e09bd0/UnityEngine.TestRunner/NUnitExtensions/Commands/RepeatCommand.cs:36)
UnityEngine.TestTools.IgnoreTestCommand/<ExecuteEnumerable>d__3:MoveNext () (at ./Library/PackageCache/com.unity.test-framework@7a3849e09bd0/UnityEngine.TestRunner/NUnitExtensions/Commands/IgnoreTestCommand.cs:42)
UnityEngine.TestTools.StrictCheckCommand/<ExecuteEnumerable>d__2:MoveNext () (at ./Library/PackageCache/com.unity.test-framework@7a3849e09bd0/UnityEngine.TestRunner/NUnitExtensions/Commands/StrictCheckCommand.cs:29)
UnityEngine.TestRunner.NUnitExtensions.Runner.DefaultTestWorkItem/<PerformWork>d__2:MoveNext () (at ./Library/PackageCache/com.unity.test-framework@7a3849e09bd0/UnityEngine.TestRunner/NUnitExtensions/Runner/DefaultTestWorkItem.cs:58)
UnityEngine.TestRunner.NUnitExtensions.Runner.CompositeWorkItem/<RunChildren>d__17:MoveNext () (at ./Library/PackageCache/com.unity.test-framework@7a3849e09bd0/UnityEngine.TestRunner/NUnitExtensions/Runner/CompositeWorkItem.cs:209)
UnityEngine.TestRunner.NUnitExtensions.Runner.CompositeWorkItem/<PerformWork>d__13:MoveNext () (at ./Library/PackageCache/com.unity.test-framework@7a3849e09bd0/UnityEngine.TestRunner/NUnitExtensions/Runner/CompositeWorkItem.cs:83)
UnityEngine.TestRunner.NUnitExtensions.Runner.CompositeWorkItem/<RunChildren>d__17:MoveNext () (at ./Library/PackageCache/com.unity.test-framework@7a3849e09bd0/UnityEngine.TestRunner/NUnitExtensions/Runner/CompositeWorkItem.cs:209)
UnityEngine.TestRunner.NUnitExtensions.Runner.CompositeWorkItem/<PerformWork>d__13:MoveNext () (at ./Library/PackageCache/com.unity.test-framework@7a3849e09bd0/UnityEngine.TestRunner/NUnitExtensions/Runner/CompositeWorkItem.cs:83)
UnityEngine.TestRunner.NUnitExtensions.Runner.CompositeWorkItem/<RunChildren>d__17:MoveNext () (at ./Library/PackageCache/com.unity.test-framework@7a3849e09bd0/UnityEngine.TestRunner/NUnitExtensions/Runner/CompositeWorkItem.cs:209)
UnityEngine.TestRunner.NUnitExtensions.Runner.CompositeWorkItem/<PerformWork>d__13:MoveNext () (at ./Library/PackageCache/com.unity.test-framework@7a3849e09bd0/UnityEngine.TestRunner/NUnitExtensions/Runner/CompositeWorkItem.cs:83)
UnityEngine.TestRunner.NUnitExtensions.Runner.CompositeWorkItem/<RunChildren>d__17:MoveNext () (at ./Library/PackageCache/com.unity.test-framework@7a3849e09bd0/UnityEngine.TestRunner/NUnitExtensions/Runner/CompositeWorkItem.cs:209)
UnityEngine.TestRunner.NUnitExtensions.Runner.CompositeWorkItem/<PerformWork>d__13:MoveNext () (at ./Library/PackageCache/com.unity.test-framework@7a3849e09bd0/UnityEngine.TestRunner/NUnitExtensions/Runner/CompositeWorkItem.cs:83)
UnityEngine.TestRunner.NUnitExtensions.Runner.CompositeWorkItem/<RunChildren>d__17:MoveNext () (at ./Library/PackageCache/com.unity.test-framework@7a3849e09bd0/UnityEngine.TestRunner/NUnitExtensions/Runner/CompositeWorkItem.cs:209)
UnityEngine.TestRunner.NUnitExtensions.Runner.CompositeWorkItem/<PerformWork>d__13:MoveNext () (at ./Library/PackageCache/com.unity.test-framework@7a3849e09bd0/UnityEngine.TestRunner/NUnitExtensions/Runner/CompositeWorkItem.cs:83)
UnityEngine.TestRunner.NUnitExtensions.Runner.CompositeWorkItem/<RunChildren>d__17:MoveNext () (at ./Library/PackageCache/com.unity.test-framework@7a3849e09bd0/UnityEngine.TestRunner/NUnitExtensions/Runner/CompositeWorkItem.cs:209)
UnityEngine.TestRunner.NUnitExtensions.Runner.CompositeWorkItem/<PerformWork>d__13:MoveNext () (at ./Library/PackageCache/com.unity.test-framework@7a3849e09bd0/UnityEngine.TestRunner/NUnitExtensions/Runner/CompositeWorkItem.cs:83)
UnityEditor.TestTools.TestRunner.EditModeRunner:MoveNextAndUpdateYieldObject () (at ./Library/PackageCache/com.unity.test-framework@7a3849e09bd0/UnityEditor.TestRunner/TestRunner/EditModeRunner.cs:180)
UnityEditor.TestTools.TestRunner.EditModeRunner:TestConsumer (UnityEditor.TestTools.TestRunner.TestRunnerStateSerializer) (at ./Library/PackageCache/com.unity.test-framework@7a3849e09bd0/UnityEditor.TestRunner/TestRunner/EditModeRunner.cs:220)
UnityEditor.TestTools.TestRunner.TestRun.Tasks.EditModeRunTask/<Execute>d__1:MoveNext () (at ./Library/PackageCache/com.unity.test-framework@7a3849e09bd0/UnityEditor.TestRunner/TestRun/Tasks/EditModeRunTask.cs:48)
UnityEditor.TestTools.TestRunner.TestRun.TestJobRunner:ExecuteStep () (at ./Library/PackageCache/com.unity.test-framework@7a3849e09bd0/UnityEditor.TestRunner/TestRun/TestJobRunner.cs:194)
UnityEditor.TestTools.TestRunner.TestRun.TestJobRunner:ExecuteCallback () (at ./Library/PackageCache/com.unity.test-framework@7a3849e09bd0/UnityEditor.TestRunner/TestRun/TestJobRunner.cs:129)
UnityEditor.EditorApplication:Internal_CallUpdateFunctions () (at /Users/bokken/build/output/unity/unity/Editor/Mono/EditorApplication.cs:413)

(Filename: Assets/_Game/Core/Persistence/SaveService.cs Line: 79)

[SaveService] Repaired save 'slot1.json': Pose recorded without HasPose — repaired.
UnityEngine.Debug:ExtractStackTraceNoAlloc (byte*,int,string)
UnityEngine.StackTraceUtility:ExtractStackTrace () (at /Users/bokken/build/output/unity/unity/Runtime/Export/Scripting/StackTrace.cs:23)
UnityEngine.DebugLogHandler:Internal_Log (UnityEngine.LogType,UnityEngine.LogOption,string,UnityEngine.Object)
UnityEngine.DebugLogHandler:LogFormat (UnityEngine.LogType,UnityEngine.Object,string,object[])
UnityEngine.Logger:Log (UnityEngine.LogType,object)
UnityEngine.Debug:LogWarning (object)
Escape.Core.SaveService:LoadIntoState (string,System.Collections.Generic.List`1<string>&) (at Assets/_Game/Core/Persistence/SaveService.cs:217)
Escape.Tests.EditMode.SaveTests:Save_RoundTrips_Yaw_Pitch_Flashlight () (at Assets/_Game/Tests/EditMode/SaveTests.cs:131)
System.Reflection.RuntimeMethodInfo:Invoke (object,System.Reflection.BindingFlags,System.Reflection.Binder,object[],System.Globalization.CultureInfo)
System.Reflection.MethodBase:Invoke (object,object[])
NUnit.Framework.Internal.Reflect:InvokeMethod (System.Reflection.MethodInfo,object,object[])
NUnit.Framework.Internal.MethodWrapper:Invoke (object,object[])
NUnit.Framework.Internal.Commands.TestMethodCommand:RunNonAsyncTestMethod (NUnit.Framework.Internal.ITestExecutionContext)
NUnit.Framework.Internal.Commands.TestMethodCommand:RunTestMethod (NUnit.Framework.Internal.ITestExecutionContext)
NUnit.Framework.Internal.Commands.TestMethodCommand:Execute (NUnit.Framework.Internal.ITestExecutionContext)
UnityEngine.TestTools.UnityTestMethodCommand:Execute (NUnit.Framework.Internal.ITestExecutionContext) (at ./Library/PackageCache/com.unity.test-framework@7a3849e09bd0/UnityEngine.TestRunner/NUnitExtensions/Commands/UnityTestMethodCommand.cs:19)
UnityEngine.TestRunner.NUnitExtensions.Runner.UnityLogCheckDelegatingCommand/<>c__DisplayClass3_0:<Execute>b__0 () (at ./Library/PackageCache/com.unity.test-framework@7a3849e09bd0/UnityEngine.TestRunner/NUnitExtensions/Runner/UnityLogCheckDelegatingCommand.cs:32)
UnityEngine.TestRunner.NUnitExtensions.Runner.UnityLogCheckDelegatingCommand:CaptureException (NUnit.Framework.Internal.TestResult,System.Action) (at ./Library/PackageCache/com.unity.test-framework@7a3849e09bd0/UnityEngine.TestRunner/NUnitExtensions/Runner/UnityLogCheckDelegatingCommand.cs:93)
UnityEngine.TestRunner.NUnitExtensions.Runner.UnityLogCheckDelegatingCommand:ExecuteAndCheckLog (UnityEngine.TestTools.Logging.LogScope,NUnit.Framework.Internal.TestResult,System.Action) (at ./Library/PackageCache/com.unity.test-framework@7a3849e09bd0/UnityEngine.TestRunner/NUnitExtensions/Runner/UnityLogCheckDelegatingCommand.cs:104)
UnityEngine.TestRunner.NUnitExtensions.Runner.UnityLogCheckDelegatingCommand:Execute (NUnit.Framework.Internal.ITestExecutionContext) (at ./Library/PackageCache/com.unity.test-framework@7a3849e09bd0/UnityEngine.TestRunner/NUnitExtensions/Runner/UnityLogCheckDelegatingCommand.cs:32)
UnityEngine.TestRunner.NUnitExtensions.Runner.UnityLogCheckDelegatingCommand/<ExecuteEnumerable>d__4:MoveNext () (at ./Library/PackageCache/com.unity.test-framework@7a3849e09bd0/UnityEngine.TestRunner/NUnitExtensions/Runner/UnityLogCheckDelegatingCommand.cs:43)
UnityEngine.TestTools.BeforeAfterTestCommandBase`1/<ExecuteEnumerable>d__16<NUnit.Framework.ITestAction>:MoveNext () (at ./Library/PackageCache/com.unity.test-framework@7a3849e09bd0/UnityEngine.TestRunner/NUnitExtensions/Commands/BeforeAfterTestCommandBase.cs:213)
UnityEngine.TestTools.ImmediateEnumerableCommand:Execute (NUnit.Framework.Internal.ITestExecutionContext) (at ./Library/PackageCache/com.unity.test-framework@7a3849e09bd0/UnityEngine.TestRunner/NUnitExtensions/Commands/ImmediateEnumerableCommand.cs:18)
UnityEngine.TestTools.BeforeAfterTestCommandBase`1/<ExecuteEnumerable>d__16<System.Reflection.MethodInfo>:MoveNext () (at ./Library/PackageCache/com.unity.test-framework@7a3849e09bd0/UnityEngine.TestRunner/NUnitExtensions/Commands/BeforeAfterTestCommandBase.cs:220)
UnityEngine.TestTools.BeforeAfterTestCommandBase`1/<ExecuteEnumerable>d__16<System.Reflection.MethodInfo>:MoveNext () (at ./Library/PackageCache/com.unity.test-framework@7a3849e09bd0/UnityEngine.TestRunner/NUnitExtensions/Commands/BeforeAfterTestCommandBase.cs:213)
UnityEngine.TestTools.BeforeAfterTestCommandBase`1/<ExecuteEnumerable>d__16<UnityEngine.TestTools.IOuterUnityTestAction>:MoveNext () (at ./Library/PackageCache/com.unity.test-framework@7a3849e09bd0/UnityEngine.TestRunner/NUnitExtensions/Commands/BeforeAfterTestCommandBase.cs:213)
UnityEngine.TestTools.RetryCommand/<ExecuteEnumerable>d__2:MoveNext () (at ./Library/PackageCache/com.unity.test-framework@7a3849e09bd0/UnityEngine.TestRunner/NUnitExtensions/Commands/RetryCommand.cs:37)
UnityEngine.TestTools.RepeatCommand/<ExecuteEnumerable>d__2:MoveNext () (at ./Library/PackageCache/com.unity.test-framework@7a3849e09bd0/UnityEngine.TestRunner/NUnitExtensions/Commands/RepeatCommand.cs:36)
UnityEngine.TestTools.IgnoreTestCommand/<ExecuteEnumerable>d__3:MoveNext () (at ./Library/PackageCache/com.unity.test-framework@7a3849e09bd0/UnityEngine.TestRunner/NUnitExtensions/Commands/IgnoreTestCommand.cs:42)
UnityEngine.TestTools.StrictCheckCommand/<ExecuteEnumerable>d__2:MoveNext () (at ./Library/PackageCache/com.unity.test-framework@7a3849e09bd0/UnityEngine.TestRunner/NUnitExtensions/Commands/StrictCheckCommand.cs:29)
UnityEngine.TestRunner.NUnitExtensions.Runner.DefaultTestWorkItem/<PerformWork>d__2:MoveNext () (at ./Library/PackageCache/com.unity.test-framework@7a3849e09bd0/UnityEngine.TestRunner/NUnitExtensions/Runner/DefaultTestWorkItem.cs:58)
UnityEngine.TestRunner.NUnitExtensions.Runner.CompositeWorkItem/<RunChildren>d__17:MoveNext () (at ./Library/PackageCache/com.unity.test-framework@7a3849e09bd0/UnityEngine.TestRunner/NUnitExtensions/Runner/CompositeWorkItem.cs:209)
UnityEngine.TestRunner.NUnitExtensions.Runner.CompositeWorkItem/<PerformWork>d__13:MoveNext () (at ./Library/PackageCache/com.unity.test-framework@7a3849e09bd0/UnityEngine.TestRunner/NUnitExtensions/Runner/CompositeWorkItem.cs:83)
UnityEngine.TestRunner.NUnitExtensions.Runner.CompositeWorkItem/<RunChildren>d__17:MoveNext () (at ./Library/PackageCache/com.unity.test-framework@7a3849e09bd0/UnityEngine.TestRunner/NUnitExtensions/Runner/CompositeWorkItem.cs:209)
UnityEngine.TestRunner.NUnitExtensions.Runner.CompositeWorkItem/<PerformWork>d__13:MoveNext () (at ./Library/PackageCache/com.unity.test-framework@7a3849e09bd0/UnityEngine.TestRunner/NUnitExtensions/Runner/CompositeWorkItem.cs:83)
UnityEngine.TestRunner.NUnitExtensions.Runner.CompositeWorkItem/<RunChildren>d__17:MoveNext () (at ./Library/PackageCache/com.unity.test-framework@7a3849e09bd0/UnityEngine.TestRunner/NUnitExtensions/Runner/CompositeWorkItem.cs:209)
UnityEngine.TestRunner.NUnitExtensions.Runner.CompositeWorkItem/<PerformWork>d__13:MoveNext () (at ./Library/PackageCache/com.unity.test-framework@7a3849e09bd0/UnityEngine.TestRunner/NUnitExtensions/Runner/CompositeWorkItem.cs:83)
UnityEngine.TestRunner.NUnitExtensions.Runner.CompositeWorkItem/<RunChildren>d__17:MoveNext () (at ./Library/PackageCache/com.unity.test-framework@7a3849e09bd0/UnityEngine.TestRunner/NUnitExtensions/Runner/CompositeWorkItem.cs:209)
UnityEngine.TestRunner.NUnitExtensions.Runner.CompositeWorkItem/<PerformWork>d__13:MoveNext () (at ./Library/PackageCache/com.unity.test-framework@7a3849e09bd0/UnityEngine.TestRunner/NUnitExtensions/Runner/CompositeWorkItem.cs:83)
UnityEngine.TestRunner.NUnitExtensions.Runner.CompositeWorkItem/<RunChildren>d__17:MoveNext () (at ./Library/PackageCache/com.unity.test-framework@7a3849e09bd0/UnityEngine.TestRunner/NUnitExtensions/Runner/CompositeWorkItem.cs:209)
UnityEngine.TestRunner.NUnitExtensions.Runner.CompositeWorkItem/<PerformWork>d__13:MoveNext () (at ./Library/PackageCache/com.unity.test-framework@7a3849e09bd0/UnityEngine.TestRunner/NUnitExtensions/Runner/CompositeWorkItem.cs:83)
UnityEngine.TestRunner.NUnitExtensions.Runner.CompositeWorkItem/<RunChildren>d__17:MoveNext () (at ./Library/PackageCache/com.unity.test-framework@7a3849e09bd0/UnityEngine.TestRunner/NUnitExtensions/Runner/CompositeWorkItem.cs:209)
UnityEngine.TestRunner.NUnitExtensions.Runner.CompositeWorkItem/<PerformWork>d__13:MoveNext () (at ./Library/PackageCache/com.unity.test-framework@7a3849e09bd0/UnityEngine.TestRunner/NUnitExtensions/Runner/CompositeWorkItem.cs:83)
UnityEditor.TestTools.TestRunner.EditModeRunner:MoveNextAndUpdateYieldObject () (at ./Library/PackageCache/com.unity.test-framework@7a3849e09bd0/UnityEditor.TestRunner/TestRunner/EditModeRunner.cs:180)
UnityEditor.TestTools.TestRunner.EditModeRunner:TestConsumer (UnityEditor.TestTools.TestRunner.TestRunnerStateSerializer) (at ./Library/PackageCache/com.unity.test-framework@7a3849e09bd0/UnityEditor.TestRunner/TestRunner/EditModeRunner.cs:220)
UnityEditor.TestTools.TestRunner.TestRun.Tasks.EditModeRunTask/<Execute>d__1:MoveNext () (at ./Library/PackageCache/com.unity.test-framework@7a3849e09bd0/UnityEditor.TestRunner/TestRun/Tasks/EditModeRunTask.cs:48)
UnityEditor.TestTools.TestRunner.TestRun.TestJobRunner:ExecuteStep () (at ./Library/PackageCache/com.unity.test-framework@7a3849e09bd0/UnityEditor.TestRunner/TestRun/TestJobRunner.cs:194)
UnityEditor.TestTools.TestRunner.TestRun.TestJobRunner:ExecuteCallback () (at ./Library/PackageCache/com.unity.test-framework@7a3849e09bd0/UnityEditor.TestRunner/TestRun/TestJobRunner.cs:129)
UnityEditor.EditorApplication:Internal_CallUpdateFunctions () (at /Users/bokken/build/output/unity/unity/Editor/Mono/EditorApplication.cs:413)

(Filename: Assets/_Game/Core/Persistence/SaveService.cs Line: 217)

[SaveService] Repaired save 'slot1.json': Pose recorded without HasPose — repaired.
UnityEngine.Debug:ExtractStackTraceNoAlloc (byte*,int,string)
UnityEngine.StackTraceUtility:ExtractStackTrace () (at /Users/bokken/build/output/unity/unity/Runtime/Export/Scripting/StackTrace.cs:23)
UnityEngine.DebugLogHandler:Internal_Log (UnityEngine.LogType,UnityEngine.LogOption,string,UnityEngine.Object)
UnityEngine.DebugLogHandler:LogFormat (UnityEngine.LogType,UnityEngine.Object,string,object[])
UnityEngine.Logger:Log (UnityEngine.LogType,object)
UnityEngine.Debug:LogWarning (object)
Escape.Core.SaveService:LoadIntoState (string,System.Collections.Generic.List`1<string>&) (at Assets/_Game/Core/Persistence/SaveService.cs:217)
Escape.Tests.EditMode.SaveTests:SaveLoad_RoundTrips () (at Assets/_Game/Tests/EditMode/SaveTests.cs:47)
System.Reflection.RuntimeMethodInfo:Invoke (object,System.Reflection.BindingFlags,System.Reflection.Binder,object[],System.Globalization.CultureInfo)
System.Reflection.MethodBase:Invoke (object,object[])
NUnit.Framework.Internal.Reflect:InvokeMethod (System.Reflection.MethodInfo,object,object[])
NUnit.Framework.Internal.MethodWrapper:Invoke (object,object[])
NUnit.Framework.Internal.Commands.TestMethodCommand:RunNonAsyncTestMethod (NUnit.Framework.Internal.ITestExecutionContext)
NUnit.Framework.Internal.Commands.TestMethodCommand:RunTestMethod (NUnit.Framework.Internal.ITestExecutionContext)
NUnit.Framework.Internal.Commands.TestMethodCommand:Execute (NUnit.Framework.Internal.ITestExecutionContext)
UnityEngine.TestTools.UnityTestMethodCommand:Execute (NUnit.Framework.Internal.ITestExecutionContext) (at ./Library/PackageCache/com.unity.test-framework@7a3849e09bd0/UnityEngine.TestRunner/NUnitExtensions/Commands/UnityTestMethodCommand.cs:19)
UnityEngine.TestRunner.NUnitExtensions.Runner.UnityLogCheckDelegatingCommand/<>c__DisplayClass3_0:<Execute>b__0 () (at ./Library/PackageCache/com.unity.test-framework@7a3849e09bd0/UnityEngine.TestRunner/NUnitExtensions/Runner/UnityLogCheckDelegatingCommand.cs:32)
UnityEngine.TestRunner.NUnitExtensions.Runner.UnityLogCheckDelegatingCommand:CaptureException (NUnit.Framework.Internal.TestResult,System.Action) (at ./Library/PackageCache/com.unity.test-framework@7a3849e09bd0/UnityEngine.TestRunner/NUnitExtensions/Runner/UnityLogCheckDelegatingCommand.cs:93)
UnityEngine.TestRunner.NUnitExtensions.Runner.UnityLogCheckDelegatingCommand:ExecuteAndCheckLog (UnityEngine.TestTools.Logging.LogScope,NUnit.Framework.Internal.TestResult,System.Action) (at ./Library/PackageCache/com.unity.test-framework@7a3849e09bd0/UnityEngine.TestRunner/NUnitExtensions/Runner/UnityLogCheckDelegatingCommand.cs:104)
UnityEngine.TestRunner.NUnitExtensions.Runner.UnityLogCheckDelegatingCommand:Execute (NUnit.Framework.Internal.ITestExecutionContext) (at ./Library/PackageCache/com.unity.test-framework@7a3849e09bd0/UnityEngine.TestRunner/NUnitExtensions/Runner/UnityLogCheckDelegatingCommand.cs:32)
UnityEngine.TestRunner.NUnitExtensions.Runner.UnityLogCheckDelegatingCommand/<ExecuteEnumerable>d__4:MoveNext () (at ./Library/PackageCache/com.unity.test-framework@7a3849e09bd0/UnityEngine.TestRunner/NUnitExtensions/Runner/UnityLogCheckDelegatingCommand.cs:43)
UnityEngine.TestTools.BeforeAfterTestCommandBase`1/<ExecuteEnumerable>d__16<NUnit.Framework.ITestAction>:MoveNext () (at ./Library/PackageCache/com.unity.test-framework@7a3849e09bd0/UnityEngine.TestRunner/NUnitExtensions/Commands/BeforeAfterTestCommandBase.cs:213)
UnityEngine.TestTools.ImmediateEnumerableCommand:Execute (NUnit.Framework.Internal.ITestExecutionContext) (at ./Library/PackageCache/com.unity.test-framework@7a3849e09bd0/UnityEngine.TestRunner/NUnitExtensions/Commands/ImmediateEnumerableCommand.cs:18)
UnityEngine.TestTools.BeforeAfterTestCommandBase`1/<ExecuteEnumerable>d__16<System.Reflection.MethodInfo>:MoveNext () (at ./Library/PackageCache/com.unity.test-framework@7a3849e09bd0/UnityEngine.TestRunner/NUnitExtensions/Commands/BeforeAfterTestCommandBase.cs:220)
UnityEngine.TestTools.BeforeAfterTestCommandBase`1/<ExecuteEnumerable>d__16<System.Reflection.MethodInfo>:MoveNext () (at ./Library/PackageCache/com.unity.test-framework@7a3849e09bd0/UnityEngine.TestRunner/NUnitExtensions/Commands/BeforeAfterTestCommandBase.cs:213)
UnityEngine.TestTools.BeforeAfterTestCommandBase`1/<ExecuteEnumerable>d__16<UnityEngine.TestTools.IOuterUnityTestAction>:MoveNext () (at ./Library/PackageCache/com.unity.test-framework@7a3849e09bd0/UnityEngine.TestRunner/NUnitExtensions/Commands/BeforeAfterTestCommandBase.cs:213)
UnityEngine.TestTools.RetryCommand/<ExecuteEnumerable>d__2:MoveNext () (at ./Library/PackageCache/com.unity.test-framework@7a3849e09bd0/UnityEngine.TestRunner/NUnitExtensions/Commands/RetryCommand.cs:37)
UnityEngine.TestTools.RepeatCommand/<ExecuteEnumerable>d__2:MoveNext () (at ./Library/PackageCache/com.unity.test-framework@7a3849e09bd0/UnityEngine.TestRunner/NUnitExtensions/Commands/RepeatCommand.cs:36)
UnityEngine.TestTools.IgnoreTestCommand/<ExecuteEnumerable>d__3:MoveNext () (at ./Library/PackageCache/com.unity.test-framework@7a3849e09bd0/UnityEngine.TestRunner/NUnitExtensions/Commands/IgnoreTestCommand.cs:42)
UnityEngine.TestTools.StrictCheckCommand/<ExecuteEnumerable>d__2:MoveNext () (at ./Library/PackageCache/com.unity.test-framework@7a3849e09bd0/UnityEngine.TestRunner/NUnitExtensions/Commands/StrictCheckCommand.cs:29)
UnityEngine.TestRunner.NUnitExtensions.Runner.DefaultTestWorkItem/<PerformWork>d__2:MoveNext () (at ./Library/PackageCache/com.unity.test-framework@7a3849e09bd0/UnityEngine.TestRunner/NUnitExtensions/Runner/DefaultTestWorkItem.cs:58)
UnityEngine.TestRunner.NUnitExtensions.Runner.CompositeWorkItem/<RunChildren>d__17:MoveNext () (at ./Library/PackageCache/com.unity.test-framework@7a3849e09bd0/UnityEngine.TestRunner/NUnitExtensions/Runner/CompositeWorkItem.cs:209)
UnityEngine.TestRunner.NUnitExtensions.Runner.CompositeWorkItem/<PerformWork>d__13:MoveNext () (at ./Library/PackageCache/com.unity.test-framework@7a3849e09bd0/UnityEngine.TestRunner/NUnitExtensions/Runner/CompositeWorkItem.cs:83)
UnityEngine.TestRunner.NUnitExtensions.Runner.CompositeWorkItem/<RunChildren>d__17:MoveNext () (at ./Library/PackageCache/com.unity.test-framework@7a3849e09bd0/UnityEngine.TestRunner/NUnitExtensions/Runner/CompositeWorkItem.cs:209)
UnityEngine.TestRunner.NUnitExtensions.Runner.CompositeWorkItem/<PerformWork>d__13:MoveNext () (at ./Library/PackageCache/com.unity.test-framework@7a3849e09bd0/UnityEngine.TestRunner/NUnitExtensions/Runner/CompositeWorkItem.cs:83)
UnityEngine.TestRunner.NUnitExtensions.Runner.CompositeWorkItem/<RunChildren>d__17:MoveNext () (at ./Library/PackageCache/com.unity.test-framework@7a3849e09bd0/UnityEngine.TestRunner/NUnitExtensions/Runner/CompositeWorkItem.cs:209)
UnityEngine.TestRunner.NUnitExtensions.Runner.CompositeWorkItem/<PerformWork>d__13:MoveNext () (at ./Library/PackageCache/com.unity.test-framework@7a3849e09bd0/UnityEngine.TestRunner/NUnitExtensions/Runner/CompositeWorkItem.cs:83)
UnityEngine.TestRunner.NUnitExtensions.Runner.CompositeWorkItem/<RunChildren>d__17:MoveNext () (at ./Library/PackageCache/com.unity.test-framework@7a3849e09bd0/UnityEngine.TestRunner/NUnitExtensions/Runner/CompositeWorkItem.cs:209)
UnityEngine.TestRunner.NUnitExtensions.Runner.CompositeWorkItem/<PerformWork>d__13:MoveNext () (at ./Library/PackageCache/com.unity.test-framework@7a3849e09bd0/UnityEngine.TestRunner/NUnitExtensions/Runner/CompositeWorkItem.cs:83)
UnityEngine.TestRunner.NUnitExtensions.Runner.CompositeWorkItem/<RunChildren>d__17:MoveNext () (at ./Library/PackageCache/com.unity.test-framework@7a3849e09bd0/UnityEngine.TestRunner/NUnitExtensions/Runner/CompositeWorkItem.cs:209)
UnityEngine.TestRunner.NUnitExtensions.Runner.CompositeWorkItem/<PerformWork>d__13:MoveNext () (at ./Library/PackageCache/com.unity.test-framework@7a3849e09bd0/UnityEngine.TestRunner/NUnitExtensions/Runner/CompositeWorkItem.cs:83)
UnityEngine.TestRunner.NUnitExtensions.Runner.CompositeWorkItem/<RunChildren>d__17:MoveNext () (at ./Library/PackageCache/com.unity.test-framework@7a3849e09bd0/UnityEngine.TestRunner/NUnitExtensions/Runner/CompositeWorkItem.cs:209)
UnityEngine.TestRunner.NUnitExtensions.Runner.CompositeWorkItem/<PerformWork>d__13:MoveNext () (at ./Library/PackageCache/com.unity.test-framework@7a3849e09bd0/UnityEngine.TestRunner/NUnitExtensions/Runner/CompositeWorkItem.cs:83)
UnityEditor.TestTools.TestRunner.EditModeRunner:MoveNextAndUpdateYieldObject () (at ./Library/PackageCache/com.unity.test-framework@7a3849e09bd0/UnityEditor.TestRunner/TestRunner/EditModeRunner.cs:180)
UnityEditor.TestTools.TestRunner.EditModeRunner:TestConsumer (UnityEditor.TestTools.TestRunner.TestRunnerStateSerializer) (at ./Library/PackageCache/com.unity.test-framework@7a3849e09bd0/UnityEditor.TestRunner/TestRunner/EditModeRunner.cs:220)
UnityEditor.TestTools.TestRunner.TestRun.Tasks.EditModeRunTask/<Execute>d__1:MoveNext () (at ./Library/PackageCache/com.unity.test-framework@7a3849e09bd0/UnityEditor.TestRunner/TestRun/Tasks/EditModeRunTask.cs:48)
UnityEditor.TestTools.TestRunner.TestRun.TestJobRunner:ExecuteStep () (at ./Library/PackageCache/com.unity.test-framework@7a3849e09bd0/UnityEditor.TestRunner/TestRun/TestJobRunner.cs:194)
UnityEditor.TestTools.TestRunner.TestRun.TestJobRunner:ExecuteCallback () (at ./Library/PackageCache/com.unity.test-framework@7a3849e09bd0/UnityEditor.TestRunner/TestRun/TestJobRunner.cs:129)
UnityEditor.EditorApplication:Internal_CallUpdateFunctions () (at /Users/bokken/build/output/unity/unity/Editor/Mono/EditorApplication.cs:413)

(Filename: Assets/_Game/Core/Persistence/SaveService.cs Line: 217)

Saving results to: /Users/dawsonblock/Library/Application Support/Escape the Elites/Escape the Elites/TestResults.xml
Saving results to: /Users/dawsonblock/unity/My project (7)/TestResults-editMode.xml
Executing IPostBuildCleanup for: Unity.PerformanceTesting.Editor.TestRunBuilder.
UnityEngine.Debug:ExtractStackTraceNoAlloc (byte*,int,string)
UnityEngine.StackTraceUtility:ExtractStackTrace () (at /Users/bokken/build/output/unity/unity/Runtime/Export/Scripting/StackTrace.cs:23)
UnityEngine.DebugLogHandler:Internal_Log (UnityEngine.LogType,UnityEngine.LogOption,string,UnityEngine.Object)
UnityEngine.DebugLogHandler:LogFormat (UnityEngine.LogType,UnityEngine.Object,string,object[])
UnityEngine.Logger:Log (UnityEngine.LogType,object)
UnityEngine.Debug:Log (object)
UnityEditor.TestTools.TestRunner.TestRun.Tasks.BuildActionTaskBase`1/<ExecuteMethods>d__8<UnityEngine.TestTools.IPostBuildCleanup>:MoveNext () (at ./Library/PackageCache/com.unity.test-framework@7a3849e09bd0/UnityEditor.TestRunner/TestRun/Tasks/BuildActionTaskBase.cs:48)
UnityEditor.TestTools.TestRunner.TestRun.Tasks.BuildActionTaskBase`1/<Execute>d__7<UnityEngine.TestTools.IPostBuildCleanup>:MoveNext () (at ./Library/PackageCache/com.unity.test-framework@7a3849e09bd0/UnityEditor.TestRunner/TestRun/Tasks/BuildActionTaskBase.cs:34)
UnityEditor.TestTools.TestRunner.TestRun.TestJobRunner:ExecuteStep () (at ./Library/PackageCache/com.unity.test-framework@7a3849e09bd0/UnityEditor.TestRunner/TestRun/TestJobRunner.cs:194)
UnityEditor.TestTools.TestRunner.TestRun.TestJobRunner:ExecuteCallback () (at ./Library/PackageCache/com.unity.test-framework@7a3849e09bd0/UnityEditor.TestRunner/TestRun/TestJobRunner.cs:129)
UnityEditor.EditorApplication:Internal_CallUpdateFunctions () (at /Users/bokken/build/output/unity/unity/Editor/Mono/EditorApplication.cs:413)

(Filename: ./Library/PackageCache/com.unity.test-framework@7a3849e09bd0/UnityEditor.TestRunner/TestRun/Tasks/BuildActionTaskBase.cs Line: 48)

Unloading 48 Unused Serialized files (Serialized files now loaded: 0)
Unloading 47 unused Assets / (47.0 KB). Loaded Objects now: 16818.
Memory consumption went from 366.3 MB to 366.3 MB.
Total: 41.246125 ms (FindLiveObjects: 0.764042 ms CreateObjectMapping: 0.532333 ms MarkObjects: 39.596083 ms  DeleteObjects: 0.083250 ms)

DisplayProgressbar: Undo
Test run completed. Exiting with code 0 (Ok). Run completed.
UnityEngine.Debug:ExtractStackTraceNoAlloc (byte*,int,string)
UnityEngine.StackTraceUtility:ExtractStackTrace () (at /Users/bokken/build/output/unity/unity/Runtime/Export/Scripting/StackTrace.cs:23)
UnityEngine.DebugLogHandler:Internal_Log (UnityEngine.LogType,UnityEngine.LogOption,string,UnityEngine.Object)
UnityEngine.DebugLogHandler:LogFormat (UnityEngine.LogType,UnityEngine.Object,string,object[])
UnityEngine.Logger:Log (UnityEngine.LogType,object)
UnityEngine.Debug:Log (object)
UnityEditor.TestTools.TestRunner.CommandLineTest.Executer:ExitApplication (UnityEditor.TestTools.TestRunner.CommandLineTest.Executer/ReturnCodes,string) (at ./Library/PackageCache/com.unity.test-framework@7a3849e09bd0/UnityEditor.TestRunner/CommandLineTest/Executer.cs:81)
UnityEditor.TestTools.TestRunner.CommandLineTest.Executer:ExitIfRunIsCompleted () (at ./Library/PackageCache/com.unity.test-framework@7a3849e09bd0/UnityEditor.TestRunner/CommandLineTest/Executer.cs:74)
UnityEditor.EditorApplication:Internal_CallUpdateFunctions () (at /Users/bokken/build/output/unity/unity/Editor/Mono/EditorApplication.cs:413)

(Filename: ./Library/PackageCache/com.unity.test-framework@7a3849e09bd0/UnityEditor.TestRunner/CommandLineTest/Executer.cs Line: 81)

MonoPathRemapper: Attempts to remap: 100971; Successful remaps: 36824
Serialized file version minimum: 23, current 23
Pipeline Server stopped
Deleted discovery files
UnityEngine.Debug:ExtractStackTraceNoAlloc (byte*,int,string)
UnityEngine.StackTraceUtility:ExtractStackTrace () (at /Users/bokken/build/output/unity/unity/Runtime/Export/Scripting/StackTrace.cs:23)
UnityEngine.DebugLogHandler:Internal_Log (UnityEngine.LogType,UnityEngine.LogOption,string,UnityEngine.Object)
UnityEngine.DebugLogHandler:LogFormat (UnityEngine.LogType,UnityEngine.Object,string,object[])
UnityEngine.Logger:Log (UnityEngine.LogType,object)
UnityEngine.Debug:Log (object)
Unity.AI.Tracing.ConsoleSink:LogToConsole (string,string,System.Exception) (at ./Library/PackageCache/com.unity.ai.assistant@8d1e3e89e3a7/Modules/Unity.AI.Tracing/TraceSinks.cs:313)
Unity.AI.Tracing.ConsoleSink:Write (Unity.AI.Tracing.TraceEvent) (at ./Library/PackageCache/com.unity.ai.assistant@8d1e3e89e3a7/Modules/Unity.AI.Tracing/TraceSinks.cs:277)
Unity.AI.Tracing.TraceWriter:WriteEventInternal (string,string,Unity.AI.Tracing.TraceEventOptions,string,System.Nullable`1<int>) (at ./Library/PackageCache/com.unity.ai.assistant@8d1e3e89e3a7/Modules/Unity.AI.Tracing/TraceWriter.cs:373)
Unity.AI.Tracing.TraceWriter:Event (string,Unity.AI.Tracing.TraceEventOptions) (at ./Library/PackageCache/com.unity.ai.assistant@8d1e3e89e3a7/Modules/Unity.AI.Tracing/TraceWriter.cs:297)
Unity.AI.Tracing.TraceLogger:Emit (string,string,string,string,Unity.AI.Tracing.TraceEventOptions,object,System.Exception) (at ./Library/PackageCache/com.unity.ai.assistant@8d1e3e89e3a7/Modules/Unity.AI.Tracing/TraceLogger.cs:105)
Unity.AI.Tracing.TraceLogger:Info (string,string,string,Unity.AI.Tracing.TraceEventOptions) (at ./Library/PackageCache/com.unity.ai.assistant@8d1e3e89e3a7/Modules/Unity.AI.Tracing/TraceLogger.cs:35)
Unity.AI.MCP.Editor.Helpers.McpLog:Log (string,Unity.AI.Tracing.TraceEventOptions) (at ./Library/PackageCache/com.unity.ai.assistant@8d1e3e89e3a7/Modules/Unity.AI.MCP.Editor/Helpers/McpLog.cs:15)
Unity.AI.MCP.Editor.Helpers.ServerDiscovery:DeleteDiscoveryFiles () (at ./Library/PackageCache/com.unity.ai.assistant@8d1e3e89e3a7/Modules/Unity.AI.MCP.Editor/Connection/ServerDiscovery.cs:156)
Unity.AI.MCP.Editor.Bridge:Stop () (at ./Library/PackageCache/com.unity.ai.assistant@8d1e3e89e3a7/Modules/Unity.AI.MCP.Editor/Bridge.cs:351)
UnityEditor.EditorApplication:Internal_EditorApplicationQuit () (at /Users/bokken/build/output/unity/unity/Editor/Mono/EditorApplication.cs:128)
UnityEditor.TestTools.TestRunner.CommandLineTest.Executer:ExitApplication (UnityEditor.TestTools.TestRunner.CommandLineTest.Executer/ReturnCodes,string) (at ./Library/PackageCache/com.unity.test-framework@7a3849e09bd0/UnityEditor.TestRunner/CommandLineTest/Executer.cs:83)
UnityEditor.TestTools.TestRunner.CommandLineTest.Executer:ExitIfRunIsCompleted () (at ./Library/PackageCache/com.unity.test-framework@7a3849e09bd0/UnityEditor.TestRunner/CommandLineTest/Executer.cs:74)
UnityEditor.EditorApplication:Internal_CallUpdateFunctions () (at /Users/bokken/build/output/unity/unity/Editor/Mono/EditorApplication.cs:413)

(Filename: ./Library/PackageCache/com.unity.ai.assistant@8d1e3e89e3a7/Modules/Unity.AI.Tracing/TraceSinks.cs Line: 313)

Deleted socket file: /tmp/unity-mcp-57915bc5-47764
UnityEngine.Debug:ExtractStackTraceNoAlloc (byte*,int,string)
UnityEngine.StackTraceUtility:ExtractStackTrace () (at /Users/bokken/build/output/unity/unity/Runtime/Export/Scripting/StackTrace.cs:23)
UnityEngine.DebugLogHandler:Internal_Log (UnityEngine.LogType,UnityEngine.LogOption,string,UnityEngine.Object)
UnityEngine.DebugLogHandler:LogFormat (UnityEngine.LogType,UnityEngine.Object,string,object[])
UnityEngine.Logger:Log (UnityEngine.LogType,object)
UnityEngine.Debug:Log (object)
Unity.AI.Tracing.ConsoleSink:LogToConsole (string,string,System.Exception) (at ./Library/PackageCache/com.unity.ai.assistant@8d1e3e89e3a7/Modules/Unity.AI.Tracing/TraceSinks.cs:313)
Unity.AI.Tracing.ConsoleSink:Write (Unity.AI.Tracing.TraceEvent) (at ./Library/PackageCache/com.unity.ai.assistant@8d1e3e89e3a7/Modules/Unity.AI.Tracing/TraceSinks.cs:277)
Unity.AI.Tracing.TraceWriter:WriteEventInternal (string,string,Unity.AI.Tracing.TraceEventOptions,string,System.Nullable`1<int>) (at ./Library/PackageCache/com.unity.ai.assistant@8d1e3e89e3a7/Modules/Unity.AI.Tracing/TraceWriter.cs:373)
Unity.AI.Tracing.TraceWriter:Event (string,Unity.AI.Tracing.TraceEventOptions) (at ./Library/PackageCache/com.unity.ai.assistant@8d1e3e89e3a7/Modules/Unity.AI.Tracing/TraceWriter.cs:297)
Unity.AI.Tracing.TraceLogger:Emit (string,string,string,string,Unity.AI.Tracing.TraceEventOptions,object,System.Exception) (at ./Library/PackageCache/com.unity.ai.assistant@8d1e3e89e3a7/Modules/Unity.AI.Tracing/TraceLogger.cs:105)
Unity.AI.Tracing.TraceLogger:Info (string,string,string,Unity.AI.Tracing.TraceEventOptions) (at ./Library/PackageCache/com.unity.ai.assistant@8d1e3e89e3a7/Modules/Unity.AI.Tracing/TraceLogger.cs:35)
Unity.AI.MCP.Editor.Helpers.McpLog:Log (string,Unity.AI.Tracing.TraceEventOptions) (at ./Library/PackageCache/com.unity.ai.assistant@8d1e3e89e3a7/Modules/Unity.AI.MCP.Editor/Helpers/McpLog.cs:15)
Unity.AI.MCP.Editor.Connection.UnixSocketListener:Stop () (at ./Library/PackageCache/com.unity.ai.assistant@8d1e3e89e3a7/Modules/Unity.AI.MCP.Editor/Connection/UnixSocketListener.cs:251)
Unity.AI.MCP.Editor.Bridge:Stop () (at ./Library/PackageCache/com.unity.ai.assistant@8d1e3e89e3a7/Modules/Unity.AI.MCP.Editor/Bridge.cs:361)
UnityEditor.EditorApplication:Internal_EditorApplicationQuit () (at /Users/bokken/build/output/unity/unity/Editor/Mono/EditorApplication.cs:128)
UnityEditor.TestTools.TestRunner.CommandLineTest.Executer:ExitApplication (UnityEditor.TestTools.TestRunner.CommandLineTest.Executer/ReturnCodes,string) (at ./Library/PackageCache/com.unity.test-framework@7a3849e09bd0/UnityEditor.TestRunner/CommandLineTest/Executer.cs:83)
UnityEditor.TestTools.TestRunner.CommandLineTest.Executer:ExitIfRunIsCompleted () (at ./Library/PackageCache/com.unity.test-framework@7a3849e09bd0/UnityEditor.TestRunner/CommandLineTest/Executer.cs:74)
UnityEditor.EditorApplication:Internal_CallUpdateFunctions () (at /Users/bokken/build/output/unity/unity/Editor/Mono/EditorApplication.cs:413)

(Filename: ./Library/PackageCache/com.unity.ai.assistant@8d1e3e89e3a7/Modules/Unity.AI.Tracing/TraceSinks.cs Line: 313)

UnityMCPBridge stopped.
UnityEngine.Debug:ExtractStackTraceNoAlloc (byte*,int,string)
UnityEngine.StackTraceUtility:ExtractStackTrace () (at /Users/bokken/build/output/unity/unity/Runtime/Export/Scripting/StackTrace.cs:23)
UnityEngine.DebugLogHandler:Internal_Log (UnityEngine.LogType,UnityEngine.LogOption,string,UnityEngine.Object)
UnityEngine.DebugLogHandler:LogFormat (UnityEngine.LogType,UnityEngine.Object,string,object[])
UnityEngine.Logger:Log (UnityEngine.LogType,object)
UnityEngine.Debug:Log (object)
Unity.AI.Tracing.ConsoleSink:LogToConsole (string,string,System.Exception) (at ./Library/PackageCache/com.unity.ai.assistant@8d1e3e89e3a7/Modules/Unity.AI.Tracing/TraceSinks.cs:313)
Unity.AI.Tracing.ConsoleSink:Write (Unity.AI.Tracing.TraceEvent) (at ./Library/PackageCache/com.unity.ai.assistant@8d1e3e89e3a7/Modules/Unity.AI.Tracing/TraceSinks.cs:277)
Unity.AI.Tracing.TraceWriter:WriteEventInternal (string,string,Unity.AI.Tracing.TraceEventOptions,string,System.Nullable`1<int>) (at ./Library/PackageCache/com.unity.ai.assistant@8d1e3e89e3a7/Modules/Unity.AI.Tracing/TraceWriter.cs:373)
Unity.AI.Tracing.TraceWriter:Event (string,Unity.AI.Tracing.TraceEventOptions) (at ./Library/PackageCache/com.unity.ai.assistant@8d1e3e89e3a7/Modules/Unity.AI.Tracing/TraceWriter.cs:297)
Unity.AI.Tracing.TraceLogger:Emit (string,string,string,string,Unity.AI.Tracing.TraceEventOptions,object,System.Exception) (at ./Library/PackageCache/com.unity.ai.assistant@8d1e3e89e3a7/Modules/Unity.AI.Tracing/TraceLogger.cs:105)
Unity.AI.Tracing.TraceLogger:Info (string,string,string,Unity.AI.Tracing.TraceEventOptions) (at ./Library/PackageCache/com.unity.ai.assistant@8d1e3e89e3a7/Modules/Unity.AI.Tracing/TraceLogger.cs:35)
Unity.AI.MCP.Editor.Helpers.McpLog:Log (string,Unity.AI.Tracing.TraceEventOptions) (at ./Library/PackageCache/com.unity.ai.assistant@8d1e3e89e3a7/Modules/Unity.AI.MCP.Editor/Helpers/McpLog.cs:15)
Unity.AI.MCP.Editor.Bridge:Stop () (at ./Library/PackageCache/com.unity.ai.assistant@8d1e3e89e3a7/Modules/Unity.AI.MCP.Editor/Bridge.cs:407)
UnityEditor.EditorApplication:Internal_EditorApplicationQuit () (at /Users/bokken/build/output/unity/unity/Editor/Mono/EditorApplication.cs:128)
UnityEditor.TestTools.TestRunner.CommandLineTest.Executer:ExitApplication (UnityEditor.TestTools.TestRunner.CommandLineTest.Executer/ReturnCodes,string) (at ./Library/PackageCache/com.unity.test-framework@7a3849e09bd0/UnityEditor.TestRunner/CommandLineTest/Executer.cs:83)
UnityEditor.TestTools.TestRunner.CommandLineTest.Executer:ExitIfRunIsCompleted () (at ./Library/PackageCache/com.unity.test-framework@7a3849e09bd0/UnityEditor.TestRunner/CommandLineTest/Executer.cs:74)
UnityEditor.EditorApplication:Internal_CallUpdateFunctions () (at /Users/bokken/build/output/unity/unity/Editor/Mono/EditorApplication.cs:413)

(Filename: ./Library/PackageCache/com.unity.ai.assistant@8d1e3e89e3a7/Modules/Unity.AI.Tracing/TraceSinks.cs Line: 313)

Importing 'GUID: 0000000000000000b000000000000000 - Path: ProjectSettings/EditorBuildSettings.asset' with importer (LibraryAssetImporter)
Imported 'GUID: 0000000000000000b000000000000000' -> (Import Result ID: '5c8f12d542c8d4de747d3cf4a7db0057') in 0.005 seconds [static dependencies only]. Details - ImportResultOutputID=0a89a5c5f492143e0fa186859e17ba6f DependenciesID=33e9926adf672510edc03d2590a6bdf6 StaticDependenciesID=36e6f18e51ef89a0c9692dd7099acfd4 
Refreshing native plugins compatible for Editor in 4.67 ms, found 5 plugins.
Preloading 1 native plugins for Editor in 4.19 ms.

Asset Pipeline Refresh (id=7745b15bd5c8c45eab346a55dbbf5b74): Total: 0.372 seconds - Initiated by StopAssetImportingV2(NoUpdateAssetOptions)
	(Values over 0.05ms)
	Summary:
		Imports: total=1 (actual=1, local cache=0, cache server=0)
		Asset DB Process Time: managed=1 ms, native=341 ms
		Asset DB Callback time: managed=8 ms, native=21 ms
		Scripting: domain reloads=0, domain reload time=0 ms, compile time=0 ms, other=0 ms
		Project Asset Count: scripts=3626, non-scripts=7904
		Asset File Changes: new=0, changed=0, moved=0, deleted=0
		Scan Filter Count: 1
	ApplyChangesToAssetFolders: 0.252ms
	Scan: 26.018ms
	Collect global state as custom dependencies: 0.182ms
	ProcessAssetsWithTransientArtifactChanges: 0.746ms
	CategorizeAssets: 266.702ms
	ImportOutOfDateAssets: 11.659ms (0.322ms without children)
		ImportManagerImport: 8.020ms (0.887ms without children)
		ReloadNativeAssets: 0.069ms
		UnloadImportedAssets: 0.097ms
		EnsureUptoDateAssetsAreRegisteredWithGuidPM: 1.590ms
		ImportSchedulerStart: 1.559ms
	PostProcessAllAssets: 19.303ms
		XRBuildSystem.XRAssetImported 11.113ms
		MonoPostProcessAllAssets: 8.071ms
			AssetPostprocessor.OnPostprocessAllAssets 3.712ms
			SyncVS.PostprocessSyncProject 1.378ms
			AssetChangedListener.OnPostprocessAllAssets 0.354ms
			SpriteEditorTexturePostprocessor.OnPostprocessAllAssets 0.264ms
			GraphRefreshPostprocessor.OnPostprocessAllAssets 0.191ms
			AssetReferenceReimportMonitor.OnPostprocessAllAssets 0.152ms
			BehaviorAssetPostProcessor.OnPostprocessAllAssets 0.137ms
			EditModeScopePostprocessor.OnPostprocessAllAssets 0.100ms
			AssetChangeDetector.OnPostprocessAllAssets 0.082ms
			ShaderGraphAssetPostProcessor.OnPostprocessAllAssets 0.069ms
			AssetPostprocessorProxy.OnPostprocessAllAssets 0.051ms
	PostAssetChangesProfiler: 9.997ms
	GatherAllCurrentPrimaryImportResultRevisions: 4.990ms
	UnloadStreamsBegin: 0.387ms
	PersistCurrentRevisions: 0.288ms
	Untracked: 31.604ms

Thread 0x41f20f000 may have been prematurely finalized
Input System module state changed to: ShutdownInProgress.
Input Polling Thread exited.
Input System module state changed to: Shutdown.
Shutting down MSBuild server...
Shutting down VB/C# compiler server...
MSBuild server shut down successfully.
VB/C# compiler server shut down successfully.
[Physics::Module] Cleanup current backend.
[Physics::Module] Id: 0xf2b8ea05
[Licensing::IpcConnector] LicenseClient-dawsonblock-notifications channel disconnected successfully.
[Licensing::IpcConnector] LicenseClient-dawsonblock channel disconnected successfully.
Thread 0x16e517000 may have been prematurely finalized
Thread 0x16e48b000 may have been prematurely finalized
Thread 0x16e6bb000 may have been prematurely finalized
Thread 0x16e5a3000 may have been prematurely finalized
Thread 0x16e62f000 may have been prematurely finalized
Thread 0x16e7d3000 may have been prematurely finalized
Thread 0x16e85f000 may have been prematurely finalized
Thread 0x16e8eb000 may have been prematurely finalized
Thread 0x16e747000 may have been prematurely finalized
Thread 0x16ea03000 may have been prematurely finalized
Thread 0x16e977000 may have been prematurely finalized
Lingering sessions upon destruction of worker manager
Unity Data Store service was successfully shut down
UDS shutting down local client system
Shut down UDS service system complete
AcceleratorClientConnectionCallback - disconnected - :0
Cleanup mono
CodeReloadManager destroyed
debugger-agent: Unable to listen on 45
