Unity Editor version:    6000.6.0f1 (f7f8ed4d1e24)
Branch:                  6000.6/respin/6000.6.0f1-fa21a270ab12
Build type:              Release
Batch mode:              YES
macOS version:           Version 26.2 (Build 25C56)
Darwin version:          25.2.0
Architecture:            arm64
Running under Rosetta:   NO
Available memory:        16384 MB
Date:                    2026-09-19T09:05:36Z
Launching external process: /Applications/Unity/Hub/Editor/6000.6.0f1/Unity.app/Contents/Resources/Scripting/NetCoreRuntime/dotnet
VBCSCompilerPreWarmer: pre-warm launched (dotnet PID 51822)
VBCSCompiler prewarm took 33.86 ms
[Licensing::Module] Trying to connect to existing licensing client channel...
[Licensing::IpcConnector] Successfully connected to: "LicenseClient-dawsonblock" at "2026-09-19T09:05:36.489233Z"
Launching external process: /Applications/Unity/Hub/Editor/6000.6.0f1/Unity.app/Contents/Helpers/PackageManager/Server/UnityPackageManager

COMMAND LINE ARGUMENTS:
/Applications/Unity/Hub/Editor/6000.6.0f1/Unity.app/Contents/MacOS/Unity
-batchmode
-nographics
-silent-crashes
-projectPath
/Users/dawsonblock/unity/My project (7)
-runTests
-testPlatform
PlayMode
-testResults
/Users/dawsonblock/unity/My project (7)/TestResults-playMode.xml
-logFile
/Users/dawsonblock/unity/My project (7)/Logs/ci-playMode.log
Successfully changed project path to: /Users/dawsonblock/unity/My project (7)
/Users/dawsonblock/unity/My project (7)
[UnityMemory] Configuration Parameters - Can be set up in boot.config
    "memorysetup-temp-allocator-size-gi-baking-worker=262144"
    "memorysetup-temp-allocator-size-gi-baking-worker=262144"
    "memorysetup-temp-allocator-size-gi-baking-worker=262144"
    "memorysetup-temp-allocator-size-gi-baking-worker=262144"
    "memorysetup-temp-allocator-size-gi-baking-worker=262144"
    "memorysetup-temp-allocator-size-nav-mesh-worker=65536"
    "memorysetup-temp-allocator-size-audio-worker=65536"
    "memorysetup-temp-allocator-size-cloud-worker=32768"
    "memorysetup-temp-allocator-size-preload-manager=33554432"
    "memorysetup-remapper-allocator-initial-capacity=32768"
    "memorysetup-temp-allocator-size-gfx=262144"
    "memorysetup-allocator-temp-initial-block-size-main=262144"
    "memorysetup-allocator-temp-initial-block-size-worker=262144"
    "memorysetup-temp-allocator-size-background-worker=32768"
    "memorysetup-temp-allocator-size-job-worker=262144"
    "memorysetup-bucket-allocator-granularity=16"
    "memorysetup-bucket-allocator-bucket-count=8"
    "memorysetup-bucket-allocator-block-size=33554432"
    "memorysetup-bucket-allocator-block-count=8"
    "memorysetup-main-allocator-block-size=16777216"
    "memorysetup-thread-allocator-block-size=16777216"
    "memorysetup-main-allocator-mimalloc-enabled=1"
    "memorysetup-gfx-main-allocator-block-size=16777216"
    "memorysetup-gfx-thread-allocator-block-size=16777216"
    "memorysetup-cache-allocator-block-size=4194304"
    "memorysetup-typetree-allocator-block-size=2097152"
    "memorysetup-profiler-bucket-allocator-granularity=16"
    "memorysetup-profiler-bucket-allocator-bucket-count=8"
    "memorysetup-profiler-bucket-allocator-block-size=33554432"
    "memorysetup-profiler-bucket-allocator-block-count=8"
    "memorysetup-profiler-allocator-block-size=16777216"
    "memorysetup-profiler-editor-allocator-block-size=1048576"
    "memorysetup-temp-allocator-size-main=16777216"
    "memorysetup-job-temp-allocator-block-size=2097152"
    "memorysetup-job-temp-allocator-block-size-background=1048576"
    "memorysetup-job-temp-allocator-reduction-small-platforms=262144"
Logging is directed to a specific file, skipping project log.
Player connection [8337845312]  Target information:

Player connection [8337845312]  * "[IP] 172.16.1.228 [Port] 55504 [Flags] 2 [Guid] 2897906862 [EditorId] 2897906862 [Version] 1048832 [Id] OSXEditor(0,Mac.gateway.sasktel.net) [Debug] 1 [PackageName] OSXEditor [ProjectName] Editor" 

Player connection [8337845312] Host joined multi-casting on [225.0.0.222:54997]...
Player connection [8337845312] Host joined alternative multi-casting on [225.0.0.222:34997]...
[Licensing::Client] Handshaking with LicensingClient:
  Version:                 1.18.3+d7ffd15
  Session Id:              c347d30646274a69afa51bbcfe0ce6b6
  Correlation Id:          f0554d3a71ae63b997897297e72cf6a9
  External correlation Id: 1013935510722039715
  Machine Id:              n3escge5pqjPvr3IgPQQt/UsqME=
[Licensing::Module] Successfully connected to LicensingClient on channel: "LicenseClient-dawsonblock" (connect: 0.00s, validation: 0.02s, handshake: 1.08s)
Input System module state changed to: Initialized.
[Licensing::IpcConnector] Successfully connected to: "LicenseClient-dawsonblock-notifications" at "2026-09-19T09:05:37.598517Z"
[Licensing::Module] Error: Access token is unavailable; failed to update
[Physics::Module] Initialized fallback backend.
[Physics::Module] Id: 0xdecafbad
[Licensing::Client] Successfully resolved entitlement details
[Licensing::Module] License group:
  Id: 3574369121834-UnityPersXXXX
  Product: Unity Personal
  Type: Assigned
  Expiration: Unlimited
[Licensing::Client] Successfully updated license, isAsync: True, time: 0.01
[Licensing::Module] Licensing Background thread has ended after 1.17s
[Package Manager] Connected to IPC stream "Upm-51677" after 0.4 seconds.
[Licensing::Client] Successfully resolved entitlement details
Library Redirect Path: Library/
Initialising UDS system complete:
  - System type: Client
  - Resource namespace: e1720c9cee4999839e2ce6a29aba52ca
  - Shared memory size: 1073741824
  - Command buffer id: 1052672
  - Command buffer size: 8192
  - Hashmap size: 4194304
  - Service connected: false
Launching Unity Data Store - /Applications/Unity/Hub/Editor/6000.6.0f1/Unity.app/Contents/Helpers/Unity.DataStore 
Unity Data Store artifact dir = Library/DataStore, working dir = /Users/dawsonblock/unity/My project (7)[Physics::Module] Selected backend.
[Physics::Module] Name: PhysX
[Physics::Module] Id: 0xf2b8ea05
[Physics::Module] SDK Version: 4.1.2
[Physics::Module] Integration Version: 1.0.0
[Physics::Module] Threading Mode: Multi-Threaded
Unity Data Store running and initialised
Initialize engine version: 6000.6.0f1 (f7f8ed4d1e24)
[EntityIdStore] init: VM path (explicit commit), pageSize=16384, blockCount=262144, entitiesPerBlock=1024, slots reserved=4294967296 bytes
[Subsystems] Discovering subsystems at path /Applications/Unity/Hub/Editor/6000.6.0f1/Unity.app/Contents/Resources/UnitySubsystems
[Subsystems] Discovering subsystems at path /Users/dawsonblock/unity/My project (7)/Assets
Forcing GfxDevice: Null
GfxDevice: creating device client; kGfxThreadingModeNonThreaded
NullGfxDevice:
    Version:  NULL 1.0 [1.0]
    Renderer: Null Device
    Vendor:   Unity Technologies
Initialize mono
Mono path[0] = '/Applications/Unity/Hub/Editor/6000.6.0f1/Unity.app/Contents/Resources/Scripting/Managed'
Mono path[1] = '/Applications/Unity/Hub/Editor/6000.6.0f1/Unity.app/Contents/Resources/Scripting/BCLExtensions/runtime/netstandard2.1'
Mono path[2] = '/Applications/Unity/Hub/Editor/6000.6.0f1/Unity.app/Contents/Resources/Scripting/MonoBleedingEdge/lib/mono/unityjit-macos'
Mono config path = '/Applications/Unity/Hub/Editor/6000.6.0f1/Unity.app/Contents/Resources/Scripting/MonoBleedingEdge/etc'
Using monoOptions --debugger-agent=transport=dt_socket,embedding=1,server=y,suspend=n,address=127.0.0.1:56677
CodeReloadManager initialized
ImportWorker Server TCP listen port: 0
AcceleratorClientConnectionCallback - disconnected - :0
Begin MonoManager ReloadAssembly
Registering precompiled unity dll's ...
Register platform support module: /Applications/Unity/Hub/Editor/6000.6.0f1/PlaybackEngines/MacStandaloneSupport/UnityEditor.OSXStandalone.Extensions.dll
Registered in 0.000820 seconds.
Native extension for OSXStandalone target not found
Package Manager log level set to [2]
ScheduleIndexationOnStartup MainProcess:False IndexOnStartup:True
Scripting: successfully reloaded assembly
- Finished resetting the current domain, in  1.335 seconds
Domain Reload Profiling: 1934ms
	BeginReloadAssembly (211ms)
		CreateAndSetChildDomain (11ms)
	RebuildCommonClasses (7ms)
	RebuildNativeTypeToScriptingClass (25ms)
	initialDomainReloadingComplete (77ms)
	LoadAllAssembliesAndSetupDomain (277ms)
		LoadAssemblies (199ms)
		TypeCache.Refresh (186ms)
			TypeCache.ScanAssembly (172ms)
		AnalyzeDomain (1ms)
	FinalizeReload (1336ms)
		SetupLoadedEditorAssemblies (0ms)
			InitializePlatformSupportModulesInManaged (3ms)
			BeforeProcessingInitializeOnLoad (117ms)
			ProcessInitializeOnLoadAttributes (99ms)
			ProcessInitializeOnLoadMethodAttributes (860ms)
			EditorAssembliesLoaded (4ms)
[Licensing::Client] Successfully resolved entitlement details
Application.AssetDatabase Initial Refresh Start
[Package Manager] Restoring resolved packages state from cache
[Licensing::Client] Successfully resolved entitlement details
[Package Manager] Registered 76 packages:
  Packages from [https://packages.unity.com]:
    com.unity.ai.assistant@2.19.0-pre.2 (location: /Users/dawsonblock/unity/My project (7)/Library/PackageCache/com.unity.ai.assistant@8d1e3e89e3a7)
    com.unity.ai.navigation@2.0.14 (location: /Users/dawsonblock/unity/My project (7)/Library/PackageCache/com.unity.ai.navigation@134dd6a3b97b)
    com.unity.asset-manager-for-unity@1.11.0 (location: /Users/dawsonblock/unity/My project (7)/Library/PackageCache/com.unity.asset-manager-for-unity@71c49222cba8)
    com.unity.behavior@1.0.16 (location: /Users/dawsonblock/unity/My project (7)/Library/PackageCache/com.unity.behavior@1b9c0eccba9c)
    com.unity.inputsystem@1.20.0 (location: /Users/dawsonblock/unity/My project (7)/Library/PackageCache/com.unity.inputsystem@7a4e1a2a8194)
    com.unity.pipeline@0.7.0-exp.1 (location: /Users/dawsonblock/unity/My project (7)/Library/PackageCache/com.unity.pipeline@ab05e9cd7f74)
    com.unity.services.cloud-build@2.0.8 (location: /Users/dawsonblock/unity/My project (7)/Library/PackageCache/com.unity.services.cloud-build@235f37f57c39)
    com.unity.services.tooling@1.4.1 (location: /Users/dawsonblock/unity/My project (7)/Library/PackageCache/com.unity.services.tooling@4059a0fcc8b5)
    com.unity.services.core@1.18.0 (location: /Users/dawsonblock/unity/My project (7)/Library/PackageCache/com.unity.services.core@3464cb68d709)
    com.unity.services.deployment@1.7.2 (location: /Users/dawsonblock/unity/My project (7)/Library/PackageCache/com.unity.services.deployment@c07c64f9804b)
    com.unity.services.authentication@3.7.4 (location: /Users/dawsonblock/unity/My project (7)/Library/PackageCache/com.unity.services.authentication@39eab783227c)
    com.unity.collab-proxy@2.13.6 (location: /Users/dawsonblock/unity/My project (7)/Library/PackageCache/com.unity.collab-proxy@4628d2ba6ea4)
    com.unity.nuget.newtonsoft-json@3.2.2 (location: /Users/dawsonblock/unity/My project (7)/Library/PackageCache/com.unity.nuget.newtonsoft-json@4dfd81071c64)
    com.unity.nuget.mono-cecil@1.11.6 (location: /Users/dawsonblock/unity/My project (7)/Library/PackageCache/com.unity.nuget.mono-cecil@ecb9724e46ff)
    com.unity.probuilder@6.1.2 (location: /Users/dawsonblock/unity/My project (7)/Library/PackageCache/com.unity.probuilder@8be9724b2335)
    com.unity.formats.fbx@5.1.6 (location: /Users/dawsonblock/unity/My project (7)/Library/PackageCache/com.unity.formats.fbx@9f10493e557a)
    com.unity.terrain-tools@5.3.3 (location: /Users/dawsonblock/unity/My project (7)/Library/PackageCache/com.unity.terrain-tools@7c2b357ea7bd)
    com.unity.visualscripting@1.9.12 (location: /Users/dawsonblock/unity/My project (7)/Library/PackageCache/com.unity.visualscripting@4edfcc09512f)
    com.unity.ide.visualstudio@2.0.28 (location: /Users/dawsonblock/unity/My project (7)/Library/PackageCache/com.unity.ide.visualstudio@b5edea5f33f4)
    com.unity.ide.rider@3.0.40 (location: /Users/dawsonblock/unity/My project (7)/Library/PackageCache/com.unity.ide.rider@e4950c6d131b)
    com.unity.performance.profile-analyzer@1.4.0 (location: /Users/dawsonblock/unity/My project (7)/Library/PackageCache/com.unity.performance.profile-analyzer@2bb26871883c)
    com.unity.testtools.codecoverage@1.3.0 (location: /Users/dawsonblock/unity/My project (7)/Library/PackageCache/com.unity.testtools.codecoverage@19a841221620)
    com.unity.dt.app-ui@2.1.11 (location: /Users/dawsonblock/unity/My project (7)/Library/PackageCache/com.unity.dt.app-ui@cd5609b130ce)
    com.unity.settings-manager@2.1.1 (location: /Users/dawsonblock/unity/My project (7)/Library/PackageCache/com.unity.settings-manager@0b8638c5ce86)
    com.unity.services.deployment.api@1.1.3 (location: /Users/dawsonblock/unity/My project (7)/Library/PackageCache/com.unity.services.deployment.api@9becf6da0f1a)
    com.unity.searcher@4.9.5 (location: /Users/dawsonblock/unity/My project (7)/Library/PackageCache/com.unity.searcher@a463122f2c00)
    com.unity.profiling.core@1.0.3 (location: /Users/dawsonblock/unity/My project (7)/Library/PackageCache/com.unity.profiling.core@8a49f7027d06)
    com.unity.scriptablebuildpipeline@3.0.3 (location: /Users/dawsonblock/unity/My project (7)/Library/PackageCache/com.unity.scriptablebuildpipeline@61526b33bf2c)
    com.autodesk.fbx@5.1.3 (location: /Users/dawsonblock/unity/My project (7)/Library/PackageCache/com.autodesk.fbx@90432ec06ab5)
    com.unity.splines@2.9.0 (location: /Users/dawsonblock/unity/My project (7)/Library/PackageCache/com.unity.splines@e6e1d5900acc)
  Built-in packages:
    com.unity.feature.characters-animation@1.0.0 (location: /Users/dawsonblock/unity/My project (7)/Library/PackageCache/com.unity.feature.characters-animation@62cc2ae02a69)
    com.unity.feature.development@1.0.2 (location: /Users/dawsonblock/unity/My project (7)/Library/PackageCache/com.unity.feature.development@767aadbc6eb7)
    com.unity.feature.gameplay-storytelling@1.0.0 (location: /Users/dawsonblock/unity/My project (7)/Library/PackageCache/com.unity.feature.gameplay-storytelling@16ce2b9ee1fa)
    com.unity.feature.worldbuilding@1.0.1 (location: /Users/dawsonblock/unity/My project (7)/Library/PackageCache/com.unity.feature.worldbuilding@24d016240bb6)
    com.unity.physics@6.6.0 (location: /Users/dawsonblock/unity/My project (7)/Library/PackageCache/com.unity.physics@8398ae658385)
    com.unity.render-pipelines.universal@17.6.0 (location: /Users/dawsonblock/unity/My project (7)/Library/PackageCache/com.unity.render-pipelines.universal@8457e85b8184)
    com.unity.test-framework@1.8.0 (location: /Users/dawsonblock/unity/My project (7)/Library/PackageCache/com.unity.test-framework@7a3849e09bd0)
    com.unity.timeline@6.6.0 (location: /Users/dawsonblock/unity/My project (7)/Library/PackageCache/com.unity.timeline@281d5f7e7d7d)
    com.unity.ugui@2.6.0 (location: /Users/dawsonblock/unity/My project (7)/Library/PackageCache/com.unity.ugui@23caec89ae27)
    com.unity.ui.test-framework@6.6.0 (location: /Users/dawsonblock/unity/My project (7)/Library/PackageCache/com.unity.ui.test-framework@4c9182418ce9)
    com.unity.modules.assetbundle@1.0.0 (location: /Users/dawsonblock/unity/My project (7)/Library/PackageCache/com.unity.modules.assetbundle)
    com.unity.modules.hierarchy@1.0.0 (location: /Users/dawsonblock/unity/My project (7)/Library/PackageCache/com.unity.modules.hierarchy)
    com.unity.modules.hierarchycore@1.0.0 (location: /Users/dawsonblock/unity/My project (7)/Library/PackageCache/com.unity.modules.hierarchycore)
    com.unity.modules.uielements@1.0.0 (location: /Users/dawsonblock/unity/My project (7)/Library/PackageCache/com.unity.modules.uielements)
    com.unity.modules.imgui@1.0.0 (location: /Users/dawsonblock/unity/My project (7)/Library/PackageCache/com.unity.modules.imgui)
    com.unity.ext.nunit@2.1.0 (location: /Users/dawsonblock/unity/My project (7)/Library/PackageCache/com.unity.ext.nunit@0198eae3b53e)
    com.unity.modules.ui@1.0.0 (location: /Users/dawsonblock/unity/My project (7)/Library/PackageCache/com.unity.modules.ui)
    com.unity.modules.audio@1.0.0 (location: /Users/dawsonblock/unity/My project (7)/Library/PackageCache/com.unity.modules.audio)
    com.unity.modules.physics2d@1.0.0 (location: /Users/dawsonblock/unity/My project (7)/Library/PackageCache/com.unity.modules.physics2d)
    com.unity.modules.physics@1.0.0 (location: /Users/dawsonblock/unity/My project (7)/Library/PackageCache/com.unity.modules.physics)
    com.unity.modules.director@1.0.0 (location: /Users/dawsonblock/unity/My project (7)/Library/PackageCache/com.unity.modules.director)
    com.unity.modules.animation@1.0.0 (location: /Users/dawsonblock/unity/My project (7)/Library/PackageCache/com.unity.modules.animation)
    com.unity.modules.particlesystem@1.0.0 (location: /Users/dawsonblock/unity/My project (7)/Library/PackageCache/com.unity.modules.particlesystem)
    com.unity.modules.jsonserialize@1.0.0 (location: /Users/dawsonblock/unity/My project (7)/Library/PackageCache/com.unity.modules.jsonserialize)
    com.unity.render-pipelines.core@17.6.0 (location: /Users/dawsonblock/unity/My project (7)/Library/PackageCache/com.unity.render-pipelines.core@2d66c71e606e)
    com.unity.shadergraph@17.6.0 (location: /Users/dawsonblock/unity/My project (7)/Library/PackageCache/com.unity.shadergraph@ef6135652377)
    com.unity.render-pipelines.universal-config@17.6.0 (location: /Users/dawsonblock/unity/My project (7)/Library/PackageCache/com.unity.render-pipelines.universal-config@561422b74439)
    com.unity.modules.screencapture@1.0.0 (location: /Users/dawsonblock/unity/My project (7)/Library/PackageCache/com.unity.modules.screencapture)
    com.unity.burst@2.0.0 (location: /Users/dawsonblock/unity/My project (7)/Library/PackageCache/com.unity.burst@626e66ab421b)
    com.unity.collections@6.6.0 (location: /Users/dawsonblock/unity/My project (7)/Library/PackageCache/com.unity.collections@10fff0607388)
    com.unity.mathematics@1.4.0 (location: /Users/dawsonblock/unity/My project (7)/Library/PackageCache/com.unity.mathematics@8306a64d0cd6)
    com.unity.entities@6.6.0 (location: /Users/dawsonblock/unity/My project (7)/Library/PackageCache/com.unity.entities@c93940ddb5ae)
    com.unity.cinemachine@6.6.0 (location: /Users/dawsonblock/unity/My project (7)/Library/PackageCache/com.unity.cinemachine@f53aa49b3acc)
    com.unity.editorcoroutines@6.6.0 (location: /Users/dawsonblock/unity/My project (7)/Library/PackageCache/com.unity.editorcoroutines@8cd72baa102a)
    com.unity.animation.rigging@6.6.0 (location: /Users/dawsonblock/unity/My project (7)/Library/PackageCache/com.unity.animation.rigging@0adf8836e3b4)
    com.unity.modules.ai@1.0.0 (location: /Users/dawsonblock/unity/My project (7)/Library/PackageCache/com.unity.modules.ai)
    com.unity.modules.unitywebrequest@1.0.0 (location: /Users/dawsonblock/unity/My project (7)/Library/PackageCache/com.unity.modules.unitywebrequest)
    com.unity.2d.sprite@1.0.0 (location: /Users/dawsonblock/unity/My project (7)/Library/PackageCache/com.unity.2d.sprite@947350d67f82)
    com.unity.modules.physicscore2d@1.0.0 (location: /Users/dawsonblock/unity/My project (7)/Library/PackageCache/com.unity.modules.physicscore2d)
    com.unity.modules.androidjni@1.0.0 (location: /Users/dawsonblock/unity/My project (7)/Library/PackageCache/com.unity.modules.androidjni)
    com.unity.graph-authoring@1.0.0 (location: /Users/dawsonblock/unity/My project (7)/Library/PackageCache/com.unity.graph-authoring@cfd2588851ee)
    com.unity.modules.imageconversion@1.0.0 (location: /Users/dawsonblock/unity/My project (7)/Library/PackageCache/com.unity.modules.imageconversion)
    com.unity.test-framework.performance@6.6.0 (location: /Users/dawsonblock/unity/My project (7)/Library/PackageCache/com.unity.test-framework.performance@0a60b857a52e)
    com.unity.modules.unityanalytics@1.0.0 (location: /Users/dawsonblock/unity/My project (7)/Library/PackageCache/com.unity.modules.unityanalytics)
    com.unity.modules.terrain@1.0.0 (location: /Users/dawsonblock/unity/My project (7)/Library/PackageCache/com.unity.modules.terrain)
    com.unity.modules.terrainphysics@1.0.0 (location: /Users/dawsonblock/unity/My project (7)/Library/PackageCache/com.unity.modules.terrainphysics)
[Subsystems] No new subsystems found in resolved package list.
[Package Manager] Done registering packages in 0.02 seconds
Assembly reference Packages/com.unity.cinemachine/Editor/Samples/ExposeHDRPInternals/HDRP-Editor-ref.asmref has no target assembly definition
Assembly reference Packages/com.unity.entities/Unity.Scenes.Editor/Internals/Properties/Unity.Properties.Internals.asmref has no target assembly definition
Assembly reference Packages/com.unity.cinemachine/Editor/Samples/ExposeHDRPInternals/HDRP-Editor-ref.asmref has no target assembly definition
Assembly reference Packages/com.unity.entities/Unity.Scenes.Editor/Internals/Properties/Unity.Properties.Internals.asmref has no target assembly definition
Starting: /Applications/Unity/Hub/Editor/6000.6.0f1/Unity.app/Contents/Resources/BuildPipeline/bee_backend --ipc --defer-dag-verification --dagfile="Library/Bee/200b0aE.dag" --continue-on-failure --profile="Library/Bee/backend1.traceevents" ScriptAssemblies
WorkingDir: /Users/dawsonblock/unity/My project (7)
DisplayProgressbar: Compiling Scripts
warn: Unity.ILPP.Runner.PostProcessingAssemblyLoadContext[0]
      Assembly system.runtime.interopservices.windowsruntime has duplicate hint path. Ignoring "/Applications/Unity/Hub/Editor/6000.6.0f1/Unity.app/Contents/Resources/Scripting/NetStandard/Extensions/2.0.0/System.Runtime.InteropServices.WindowsRuntime.dll" in favor of "/Applications/Unity/Hub/Editor/6000.6.0f1/Unity.app/Contents/Resources/Scripting/UnityReferenceAssemblies/unity-4.8-api/Facades/System.Runtime.InteropServices.WindowsRuntime.dll"
warn: Unity.ILPP.Runner.PostProcessingAssemblyLoadContext[0]
      Assembly system.componentmodel.composition has duplicate hint path. Ignoring "/Applications/Unity/Hub/Editor/6000.6.0f1/Unity.app/Contents/Resources/Scripting/NetStandard/compat/2.1.0/shims/netfx/System.ComponentModel.Composition.dll" in favor of "/Applications/Unity/Hub/Editor/6000.6.0f1/Unity.app/Contents/Resources/Scripting/UnityReferenceAssemblies/unity-4.8-api/System.ComponentModel.Composition.dll"
ExitCode: 0 Duration: 2s774ms
[1686/2631  0s] ILPP-Configuration Library/ilpp-configuration.nevergeneratedoutput
*** Tundra build success (2.74 seconds), 1 items updated, 2631 evaluated
Total cache size 268375992
Total cache size after purge 268375992, took 00:00:00.1708450
AssetDatabase: script compilation time: 4.622801s
Begin MonoManager ReloadAssembly
Symbol file LoadedFromMemory is not a mono symbol file
Assembly reference Packages/com.unity.cinemachine/Editor/Samples/ExposeHDRPInternals/HDRP-Editor-ref.asmref has no target assembly definition
Assembly reference Packages/com.unity.entities/Unity.Scenes.Editor/Internals/Properties/Unity.Properties.Internals.asmref has no target assembly definition
'Packages/com.unity.render-pipelines.core/Editor/Deprecated.cs' contains partial class of Unity.Object, exactly 1 of the partial classes needs to be in a file with the same filename. This is to know the one that can be referenced from ie. GameObjects
'Packages/com.unity.render-pipelines.core/Editor/Deprecated.cs' contains partial class of Unity.Object, exactly 1 of the partial classes needs to be in a file with the same filename. This is to know the one that can be referenced from ie. GameObjects
'Packages/com.unity.cinemachine/Editor/Editors/CinemachineVirtualCameraBaseEditor.cs' contains partial class of Unity.Object, exactly 1 of the partial classes needs to be in a file with the same filename. This is to know the one that can be referenced from ie. GameObjects
'Packages/com.unity.cinemachine/Editor/Obsolete/CinemachineVirtualCameraBaseEditor.cs' contains partial class of Unity.Object, exactly 1 of the partial classes needs to be in a file with the same filename. This is to know the one that can be referenced from ie. GameObjects
Refreshing native plugins compatible for Editor in 8.92 ms, found 5 plugins.
Native extension for OSXStandalone target not found
Refreshing native plugins compatible for Editor in 2.64 ms, found 5 plugins.
[MODES] ModeService[none].Initialize
[MODES] ModeService[none].LoadModes
[MODES] Loading mode Default (0) for mode-current-id-Escape the Elites
TypeManager.Initialize took: 120ms
Start HTTP server: port:7800
[Licensing::Client] Error: Code 404 while processing request (status: Found 0 entitlement groups and 0 free entitlements matching requested entitlement ids)
[Licensing::Client] Error: Code 404 while processing request (status: Found 0 entitlement groups and 0 free entitlements matching requested entitlement ids)
[Licensing::Client] Error: Code 404 while processing request (status: Found 0 entitlement groups and 0 free entitlements matching requested entitlement ids)
ScheduleIndexationOnStartup MainProcess:True IndexOnStartup:True
Scripting: successfully reloaded assembly
[Idle]
UnityEngine.Debug:ExtractStackTraceNoAlloc (byte*,int,string)
UnityEngine.StackTraceUtility:ExtractStackTrace () (at /Users/bokken/build/output/unity/unity/Runtime/Export/Scripting/StackTrace.cs:23)
UnityEngine.DebugLogHandler:Internal_Log (UnityEngine.LogType,UnityEngine.LogOption,string,UnityEngine.Object)
UnityEngine.DebugLogHandler:LogFormat (UnityEngine.LogType,UnityEngine.Object,string,object[])
UnityEngine.Logger:Log (UnityEngine.LogType,object)
UnityEngine.Debug:Log (object)
Unity.AI.Tracing.ConsoleSink:LogToConsole (string,string,System.Exception) (at ./Library/PackageCache/com.unity.ai.assistant@8d1e3e89e3a7/Modules/Unity.AI.Tracing/TraceSinks.cs:313)
Unity.AI.Tracing.ConsoleSink:Write (Unity.AI.Tracing.TraceEvent) (at ./Library/PackageCache/com.unity.ai.assistant@8d1e3e89e3a7/Modules/Unity.AI.Tracing/TraceSinks.cs:277)
Unity.AI.Tracing.TraceWriter:WriteEventInternal (string,string,Unity.AI.Tracing.TraceEventOptions,string,System.Nullable`1<int>) (at ./Library/PackageCache/com.unity.ai.assistant@8d1e3e89e3a7/Modules/Unity.AI.Tracing/TraceWriter.cs:373)
Unity.AI.Tracing.TraceWriter:Event (string,Unity.AI.Tracing.TraceEventOptions) (at ./Library/PackageCache/com.unity.ai.assistant@8d1e3e89e3a7/Modules/Unity.AI.Tracing/TraceWriter.cs:297)
Unity.AI.Tracing.TraceLogger:Emit (string,string,string,string,Unity.AI.Tracing.TraceEventOptions,object,System.Exception) (at ./Library/PackageCache/com.unity.ai.assistant@8d1e3e89e3a7/Modules/Unity.AI.Tracing/TraceLogger.cs:105)
Unity.AI.Tracing.TraceLogger:Info (string,string,string,Unity.AI.Tracing.TraceEventOptions) (at ./Library/PackageCache/com.unity.ai.assistant@8d1e3e89e3a7/Modules/Unity.AI.Tracing/TraceLogger.cs:35)
Unity.AI.MCP.Editor.Helpers.McpLog:Log (string,Unity.AI.Tracing.TraceEventOptions) (at ./Library/PackageCache/com.unity.ai.assistant@8d1e3e89e3a7/Modules/Unity.AI.MCP.Editor/Helpers/McpLog.cs:15)
Unity.AI.MCP.Editor.Bridge:LogBreadcrumb (string) (at ./Library/PackageCache/com.unity.ai.assistant@8d1e3e89e3a7/Modules/Unity.AI.MCP.Editor/Bridge.cs:2055)
Unity.AI.MCP.Editor.Bridge:OnAfterAssemblyReload () (at ./Library/PackageCache/com.unity.ai.assistant@8d1e3e89e3a7/Modules/Unity.AI.MCP.Editor/Bridge.cs:1899)
UnityEditor.AssemblyReloadEvents:OnAfterAssemblyReload () (at /Users/bokken/build/output/unity/unity/Editor/Mono/AssemblyReloadEvents.cs:43)

(Filename: ./Library/PackageCache/com.unity.ai.assistant@8d1e3e89e3a7/Modules/Unity.AI.Tracing/TraceSinks.cs Line: 313)

- Finished resetting the current domain, in  3.338 seconds
Domain Reload Profiling: 5201ms
	BeginReloadAssembly (323ms)
		DisableScriptedObjects (106ms)
		CreateAndSetChildDomain (62ms)
	RebuildCommonClasses (7ms)
	RebuildNativeTypeToScriptingClass (13ms)
	initialDomainReloadingComplete (92ms)
	LoadAllAssembliesAndSetupDomain (1428ms)
		LoadAssemblies (705ms)
		TypeCache.Refresh (486ms)
			TypeCache.ScanAssembly (449ms)
		AnalyzeDomain (124ms)
			BuildScriptInfoCaches (117ms)
			ResolveRequiredComponents (5ms)
	FinalizeReload (3339ms)
		SetupLoadedEditorAssemblies (0ms)
			LogAssemblyErrors (3ms)
			BeforeProcessingInitializeOnLoad (125ms)
			ProcessInitializeOnLoadAttributes (2022ms)
			ProcessInitializeOnLoadMethodAttributes (716ms)
			EditorAssembliesLoaded (7ms)
		AwakeInstancesAfterBackupRestoration (19ms)
Starting new worker id: 0 with log in /Users/dawsonblock/unity/My project (7)/Logs/AssetImportWorkerHW0.log

Asset Pipeline Refresh (id=e98ccab59253d406e926999df4e0f099): Total: 13.549 seconds - Initiated by InitialRefreshV2(ForceSynchronousImport)
	(Values over 0.05ms)
	Summary:
		Imports: total=0 (actual=0, local cache=0, cache server=0)
		Asset DB Process Time: managed=0 ms, native=6530 ms
		Asset DB Callback time: managed=210 ms, native=24 ms
		Scripting: domain reloads=1, domain reload time=1985 ms, compile time=4630 ms, other=166 ms
		Project Asset Count: scripts=3626, non-scripts=7904
		Asset File Changes: new=0, changed=0, moved=0, deleted=0
		Scan Filter Count: 1
	InvokePackagesCallback: 26.023ms
	ApplyChangesToAssetFolders: 0.576ms
	Scan: 2134.304ms
	Collect global state as custom dependencies: 16.880ms
	CategorizeScriptCompilationAssets: 185.439ms
	ProcessAssetsWithTransientArtifactChanges: 137.310ms
	CategorizeAssets: 210.514ms
	CompileScripts: 4630.430ms
	ImportOutOfDateAssets: 3384.747ms (3364.368ms without children)
		ReloadNativeAssets: 0.078ms
		UnloadImportedAssets: 14.511ms
		EnsureUptoDateAssetsAreRegisteredWithGuidPM: 3.023ms
		ImportSchedulerStart: 2.755ms
	PostProcessAllAssets: 210.885ms
		MonoPostProcessAllAssets: 210.814ms
			AssetPostprocessorProxy.OnPostprocessAllAssets 33.827ms
			UniversalRenderPipelineGlobalSettingsPostprocessor.OnPostprocessAllAssets 16.432ms
			SyncVS.PostprocessSyncProject 6.077ms
			GraphRefreshPostprocessor.OnPostprocessAllAssets 3.397ms
			EditModeScopePostprocessor.OnPostprocessAllAssets 2.778ms
			WindowAssetPostprocessingWatcher.OnPostprocessAllAssets 2.721ms
			SpeedTree9Postprocessor.OnPostprocessAllAssets 0.824ms
			RenderPipelineGlobalSettingsPostprocessor.OnPostprocessAllAssets 0.784ms
			AssetChangeDetector.OnPostprocessAllAssets 0.776ms
			CinemachineSettings.OnPostprocessAllAssets 0.774ms
			ShaderReflectionAssetPostProcessor.OnPostprocessAllAssets 0.669ms
			ReferencedClipsPostProcessor.OnPostprocessAllAssets 0.367ms
			TerrainToolsPostprocessor.OnPostprocessAllAssets 0.229ms
			InputActionAssetPostprocessor.OnPostprocessAllAssets 0.205ms
			ProjectSettingsPostprocessor.OnPostprocessAllAssets 0.193ms
			DomainReloadProcessor.OnPostprocessAllAssets 0.186ms
			TerrainToolbarOverlayPostProcessor.OnPostprocessAllAssets 0.159ms
			AssetDatabaseCallbacks.OnPostprocessAllAssets 0.147ms
	UnloadStreamsBegin: 7.256ms
	PersistCurrentRevisions: 0.301ms
	GenerateScriptTypeHashes: 6.617ms
	GenerateScriptTypeSerializationHashes: 12.064ms
	Untracked: 2601.385ms

Application.AssetDatabase Initial Refresh End
Shader Hidden/ChartRasterizerHardware is not supported: GPU does not support conservative rasterization
Shader Hidden/ChartRasterizerHardware is not supported: GPU does not support conservative rasterization
Scanning for USB devices : 0.049ms
Initializing Unity extensions:
Unloading 80 Unused Serialized files (Serialized files now loaded: 0)
Unloading 15596 unused Assets / (4.3 MB). Loaded Objects now: 16643.
Memory consumption went from 403.4 MB to 399.1 MB.
Total: 74.191084 ms (FindLiveObjects: 1.582375 ms CreateObjectMapping: 2.280458 ms MarkObjects: 58.023958 ms  DeleteObjects: 11.556917 ms)

[Project] Loading completed in 19.811 seconds
	Project init time: 				18.692 seconds
		Template init time: 		0.000 seconds
		Package Manager init time: 		0.426 seconds
		Asset Database init time: 		1.330 seconds
		Global illumination init time: 	0.001 seconds
		Assemblies load time: 			1.982 seconds
		Unity extensions init time: 	0.041 seconds
		Asset Database refresh time: 	13.552 seconds
	Scene opening time: 			0.288 seconds
##utp:{"type":"ProjectInfo","version":2,"phase":"Immediate","time":1789808756206,"processId":51677,"projectLoad":19.811007042000004,"projectInit":18.692283166,"templateInit":0.0,"packageManagerInit":0.42566775,"assetDatabaseInit":1.330219125,"globalIlluminationInit":0.001353541,"assembliesLoad":1.982146417,"unityExtensionsInit":0.040814166,"assetDatabaseRefresh":13.55232375,"sceneOpening":0.288303083}
##utp:{"type":"EditorInfo","version":2,"phase":"Immediate","time":1789808756206,"processId":51677,"editorVersion":"6000.6.0f1 (f7f8ed4d1e24)","branch":"6000.6/respin/6000.6.0f1-fa21a270ab12","buildType":"Release","platform":"OSX"}
[Licensing::Client] Error: Code 404 while processing request (status: Found 0 entitlement groups and 0 free entitlements matching requested entitlement ids)
[Licensing::Client] Error: Code 404 while processing request (status: Found 0 entitlement groups and 0 free entitlements matching requested entitlement ids)
[Licensing::Client] Successfully resolved entitlement details
[Licensing::Client] Successfully resolved entitlement details
Running tests for ExecutionSettings with details:
targetPlatform = 
playerHeartbeatTimeout = 600
filters[0] = 
   Filter with settings:
   testMode = PlayMode
   targetPlatform = 
   testNames = null
   groupNames = null
   categoryNames = null
   assemblyNames = null
ignoreTests = {}
featureFlags = null

UnityEngine.Debug:ExtractStackTraceNoAlloc (byte*,int,string)
UnityEngine.StackTraceUtility:ExtractStackTrace () (at /Users/bokken/build/output/unity/unity/Runtime/Export/Scripting/StackTrace.cs:23)
UnityEngine.DebugLogHandler:Internal_Log (UnityEngine.LogType,UnityEngine.LogOption,string,UnityEngine.Object)
UnityEngine.DebugLogHandler:LogFormat (UnityEngine.LogType,UnityEngine.Object,string,object[])
UnityEngine.Logger:Log (UnityEngine.LogType,object)
UnityEngine.Debug:Log (object)
UnityEditor.TestTools.TestRunner.CommandLineTest.Executer:InitializeAndExecuteRun (string[]) (at ./Library/PackageCache/com.unity.test-framework@7a3849e09bd0/UnityEditor.TestRunner/CommandLineTest/Executer.cs:53)
UnityEditor.TestTools.TestRunner.CommandLineTest.TestStarter:InitializeAndExecuteRun () (at ./Library/PackageCache/com.unity.test-framework@7a3849e09bd0/UnityEditor.TestRunner/CommandLineTest/TestStarter.cs:64)
UnityEditor.EditorApplication:Internal_CallUpdateFunctions () (at /Users/bokken/build/output/unity/unity/Editor/Mono/EditorApplication.cs:413)

(Filename: ./Library/PackageCache/com.unity.test-framework@7a3849e09bd0/UnityEditor.TestRunner/CommandLineTest/Executer.cs Line: 53)

[Start]
UnityEngine.Debug:ExtractStackTraceNoAlloc (byte*,int,string)
UnityEngine.StackTraceUtility:ExtractStackTrace () (at /Users/bokken/build/output/unity/unity/Runtime/Export/Scripting/StackTrace.cs:23)
UnityEngine.DebugLogHandler:Internal_Log (UnityEngine.LogType,UnityEngine.LogOption,string,UnityEngine.Object)
UnityEngine.DebugLogHandler:LogFormat (UnityEngine.LogType,UnityEngine.Object,string,object[])
UnityEngine.Logger:Log (UnityEngine.LogType,object)
UnityEngine.Debug:Log (object)
Unity.AI.Tracing.ConsoleSink:LogToConsole (string,string,System.Exception) (at ./Library/PackageCache/com.unity.ai.assistant@8d1e3e89e3a7/Modules/Unity.AI.Tracing/TraceSinks.cs:313)
Unity.AI.Tracing.ConsoleSink:Write (Unity.AI.Tracing.TraceEvent) (at ./Library/PackageCache/com.unity.ai.assistant@8d1e3e89e3a7/Modules/Unity.AI.Tracing/TraceSinks.cs:277)
Unity.AI.Tracing.TraceWriter:WriteEventInternal (string,string,Unity.AI.Tracing.TraceEventOptions,string,System.Nullable`1<int>) (at ./Library/PackageCache/com.unity.ai.assistant@8d1e3e89e3a7/Modules/Unity.AI.Tracing/TraceWriter.cs:373)
Unity.AI.Tracing.TraceWriter:Event (string,Unity.AI.Tracing.TraceEventOptions) (at ./Library/PackageCache/com.unity.ai.assistant@8d1e3e89e3a7/Modules/Unity.AI.Tracing/TraceWriter.cs:297)
Unity.AI.Tracing.TraceLogger:Emit (string,string,string,string,Unity.AI.Tracing.TraceEventOptions,object,System.Exception) (at ./Library/PackageCache/com.unity.ai.assistant@8d1e3e89e3a7/Modules/Unity.AI.Tracing/TraceLogger.cs:105)
Unity.AI.Tracing.TraceLogger:Info (string,string,string,Unity.AI.Tracing.TraceEventOptions) (at ./Library/PackageCache/com.unity.ai.assistant@8d1e3e89e3a7/Modules/Unity.AI.Tracing/TraceLogger.cs:35)
Unity.AI.MCP.Editor.Helpers.McpLog:Log (string,Unity.AI.Tracing.TraceEventOptions) (at ./Library/PackageCache/com.unity.ai.assistant@8d1e3e89e3a7/Modules/Unity.AI.MCP.Editor/Helpers/McpLog.cs:15)
Unity.AI.MCP.Editor.Bridge:LogBreadcrumb (string) (at ./Library/PackageCache/com.unity.ai.assistant@8d1e3e89e3a7/Modules/Unity.AI.MCP.Editor/Bridge.cs:2055)
Unity.AI.MCP.Editor.Bridge:Start () (at ./Library/PackageCache/com.unity.ai.assistant@8d1e3e89e3a7/Modules/Unity.AI.MCP.Editor/Bridge.cs:279)
Unity.AI.MCP.Editor.Bridge:EnsureStartedOnEditorIdle () (at ./Library/PackageCache/com.unity.ai.assistant@8d1e3e89e3a7/Modules/Unity.AI.MCP.Editor/Bridge.cs:454)
UnityEditor.EditorApplication:Internal_CallUpdateFunctions () (at /Users/bokken/build/output/unity/unity/Editor/Mono/EditorApplication.cs:413)

(Filename: ./Library/PackageCache/com.unity.ai.assistant@8d1e3e89e3a7/Modules/Unity.AI.Tracing/TraceSinks.cs Line: 313)

Set umask to 077 for secure socket creation
UnityEngine.Debug:ExtractStackTraceNoAlloc (byte*,int,string)
UnityEngine.StackTraceUtility:ExtractStackTrace () (at /Users/bokken/build/output/unity/unity/Runtime/Export/Scripting/StackTrace.cs:23)
UnityEngine.DebugLogHandler:Internal_Log (UnityEngine.LogType,UnityEngine.LogOption,string,UnityEngine.Object)
UnityEngine.DebugLogHandler:LogFormat (UnityEngine.LogType,UnityEngine.Object,string,object[])
UnityEngine.Logger:Log (UnityEngine.LogType,object)
UnityEngine.Debug:Log (object)
Unity.AI.Tracing.ConsoleSink:LogToConsole (string,string,System.Exception) (at ./Library/PackageCache/com.unity.ai.assistant@8d1e3e89e3a7/Modules/Unity.AI.Tracing/TraceSinks.cs:313)
Unity.AI.Tracing.ConsoleSink:Write (Unity.AI.Tracing.TraceEvent) (at ./Library/PackageCache/com.unity.ai.assistant@8d1e3e89e3a7/Modules/Unity.AI.Tracing/TraceSinks.cs:277)
Unity.AI.Tracing.TraceWriter:WriteEventInternal (string,string,Unity.AI.Tracing.TraceEventOptions,string,System.Nullable`1<int>) (at ./Library/PackageCache/com.unity.ai.assistant@8d1e3e89e3a7/Modules/Unity.AI.Tracing/TraceWriter.cs:373)
Unity.AI.Tracing.TraceWriter:Event (string,Unity.AI.Tracing.TraceEventOptions) (at ./Library/PackageCache/com.unity.ai.assistant@8d1e3e89e3a7/Modules/Unity.AI.Tracing/TraceWriter.cs:297)
Unity.AI.Tracing.TraceLogger:Emit (string,string,string,string,Unity.AI.Tracing.TraceEventOptions,object,System.Exception) (at ./Library/PackageCache/com.unity.ai.assistant@8d1e3e89e3a7/Modules/Unity.AI.Tracing/TraceLogger.cs:105)
Unity.AI.Tracing.TraceLogger:Info (string,string,string,Unity.AI.Tracing.TraceEventOptions) (at ./Library/PackageCache/com.unity.ai.assistant@8d1e3e89e3a7/Modules/Unity.AI.Tracing/TraceLogger.cs:35)
Unity.AI.MCP.Editor.Helpers.McpLog:Log (string,Unity.AI.Tracing.TraceEventOptions) (at ./Library/PackageCache/com.unity.ai.assistant@8d1e3e89e3a7/Modules/Unity.AI.MCP.Editor/Helpers/McpLog.cs:15)
Unity.AI.MCP.Editor.Connection.UnixSocketListener:Start (string) (at ./Library/PackageCache/com.unity.ai.assistant@8d1e3e89e3a7/Modules/Unity.AI.MCP.Editor/Connection/UnixSocketListener.cs:154)
Unity.AI.MCP.Editor.Bridge:Start () (at ./Library/PackageCache/com.unity.ai.assistant@8d1e3e89e3a7/Modules/Unity.AI.MCP.Editor/Bridge.cs:282)
Unity.AI.MCP.Editor.Bridge:EnsureStartedOnEditorIdle () (at ./Library/PackageCache/com.unity.ai.assistant@8d1e3e89e3a7/Modules/Unity.AI.MCP.Editor/Bridge.cs:454)
UnityEditor.EditorApplication:Internal_CallUpdateFunctions () (at /Users/bokken/build/output/unity/unity/Editor/Mono/EditorApplication.cs:413)

(Filename: ./Library/PackageCache/com.unity.ai.assistant@8d1e3e89e3a7/Modules/Unity.AI.Tracing/TraceSinks.cs Line: 313)

Created Unix socket with fd=93
UnityEngine.Debug:ExtractStackTraceNoAlloc (byte*,int,string)
UnityEngine.StackTraceUtility:ExtractStackTrace () (at /Users/bokken/build/output/unity/unity/Runtime/Export/Scripting/StackTrace.cs:23)
UnityEngine.DebugLogHandler:Internal_Log (UnityEngine.LogType,UnityEngine.LogOption,string,UnityEngine.Object)
UnityEngine.DebugLogHandler:LogFormat (UnityEngine.LogType,UnityEngine.Object,string,object[])
UnityEngine.Logger:Log (UnityEngine.LogType,object)
UnityEngine.Debug:Log (object)
Unity.AI.Tracing.ConsoleSink:LogToConsole (string,string,System.Exception) (at ./Library/PackageCache/com.unity.ai.assistant@8d1e3e89e3a7/Modules/Unity.AI.Tracing/TraceSinks.cs:313)
Unity.AI.Tracing.ConsoleSink:Write (Unity.AI.Tracing.TraceEvent) (at ./Library/PackageCache/com.unity.ai.assistant@8d1e3e89e3a7/Modules/Unity.AI.Tracing/TraceSinks.cs:277)
Unity.AI.Tracing.TraceWriter:WriteEventInternal (string,string,Unity.AI.Tracing.TraceEventOptions,string,System.Nullable`1<int>) (at ./Library/PackageCache/com.unity.ai.assistant@8d1e3e89e3a7/Modules/Unity.AI.Tracing/TraceWriter.cs:373)
Unity.AI.Tracing.TraceWriter:Event (string,Unity.AI.Tracing.TraceEventOptions) (at ./Library/PackageCache/com.unity.ai.assistant@8d1e3e89e3a7/Modules/Unity.AI.Tracing/TraceWriter.cs:297)
Unity.AI.Tracing.TraceLogger:Emit (string,string,string,string,Unity.AI.Tracing.TraceEventOptions,object,System.Exception) (at ./Library/PackageCache/com.unity.ai.assistant@8d1e3e89e3a7/Modules/Unity.AI.Tracing/TraceLogger.cs:105)
Unity.AI.Tracing.TraceLogger:Info (string,string,string,Unity.AI.Tracing.TraceEventOptions) (at ./Library/PackageCache/com.unity.ai.assistant@8d1e3e89e3a7/Modules/Unity.AI.Tracing/TraceLogger.cs:35)
Unity.AI.MCP.Editor.Helpers.McpLog:Log (string,Unity.AI.Tracing.TraceEventOptions) (at ./Library/PackageCache/com.unity.ai.assistant@8d1e3e89e3a7/Modules/Unity.AI.MCP.Editor/Helpers/McpLog.cs:15)
Unity.AI.MCP.Editor.Connection.UnixSocketListener:Start (string) (at ./Library/PackageCache/com.unity.ai.assistant@8d1e3e89e3a7/Modules/Unity.AI.MCP.Editor/Connection/UnixSocketListener.cs:170)
Unity.AI.MCP.Editor.Bridge:Start () (at ./Library/PackageCache/com.unity.ai.assistant@8d1e3e89e3a7/Modules/Unity.AI.MCP.Editor/Bridge.cs:282)
Unity.AI.MCP.Editor.Bridge:EnsureStartedOnEditorIdle () (at ./Library/PackageCache/com.unity.ai.assistant@8d1e3e89e3a7/Modules/Unity.AI.MCP.Editor/Bridge.cs:454)
UnityEditor.EditorApplication:Internal_CallUpdateFunctions () (at /Users/bokken/build/output/unity/unity/Editor/Mono/EditorApplication.cs:413)

(Filename: ./Library/PackageCache/com.unity.ai.assistant@8d1e3e89e3a7/Modules/Unity.AI.Tracing/TraceSinks.cs Line: 313)

Bound Unix socket to /tmp/unity-mcp-57915bc5-51677
UnityEngine.Debug:ExtractStackTraceNoAlloc (byte*,int,string)
UnityEngine.StackTraceUtility:ExtractStackTrace () (at /Users/bokken/build/output/unity/unity/Runtime/Export/Scripting/StackTrace.cs:23)
UnityEngine.DebugLogHandler:Internal_Log (UnityEngine.LogType,UnityEngine.LogOption,string,UnityEngine.Object)
UnityEngine.DebugLogHandler:LogFormat (UnityEngine.LogType,UnityEngine.Object,string,object[])
UnityEngine.Logger:Log (UnityEngine.LogType,object)
UnityEngine.Debug:Log (object)
Unity.AI.Tracing.ConsoleSink:LogToConsole (string,string,System.Exception) (at ./Library/PackageCache/com.unity.ai.assistant@8d1e3e89e3a7/Modules/Unity.AI.Tracing/TraceSinks.cs:313)
Unity.AI.Tracing.ConsoleSink:Write (Unity.AI.Tracing.TraceEvent) (at ./Library/PackageCache/com.unity.ai.assistant@8d1e3e89e3a7/Modules/Unity.AI.Tracing/TraceSinks.cs:277)
Unity.AI.Tracing.TraceWriter:WriteEventInternal (string,string,Unity.AI.Tracing.TraceEventOptions,string,System.Nullable`1<int>) (at ./Library/PackageCache/com.unity.ai.assistant@8d1e3e89e3a7/Modules/Unity.AI.Tracing/TraceWriter.cs:373)
Unity.AI.Tracing.TraceWriter:Event (string,Unity.AI.Tracing.TraceEventOptions) (at ./Library/PackageCache/com.unity.ai.assistant@8d1e3e89e3a7/Modules/Unity.AI.Tracing/TraceWriter.cs:297)
Unity.AI.Tracing.TraceLogger:Emit (string,string,string,string,Unity.AI.Tracing.TraceEventOptions,object,System.Exception) (at ./Library/PackageCache/com.unity.ai.assistant@8d1e3e89e3a7/Modules/Unity.AI.Tracing/TraceLogger.cs:105)
Unity.AI.Tracing.TraceLogger:Info (string,string,string,Unity.AI.Tracing.TraceEventOptions) (at ./Library/PackageCache/com.unity.ai.assistant@8d1e3e89e3a7/Modules/Unity.AI.Tracing/TraceLogger.cs:35)
Unity.AI.MCP.Editor.Helpers.McpLog:Log (string,Unity.AI.Tracing.TraceEventOptions) (at ./Library/PackageCache/com.unity.ai.assistant@8d1e3e89e3a7/Modules/Unity.AI.MCP.Editor/Helpers/McpLog.cs:15)
Unity.AI.MCP.Editor.Connection.UnixSocketListener:Start (string) (at ./Library/PackageCache/com.unity.ai.assistant@8d1e3e89e3a7/Modules/Unity.AI.MCP.Editor/Connection/UnixSocketListener.cs:188)
Unity.AI.MCP.Editor.Bridge:Start () (at ./Library/PackageCache/com.unity.ai.assistant@8d1e3e89e3a7/Modules/Unity.AI.MCP.Editor/Bridge.cs:282)
Unity.AI.MCP.Editor.Bridge:EnsureStartedOnEditorIdle () (at ./Library/PackageCache/com.unity.ai.assistant@8d1e3e89e3a7/Modules/Unity.AI.MCP.Editor/Bridge.cs:454)
UnityEditor.EditorApplication:Internal_CallUpdateFunctions () (at /Users/bokken/build/output/unity/unity/Editor/Mono/EditorApplication.cs:413)

(Filename: ./Library/PackageCache/com.unity.ai.assistant@8d1e3e89e3a7/Modules/Unity.AI.Tracing/TraceSinks.cs Line: 313)

Set socket permissions to 0600: /tmp/unity-mcp-57915bc5-51677
UnityEngine.Debug:ExtractStackTraceNoAlloc (byte*,int,string)
UnityEngine.StackTraceUtility:ExtractStackTrace () (at /Users/bokken/build/output/unity/unity/Runtime/Export/Scripting/StackTrace.cs:23)
UnityEngine.DebugLogHandler:Internal_Log (UnityEngine.LogType,UnityEngine.LogOption,string,UnityEngine.Object)
UnityEngine.DebugLogHandler:LogFormat (UnityEngine.LogType,UnityEngine.Object,string,object[])
UnityEngine.Logger:Log (UnityEngine.LogType,object)
UnityEngine.Debug:Log (object)
Unity.AI.Tracing.ConsoleSink:LogToConsole (string,string,System.Exception) (at ./Library/PackageCache/com.unity.ai.assistant@8d1e3e89e3a7/Modules/Unity.AI.Tracing/TraceSinks.cs:313)
Unity.AI.Tracing.ConsoleSink:Write (Unity.AI.Tracing.TraceEvent) (at ./Library/PackageCache/com.unity.ai.assistant@8d1e3e89e3a7/Modules/Unity.AI.Tracing/TraceSinks.cs:277)
Unity.AI.Tracing.TraceWriter:WriteEventInternal (string,string,Unity.AI.Tracing.TraceEventOptions,string,System.Nullable`1<int>) (at ./Library/PackageCache/com.unity.ai.assistant@8d1e3e89e3a7/Modules/Unity.AI.Tracing/TraceWriter.cs:373)
Unity.AI.Tracing.TraceWriter:Event (string,Unity.AI.Tracing.TraceEventOptions) (at ./Library/PackageCache/com.unity.ai.assistant@8d1e3e89e3a7/Modules/Unity.AI.Tracing/TraceWriter.cs:297)
Unity.AI.Tracing.TraceLogger:Emit (string,string,string,string,Unity.AI.Tracing.TraceEventOptions,object,System.Exception) (at ./Library/PackageCache/com.unity.ai.assistant@8d1e3e89e3a7/Modules/Unity.AI.Tracing/TraceLogger.cs:105)
Unity.AI.Tracing.TraceLogger:Info (string,string,string,Unity.AI.Tracing.TraceEventOptions) (at ./Library/PackageCache/com.unity.ai.assistant@8d1e3e89e3a7/Modules/Unity.AI.Tracing/TraceLogger.cs:35)
Unity.AI.MCP.Editor.Helpers.McpLog:Log (string,Unity.AI.Tracing.TraceEventOptions) (at ./Library/PackageCache/com.unity.ai.assistant@8d1e3e89e3a7/Modules/Unity.AI.MCP.Editor/Helpers/McpLog.cs:15)
Unity.AI.MCP.Editor.Connection.UnixSocketListener:Start (string) (at ./Library/PackageCache/com.unity.ai.assistant@8d1e3e89e3a7/Modules/Unity.AI.MCP.Editor/Connection/UnixSocketListener.cs:193)
Unity.AI.MCP.Editor.Bridge:Start () (at ./Library/PackageCache/com.unity.ai.assistant@8d1e3e89e3a7/Modules/Unity.AI.MCP.Editor/Bridge.cs:282)
Unity.AI.MCP.Editor.Bridge:EnsureStartedOnEditorIdle () (at ./Library/PackageCache/com.unity.ai.assistant@8d1e3e89e3a7/Modules/Unity.AI.MCP.Editor/Bridge.cs:454)
UnityEditor.EditorApplication:Internal_CallUpdateFunctions () (at /Users/bokken/build/output/unity/unity/Editor/Mono/EditorApplication.cs:413)

(Filename: ./Library/PackageCache/com.unity.ai.assistant@8d1e3e89e3a7/Modules/Unity.AI.Tracing/TraceSinks.cs Line: 313)

Listening on Unix socket: /tmp/unity-mcp-57915bc5-51677
UnityEngine.Debug:ExtractStackTraceNoAlloc (byte*,int,string)
UnityEngine.StackTraceUtility:ExtractStackTrace () (at /Users/bokken/build/output/unity/unity/Runtime/Export/Scripting/StackTrace.cs:23)
UnityEngine.DebugLogHandler:Internal_Log (UnityEngine.LogType,UnityEngine.LogOption,string,UnityEngine.Object)
UnityEngine.DebugLogHandler:LogFormat (UnityEngine.LogType,UnityEngine.Object,string,object[])
UnityEngine.Logger:Log (UnityEngine.LogType,object)
UnityEngine.Debug:Log (object)
Unity.AI.Tracing.ConsoleSink:LogToConsole (string,string,System.Exception) (at ./Library/PackageCache/com.unity.ai.assistant@8d1e3e89e3a7/Modules/Unity.AI.Tracing/TraceSinks.cs:313)
Unity.AI.Tracing.ConsoleSink:Write (Unity.AI.Tracing.TraceEvent) (at ./Library/PackageCache/com.unity.ai.assistant@8d1e3e89e3a7/Modules/Unity.AI.Tracing/TraceSinks.cs:277)
Unity.AI.Tracing.TraceWriter:WriteEventInternal (string,string,Unity.AI.Tracing.TraceEventOptions,string,System.Nullable`1<int>) (at ./Library/PackageCache/com.unity.ai.assistant@8d1e3e89e3a7/Modules/Unity.AI.Tracing/TraceWriter.cs:373)
Unity.AI.Tracing.TraceWriter:Event (string,Unity.AI.Tracing.TraceEventOptions) (at ./Library/PackageCache/com.unity.ai.assistant@8d1e3e89e3a7/Modules/Unity.AI.Tracing/TraceWriter.cs:297)
Unity.AI.Tracing.TraceLogger:Emit (string,string,string,string,Unity.AI.Tracing.TraceEventOptions,object,System.Exception) (at ./Library/PackageCache/com.unity.ai.assistant@8d1e3e89e3a7/Modules/Unity.AI.Tracing/TraceLogger.cs:105)
Unity.AI.Tracing.TraceLogger:Info (string,string,string,Unity.AI.Tracing.TraceEventOptions) (at ./Library/PackageCache/com.unity.ai.assistant@8d1e3e89e3a7/Modules/Unity.AI.Tracing/TraceLogger.cs:35)
Unity.AI.MCP.Editor.Helpers.McpLog:Log (string,Unity.AI.Tracing.TraceEventOptions) (at ./Library/PackageCache/com.unity.ai.assistant@8d1e3e89e3a7/Modules/Unity.AI.MCP.Editor/Helpers/McpLog.cs:15)
Unity.AI.MCP.Editor.Connection.UnixSocketListener:Start (string) (at ./Library/PackageCache/com.unity.ai.assistant@8d1e3e89e3a7/Modules/Unity.AI.MCP.Editor/Connection/UnixSocketListener.cs:210)
Unity.AI.MCP.Editor.Bridge:Start () (at ./Library/PackageCache/com.unity.ai.assistant@8d1e3e89e3a7/Modules/Unity.AI.MCP.Editor/Bridge.cs:282)
Unity.AI.MCP.Editor.Bridge:EnsureStartedOnEditorIdle () (at ./Library/PackageCache/com.unity.ai.assistant@8d1e3e89e3a7/Modules/Unity.AI.MCP.Editor/Bridge.cs:454)
UnityEditor.EditorApplication:Internal_CallUpdateFunctions () (at /Users/bokken/build/output/unity/unity/Editor/Mono/EditorApplication.cs:413)

(Filename: ./Library/PackageCache/com.unity.ai.assistant@8d1e3e89e3a7/Modules/Unity.AI.Tracing/TraceSinks.cs Line: 313)

Restored umask to 012
UnityEngine.Debug:ExtractStackTraceNoAlloc (byte*,int,string)
UnityEngine.StackTraceUtility:ExtractStackTrace () (at /Users/bokken/build/output/unity/unity/Runtime/Export/Scripting/StackTrace.cs:23)
UnityEngine.DebugLogHandler:Internal_Log (UnityEngine.LogType,UnityEngine.LogOption,string,UnityEngine.Object)
UnityEngine.DebugLogHandler:LogFormat (UnityEngine.LogType,UnityEngine.Object,string,object[])
UnityEngine.Logger:Log (UnityEngine.LogType,object)
UnityEngine.Debug:Log (object)
Unity.AI.Tracing.ConsoleSink:LogToConsole (string,string,System.Exception) (at ./Library/PackageCache/com.unity.ai.assistant@8d1e3e89e3a7/Modules/Unity.AI.Tracing/TraceSinks.cs:313)
Unity.AI.Tracing.ConsoleSink:Write (Unity.AI.Tracing.TraceEvent) (at ./Library/PackageCache/com.unity.ai.assistant@8d1e3e89e3a7/Modules/Unity.AI.Tracing/TraceSinks.cs:277)
Unity.AI.Tracing.TraceWriter:WriteEventInternal (string,string,Unity.AI.Tracing.TraceEventOptions,string,System.Nullable`1<int>) (at ./Library/PackageCache/com.unity.ai.assistant@8d1e3e89e3a7/Modules/Unity.AI.Tracing/TraceWriter.cs:373)
Unity.AI.Tracing.TraceWriter:Event (string,Unity.AI.Tracing.TraceEventOptions) (at ./Library/PackageCache/com.unity.ai.assistant@8d1e3e89e3a7/Modules/Unity.AI.Tracing/TraceWriter.cs:297)
Unity.AI.Tracing.TraceLogger:Emit (string,string,string,string,Unity.AI.Tracing.TraceEventOptions,object,System.Exception) (at ./Library/PackageCache/com.unity.ai.assistant@8d1e3e89e3a7/Modules/Unity.AI.Tracing/TraceLogger.cs:105)
Unity.AI.Tracing.TraceLogger:Info (string,string,string,Unity.AI.Tracing.TraceEventOptions) (at ./Library/PackageCache/com.unity.ai.assistant@8d1e3e89e3a7/Modules/Unity.AI.Tracing/TraceLogger.cs:35)
Unity.AI.MCP.Editor.Helpers.McpLog:Log (string,Unity.AI.Tracing.TraceEventOptions) (at ./Library/PackageCache/com.unity.ai.assistant@8d1e3e89e3a7/Modules/Unity.AI.MCP.Editor/Helpers/McpLog.cs:15)
Unity.AI.MCP.Editor.Connection.UnixSocketListener:Start (string) (at ./Library/PackageCache/com.unity.ai.assistant@8d1e3e89e3a7/Modules/Unity.AI.MCP.Editor/Connection/UnixSocketListener.cs:224)
Unity.AI.MCP.Editor.Bridge:Start () (at ./Library/PackageCache/com.unity.ai.assistant@8d1e3e89e3a7/Modules/Unity.AI.MCP.Editor/Bridge.cs:282)
Unity.AI.MCP.Editor.Bridge:EnsureStartedOnEditorIdle () (at ./Library/PackageCache/com.unity.ai.assistant@8d1e3e89e3a7/Modules/Unity.AI.MCP.Editor/Bridge.cs:454)
UnityEditor.EditorApplication:Internal_CallUpdateFunctions () (at /Users/bokken/build/output/unity/unity/Editor/Mono/EditorApplication.cs:413)

(Filename: ./Library/PackageCache/com.unity.ai.assistant@8d1e3e89e3a7/Modules/Unity.AI.Tracing/TraceSinks.cs Line: 313)

MCP Bridge V2 started using Unix Socket at /tmp/unity-mcp-57915bc5-51677 (OS=OSXEditor)
UnityEngine.Debug:ExtractStackTraceNoAlloc (byte*,int,string)
UnityEngine.StackTraceUtility:ExtractStackTrace () (at /Users/bokken/build/output/unity/unity/Runtime/Export/Scripting/StackTrace.cs:23)
UnityEngine.DebugLogHandler:Internal_Log (UnityEngine.LogType,UnityEngine.LogOption,string,UnityEngine.Object)
UnityEngine.DebugLogHandler:LogFormat (UnityEngine.LogType,UnityEngine.Object,string,object[])
UnityEngine.Logger:Log (UnityEngine.LogType,object)
UnityEngine.Debug:Log (object)
Unity.AI.Tracing.ConsoleSink:LogToConsole (string,string,System.Exception) (at ./Library/PackageCache/com.unity.ai.assistant@8d1e3e89e3a7/Modules/Unity.AI.Tracing/TraceSinks.cs:313)
Unity.AI.Tracing.ConsoleSink:Write (Unity.AI.Tracing.TraceEvent) (at ./Library/PackageCache/com.unity.ai.assistant@8d1e3e89e3a7/Modules/Unity.AI.Tracing/TraceSinks.cs:277)
Unity.AI.Tracing.TraceWriter:WriteEventInternal (string,string,Unity.AI.Tracing.TraceEventOptions,string,System.Nullable`1<int>) (at ./Library/PackageCache/com.unity.ai.assistant@8d1e3e89e3a7/Modules/Unity.AI.Tracing/TraceWriter.cs:373)
Unity.AI.Tracing.TraceWriter:Event (string,Unity.AI.Tracing.TraceEventOptions) (at ./Library/PackageCache/com.unity.ai.assistant@8d1e3e89e3a7/Modules/Unity.AI.Tracing/TraceWriter.cs:297)
Unity.AI.Tracing.TraceLogger:Emit (string,string,string,string,Unity.AI.Tracing.TraceEventOptions,object,System.Exception) (at ./Library/PackageCache/com.unity.ai.assistant@8d1e3e89e3a7/Modules/Unity.AI.Tracing/TraceLogger.cs:105)
Unity.AI.Tracing.TraceLogger:Info (string,string,string,Unity.AI.Tracing.TraceEventOptions) (at ./Library/PackageCache/com.unity.ai.assistant@8d1e3e89e3a7/Modules/Unity.AI.Tracing/TraceLogger.cs:35)
Unity.AI.MCP.Editor.Helpers.McpLog:Log (string,Unity.AI.Tracing.TraceEventOptions) (at ./Library/PackageCache/com.unity.ai.assistant@8d1e3e89e3a7/Modules/Unity.AI.MCP.Editor/Helpers/McpLog.cs:15)
Unity.AI.MCP.Editor.Bridge:Start () (at ./Library/PackageCache/com.unity.ai.assistant@8d1e3e89e3a7/Modules/Unity.AI.MCP.Editor/Bridge.cs:288)
Unity.AI.MCP.Editor.Bridge:EnsureStartedOnEditorIdle () (at ./Library/PackageCache/com.unity.ai.assistant@8d1e3e89e3a7/Modules/Unity.AI.MCP.Editor/Bridge.cs:454)
UnityEditor.EditorApplication:Internal_CallUpdateFunctions () (at /Users/bokken/build/output/unity/unity/Editor/Mono/EditorApplication.cs:413)

(Filename: ./Library/PackageCache/com.unity.ai.assistant@8d1e3e89e3a7/Modules/Unity.AI.Tracing/TraceSinks.cs Line: 313)

Saved connection info to /Users/dawsonblock/.unity/mcp/connections/bridge-57915bc5-51677.json
UnityEngine.Debug:ExtractStackTraceNoAlloc (byte*,int,string)
UnityEngine.StackTraceUtility:ExtractStackTrace () (at /Users/bokken/build/output/unity/unity/Runtime/Export/Scripting/StackTrace.cs:23)
UnityEngine.DebugLogHandler:Internal_Log (UnityEngine.LogType,UnityEngine.LogOption,string,UnityEngine.Object)
UnityEngine.DebugLogHandler:LogFormat (UnityEngine.LogType,UnityEngine.Object,string,object[])
UnityEngine.Logger:Log (UnityEngine.LogType,object)
UnityEngine.Debug:Log (object)
Unity.AI.Tracing.ConsoleSink:LogToConsole (string,string,System.Exception) (at ./Library/PackageCache/com.unity.ai.assistant@8d1e3e89e3a7/Modules/Unity.AI.Tracing/TraceSinks.cs:313)
Unity.AI.Tracing.ConsoleSink:Write (Unity.AI.Tracing.TraceEvent) (at ./Library/PackageCache/com.unity.ai.assistant@8d1e3e89e3a7/Modules/Unity.AI.Tracing/TraceSinks.cs:277)
Unity.AI.Tracing.TraceWriter:WriteEventInternal (string,string,Unity.AI.Tracing.TraceEventOptions,string,System.Nullable`1<int>) (at ./Library/PackageCache/com.unity.ai.assistant@8d1e3e89e3a7/Modules/Unity.AI.Tracing/TraceWriter.cs:373)
Unity.AI.Tracing.TraceWriter:Event (string,Unity.AI.Tracing.TraceEventOptions) (at ./Library/PackageCache/com.unity.ai.assistant@8d1e3e89e3a7/Modules/Unity.AI.Tracing/TraceWriter.cs:297)
Unity.AI.Tracing.TraceLogger:Emit (string,string,string,string,Unity.AI.Tracing.TraceEventOptions,object,System.Exception) (at ./Library/PackageCache/com.unity.ai.assistant@8d1e3e89e3a7/Modules/Unity.AI.Tracing/TraceLogger.cs:105)
Unity.AI.Tracing.TraceLogger:Info (string,string,string,Unity.AI.Tracing.TraceEventOptions) (at ./Library/PackageCache/com.unity.ai.assistant@8d1e3e89e3a7/Modules/Unity.AI.Tracing/TraceLogger.cs:35)
Unity.AI.MCP.Editor.Helpers.McpLog:Log (string,Unity.AI.Tracing.TraceEventOptions) (at ./Library/PackageCache/com.unity.ai.assistant@8d1e3e89e3a7/Modules/Unity.AI.MCP.Editor/Helpers/McpLog.cs:15)
Unity.AI.MCP.Editor.Helpers.ServerDiscovery:SaveConnectionInfo (string) (at ./Library/PackageCache/com.unity.ai.assistant@8d1e3e89e3a7/Modules/Unity.AI.MCP.Editor/Connection/ServerDiscovery.cs:132)
Unity.AI.MCP.Editor.Bridge:Start () (at ./Library/PackageCache/com.unity.ai.assistant@8d1e3e89e3a7/Modules/Unity.AI.MCP.Editor/Bridge.cs:297)
Unity.AI.MCP.Editor.Bridge:EnsureStartedOnEditorIdle () (at ./Library/PackageCache/com.unity.ai.assistant@8d1e3e89e3a7/Modules/Unity.AI.MCP.Editor/Bridge.cs:454)
UnityEditor.EditorApplication:Internal_CallUpdateFunctions () (at /Users/bokken/build/output/unity/unity/Editor/Mono/EditorApplication.cs:413)

(Filename: ./Library/PackageCache/com.unity.ai.assistant@8d1e3e89e3a7/Modules/Unity.AI.Tracing/TraceSinks.cs Line: 313)

Start Indexing on Editor startup
[Indexing] Starting Initial Indexing for Assets
[UnityConnectServicesConfig] config is NOT valid, switching to default
Created GICache directory at /Users/dawsonblock/Library/Caches/com.unity3d.UnityEditor/GiCache. Took: 0.032s, timestamps: [19.827 - 19.858]
Accepted Unix socket connection: fd=88
UnityEngine.Debug:ExtractStackTraceNoAlloc (byte*,int,string)
UnityEngine.StackTraceUtility:ExtractStackTrace () (at /Users/bokken/build/output/unity/unity/Runtime/Export/Scripting/StackTrace.cs:23)
UnityEngine.DebugLogHandler:Internal_Log (UnityEngine.LogType,UnityEngine.LogOption,string,UnityEngine.Object)
UnityEngine.DebugLogHandler:LogFormat (UnityEngine.LogType,UnityEngine.Object,string,object[])
UnityEngine.Logger:Log (UnityEngine.LogType,object)
UnityEngine.Debug:Log (object)
Unity.AI.Tracing.ConsoleSink:LogToConsole (string,string,System.Exception) (at ./Library/PackageCache/com.unity.ai.assistant@8d1e3e89e3a7/Modules/Unity.AI.Tracing/TraceSinks.cs:313)
Unity.AI.Tracing.ConsoleSink/<>c__DisplayClass9_0:<Write>b__0 () (at ./Library/PackageCache/com.unity.ai.assistant@8d1e3e89e3a7/Modules/Unity.AI.Tracing/TraceSinks.cs:286)
UnityEditor.Search.Dispatcher/Task:Invoke () (at /Users/bokken/build/output/unity/unity/Modules/QuickSearch/Editor/UI/Dispatcher.cs:29)
UnityEditor.Search.Dispatcher:Process (UnityEditor.Search.Dispatcher/Task&) (at /Users/bokken/build/output/unity/unity/Modules/QuickSearch/Editor/UI/Dispatcher.cs:78)
UnityEditor.Search.Dispatcher:Update () (at /Users/bokken/build/output/unity/unity/Modules/QuickSearch/Editor/UI/Dispatcher.cs:101)
UnityEditor.EditorApplication:Internal_InvokeTickEvents () (at /Users/bokken/build/output/unity/unity/Editor/Mono/EditorApplication.cs:419)

(Filename: ./Library/PackageCache/com.unity.ai.assistant@8d1e3e89e3a7/Modules/Unity.AI.Tracing/TraceSinks.cs Line: 313)

[Licensing::Client] Successfully resolved entitlement details
Client connected: UnixSocket-1
  at Unity.AI.MCP.Editor.Bridge.HandleClientAsync (Unity.AI.MCP.Editor.Connection.IConnectionTransport transport, System.Threading.CancellationToken token) [0x00129] in ./Library/PackageCache/com.unity.ai.assistant@8d1e3e89e3a7/Modules/Unity.AI.MCP.Editor/Bridge.cs:635 
  at System.Runtime.CompilerServices.AsyncTaskMethodBuilder.Start[TStateMachine] (TStateMachine& stateMachine) [0x00000] in <0e19fd8bd8e94908bba2ee4f803bc6a7>:0 
  at Unity.AI.MCP.Editor.Bridge.HandleClientAsync (Unity.AI.MCP.Editor.Connection.IConnectionTransport transport, System.Threading.CancellationToken token) [0x00000] in <9f471310d406435eb45616458b6d1433>:0 
  at Unity.AI.MCP.Editor.Bridge+<>c__DisplayClass60_1.<ListenerLoopAsync>b__0 () [0x00000] in ./Library/PackageCache/com.unity.ai.assistant@8d1e3e89e3a7/Modules/Unity.AI.MCP.Editor/Bridge.cs:505 
  at System.Threading.Tasks.Task`1[TResult].InnerInvoke () [0x00000] in <0e19fd8bd8e94908bba2ee4f803bc6a7>:0 
  at System.Threading.Tasks.Task.Execute () [0x00000] in <0e19fd8bd8e94908bba2ee4f803bc6a7>:0 
  at System.Threading.Tasks.Task.ExecutionContextCallback (System.Object obj) [0x00000] in <0e19fd8bd8e94908bba2ee4f803bc6a7>:0 
  at System.Threading.ExecutionContext.RunInternal (System.Threading.ExecutionContext executionContext, System.Threading.ContextCallback callback, System.Object state, System.Boolean preserveSyncCtx) [0x00000] in <0e19fd8bd8e94908bba2ee4f803bc6a7>:0 
  at System.Threading.ExecutionContext.Run (System.Threading.ExecutionContext executionContext, System.Threading.ContextCallback callback, System.Object state, System.Boolean preserveSyncCtx) [0x00000] in <0e19fd8bd8e94908bba2ee4f803bc6a7>:0 
  at System.Threading.Tasks.Task.ExecuteWithThreadLocal (System.Threading.Tasks.Task& currentTaskSlot) [0x00000] in <0e19fd8bd8e94908bba2ee4f803bc6a7>:0 
  at System.Threading.Tasks.Task.ExecuteEntry (System.Boolean bPreventDoubleExecution) [0x00000] in <0e19fd8bd8e94908bba2ee4f803bc6a7>:0 
  at System.Threading.Tasks.Task.System.Threading.IThreadPoolWorkItem.ExecuteWorkItem () [0x00000] in <0e19fd8bd8e94908bba2ee4f803bc6a7>:0 
  at System.Threading.ThreadPoolWorkQueue.Dispatch () [0x00000] in <0e19fd8bd8e94908bba2ee4f803bc6a7>:0 
  at System.Threading._ThreadPoolWaitCallback.PerformWaitCallback () [0x00000] in <0e19fd8bd8e94908bba2ee4f803bc6a7>:0 
UnityEngine.Debug:ExtractStackTraceNoAlloc (byte*,int,string)
UnityEngine.StackTraceUtility:ExtractStackTrace () (at /Users/bokken/build/output/unity/unity/Runtime/Export/Scripting/StackTrace.cs:23)
UnityEngine.DebugLogHandler:Internal_Log (UnityEngine.LogType,UnityEngine.LogOption,string,UnityEngine.Object)
UnityEngine.DebugLogHandler:LogFormat (UnityEngine.LogType,UnityEngine.Object,string,object[])
UnityEngine.Logger:Log (UnityEngine.LogType,object)
UnityEngine.Debug:Log (object)
Unity.AI.Tracing.ConsoleSink:LogToConsole (string,string,System.Exception) (at ./Library/PackageCache/com.unity.ai.assistant@8d1e3e89e3a7/Modules/Unity.AI.Tracing/TraceSinks.cs:313)
Unity.AI.Tracing.ConsoleSink:Write (Unity.AI.Tracing.TraceEvent) (at ./Library/PackageCache/com.unity.ai.assistant@8d1e3e89e3a7/Modules/Unity.AI.Tracing/TraceSinks.cs:277)
Unity.AI.Tracing.TraceWriter:WriteEventInternal (string,string,Unity.AI.Tracing.TraceEventOptions,string,System.Nullable`1<int>) (at ./Library/PackageCache/com.unity.ai.assistant@8d1e3e89e3a7/Modules/Unity.AI.Tracing/TraceWriter.cs:373)
Unity.AI.Tracing.TraceWriter:Event (string,Unity.AI.Tracing.TraceEventOptions) (at ./Library/PackageCache/com.unity.ai.assistant@8d1e3e89e3a7/Modules/Unity.AI.Tracing/TraceWriter.cs:297)
Unity.AI.Tracing.TraceLogger:Emit (string,string,string,string,Unity.AI.Tracing.TraceEventOptions,object,System.Exception) (at ./Library/PackageCache/com.unity.ai.assistant@8d1e3e89e3a7/Modules/Unity.AI.Tracing/TraceLogger.cs:105)
Unity.AI.Tracing.TraceLogger:Info (string,string,string,Unity.AI.Tracing.TraceEventOptions) (at ./Library/PackageCache/com.unity.ai.assistant@8d1e3e89e3a7/Modules/Unity.AI.Tracing/TraceLogger.cs:35)
Unity.AI.MCP.Editor.Helpers.McpLog/<>c__DisplayClass8_0:<LogDelayed>b__0 () (at ./Library/PackageCache/com.unity.ai.assistant@8d1e3e89e3a7/Modules/Unity.AI.MCP.Editor/Helpers/McpLog.cs:74)
Unity.AI.Toolkit.EditorTask/<>c__DisplayClass21_0:<DelayCall>b__0 () (at ./Library/PackageCache/com.unity.ai.assistant@8d1e3e89e3a7/Modules/Unity.AI.Toolkit.Async/EditorTask.cs:375)
UnityEditor.EditorApplication:Internal_CallUpdateFunctions () (at /Users/bokken/build/output/unity/unity/Editor/Mono/EditorApplication.cs:413)

(Filename: ./Library/PackageCache/com.unity.ai.assistant@8d1e3e89e3a7/Modules/Unity.AI.Tracing/TraceSinks.cs Line: 313)

[Licensing::Client] Error: Code 404 while processing request (status: Found 0 entitlement groups and 0 free entitlements matching requested entitlement ids)
[Licensing::Client] Error: Code 404 while processing request (status: Found 0 entitlement groups and 0 free entitlements matching requested entitlement ids)
[Licensing::Client] Error: Code 404 while processing request (status: Found 0 entitlement groups and 0 free entitlements matching requested entitlement ids)
MCP client info: rmcp v3.1.0
UnityEngine.Debug:ExtractStackTraceNoAlloc (byte*,int,string)
UnityEngine.StackTraceUtility:ExtractStackTrace () (at /Users/bokken/build/output/unity/unity/Runtime/Export/Scripting/StackTrace.cs:23)
UnityEngine.DebugLogHandler:Internal_Log (UnityEngine.LogType,UnityEngine.LogOption,string,UnityEngine.Object)
UnityEngine.DebugLogHandler:LogFormat (UnityEngine.LogType,UnityEngine.Object,string,object[])
UnityEngine.Logger:Log (UnityEngine.LogType,object)
UnityEngine.Debug:Log (object)
Unity.AI.Tracing.ConsoleSink:LogToConsole (string,string,System.Exception) (at ./Library/PackageCache/com.unity.ai.assistant@8d1e3e89e3a7/Modules/Unity.AI.Tracing/TraceSinks.cs:313)
Unity.AI.Tracing.ConsoleSink:Write (Unity.AI.Tracing.TraceEvent) (at ./Library/PackageCache/com.unity.ai.assistant@8d1e3e89e3a7/Modules/Unity.AI.Tracing/TraceSinks.cs:277)
Unity.AI.Tracing.TraceWriter:WriteEventInternal (string,string,Unity.AI.Tracing.TraceEventOptions,string,System.Nullable`1<int>) (at ./Library/PackageCache/com.unity.ai.assistant@8d1e3e89e3a7/Modules/Unity.AI.Tracing/TraceWriter.cs:373)
Unity.AI.Tracing.TraceWriter:Event (string,Unity.AI.Tracing.TraceEventOptions) (at ./Library/PackageCache/com.unity.ai.assistant@8d1e3e89e3a7/Modules/Unity.AI.Tracing/TraceWriter.cs:297)
Unity.AI.Tracing.TraceLogger:Emit (string,string,string,string,Unity.AI.Tracing.TraceEventOptions,object,System.Exception) (at ./Library/PackageCache/com.unity.ai.assistant@8d1e3e89e3a7/Modules/Unity.AI.Tracing/TraceLogger.cs:105)
Unity.AI.Tracing.TraceLogger:Info (string,string,string,Unity.AI.Tracing.TraceEventOptions) (at ./Library/PackageCache/com.unity.ai.assistant@8d1e3e89e3a7/Modules/Unity.AI.Tracing/TraceLogger.cs:35)
Unity.AI.MCP.Editor.Helpers.McpLog:Log (string,Unity.AI.Tracing.TraceEventOptions) (at ./Library/PackageCache/com.unity.ai.assistant@8d1e3e89e3a7/Modules/Unity.AI.MCP.Editor/Helpers/McpLog.cs:15)
Unity.AI.MCP.Editor.Bridge/<ExecuteCommandAsync>d__75:MoveNext () (at ./Library/PackageCache/com.unity.ai.assistant@8d1e3e89e3a7/Modules/Unity.AI.MCP.Editor/Bridge.cs:1707)
System.Runtime.CompilerServices.AsyncTaskMethodBuilder`1<string>:Start<Unity.AI.MCP.Editor.Bridge/<ExecuteCommandAsync>d__75> (Unity.AI.MCP.Editor.Bridge/<ExecuteCommandAsync>d__75&)
Unity.AI.MCP.Editor.Bridge:ExecuteCommandAsync (Unity.AI.MCP.Editor.Models.Command,Unity.AI.MCP.Editor.Connection.IConnectionTransport,System.Threading.CancellationToken)
Unity.AI.MCP.Editor.Bridge:ProcessCommands () (at ./Library/PackageCache/com.unity.ai.assistant@8d1e3e89e3a7/Modules/Unity.AI.MCP.Editor/Bridge.cs:1537)
UnityEditor.EditorApplication:Internal_CallUpdateFunctions () (at /Users/bokken/build/output/unity/unity/Editor/Mono/EditorApplication.cs:413)

(Filename: ./Library/PackageCache/com.unity.ai.assistant@8d1e3e89e3a7/Modules/Unity.AI.Tracing/TraceSinks.cs Line: 313)

Sent handshake (unity-mcp protocol v2.0, tools=38)
  at Unity.AI.MCP.Editor.Bridge.HandleClientAsync (Unity.AI.MCP.Editor.Connection.IConnectionTransport transport, System.Threading.CancellationToken token) [0x006db] in ./Library/PackageCache/com.unity.ai.assistant@8d1e3e89e3a7/Modules/Unity.AI.MCP.Editor/Bridge.cs:802 
  at System.Runtime.CompilerServices.AsyncMethodBuilderCore+MoveNextRunner.InvokeMoveNext (System.Object stateMachine) [0x00000] in <0e19fd8bd8e94908bba2ee4f803bc6a7>:0 
  at System.Threading.ExecutionContext.RunInternal (System.Threading.ExecutionContext executionContext, System.Threading.ContextCallback callback, System.Object state, System.Boolean preserveSyncCtx) [0x00000] in <0e19fd8bd8e94908bba2ee4f803bc6a7>:0 
  at System.Threading.ExecutionContext.Run (System.Threading.ExecutionContext executionContext, System.Threading.ContextCallback callback, System.Object state, System.Boolean preserveSyncCtx) [0x00000] in <0e19fd8bd8e94908bba2ee4f803bc6a7>:0 
  at System.Runtime.CompilerServices.AsyncMethodBuilderCore+MoveNextRunner.Run () [0x00000] in <0e19fd8bd8e94908bba2ee4f803bc6a7>:0 
  at System.Threading.Tasks.AwaitTaskContinuation.RunOrScheduleAction (System.Action action, System.Boolean allowInlining, System.Threading.Tasks.Task& currentTask) [0x00000] in <0e19fd8bd8e94908bba2ee4f803bc6a7>:0 
  at System.Threading.Tasks.Task.FinishContinuations () [0x00000] in <0e19fd8bd8e94908bba2ee4f803bc6a7>:0 
  at System.Threading.Tasks.Task.FinishStageThree () [0x00000] in <0e19fd8bd8e94908bba2ee4f803bc6a7>:0 
  at System.Threading.Tasks.Task`1[TResult].TrySetResult (TResult result) [0x00000] in <0e19fd8bd8e94908bba2ee4f803bc6a7>:0 
  at System.Runtime.CompilerServices.AsyncTaskMethodBuilder`1[TResult].SetResult (TResult result) [0x00000] in <0e19fd8bd8e94908bba2ee4f803bc6a7>:0 
  at System.Runtime.CompilerServices.AsyncTaskMethodBuilder`1[TResult].SetResult (System.Threading.Tasks.Task`1[TResult] completedTask) [0x00000] in <0e19fd8bd8e94908bba2ee4f803bc6a7>:0 
  at System.Runtime.CompilerServices.AsyncTaskMethodBuilder.SetResult () [0x00000] in <0e19fd8bd8e94908bba2ee4f803bc6a7>:0 
  at Unity.AI.MCP.Editor.Connection.MessageProtocol.SendHandshakeAsync (Unity.AI.MCP.Editor.Connection.IConnectionTransport transport, System.Object[] tools, System.String toolsHash, System.Int32 timeoutMs) [0x000e8] in ./Library/PackageCache/com.unity.ai.assistant@8d1e3e89e3a7/Modules/Unity.AI.MCP.Editor/Connection/MessageProtocol.cs:93 
  at System.Runtime.CompilerServices.AsyncMethodBuilderCore+MoveNextRunner.InvokeMoveNext (System.Object stateMachine) [0x00000] in <0e19fd8bd8e94908bba2ee4f803bc6a7>:0 
  at System.Threading.ExecutionContext.RunInternal (System.Threading.ExecutionContext executionContext, System.Threading.ContextCallback callback, System.Object state, System.Boolean preserveSyncCtx) [0x00000] in <0e19fd8bd8e94908bba2ee4f803bc6a7>:0 
  at System.Threading.ExecutionContext.Run (System.Threading.ExecutionContext executionContext, System.Threading.ContextCallback callback, System.Object state, System.Boolean preserveSyncCtx) [0x00000] in <0e19fd8bd8e94908bba2ee4f803bc6a7>:0 
  at System.Runtime.CompilerServices.AsyncMethodBuilderCore+MoveNextRunner.Run () [0x00000] in <0e19fd8bd8e94908bba2ee4f803bc6a7>:0 
  at System.Threading.Tasks.AwaitTaskContinuation.System.Threading.IThreadPoolWorkItem.ExecuteWorkItem () [0x00000] in <0e19fd8bd8e94908bba2ee4f803bc6a7>:0 
  at System.Threading.ThreadPoolWorkQueue.Dispatch () [0x00000] in <0e19fd8bd8e94908bba2ee4f803bc6a7>:0 
  at System.Threading._ThreadPoolWaitCallback.PerformWaitCallback () [0x00000] in <0e19fd8bd8e94908bba2ee4f803bc6a7>:0 
UnityEngine.Debug:ExtractStackTraceNoAlloc (byte*,int,string)
UnityEngine.StackTraceUtility:ExtractStackTrace () (at /Users/bokken/build/output/unity/unity/Runtime/Export/Scripting/StackTrace.cs:23)
UnityEngine.DebugLogHandler:Internal_Log (UnityEngine.LogType,UnityEngine.LogOption,string,UnityEngine.Object)
UnityEngine.DebugLogHandler:LogFormat (UnityEngine.LogType,UnityEngine.Object,string,object[])
UnityEngine.Logger:Log (UnityEngine.LogType,object)
UnityEngine.Debug:Log (object)
Unity.AI.Tracing.ConsoleSink:LogToConsole (string,string,System.Exception) (at ./Library/PackageCache/com.unity.ai.assistant@8d1e3e89e3a7/Modules/Unity.AI.Tracing/TraceSinks.cs:313)
Unity.AI.Tracing.ConsoleSink:Write (Unity.AI.Tracing.TraceEvent) (at ./Library/PackageCache/com.unity.ai.assistant@8d1e3e89e3a7/Modules/Unity.AI.Tracing/TraceSinks.cs:277)
Unity.AI.Tracing.TraceWriter:WriteEventInternal (string,string,Unity.AI.Tracing.TraceEventOptions,string,System.Nullable`1<int>) (at ./Library/PackageCache/com.unity.ai.assistant@8d1e3e89e3a7/Modules/Unity.AI.Tracing/TraceWriter.cs:373)
Unity.AI.Tracing.TraceWriter:Event (string,Unity.AI.Tracing.TraceEventOptions) (at ./Library/PackageCache/com.unity.ai.assistant@8d1e3e89e3a7/Modules/Unity.AI.Tracing/TraceWriter.cs:297)
Unity.AI.Tracing.TraceLogger:Emit (string,string,string,string,Unity.AI.Tracing.TraceEventOptions,object,System.Exception) (at ./Library/PackageCache/com.unity.ai.assistant@8d1e3e89e3a7/Modules/Unity.AI.Tracing/TraceLogger.cs:105)
Unity.AI.Tracing.TraceLogger:Info (string,string,string,Unity.AI.Tracing.TraceEventOptions) (at ./Library/PackageCache/com.unity.ai.assistant@8d1e3e89e3a7/Modules/Unity.AI.Tracing/TraceLogger.cs:35)
Unity.AI.MCP.Editor.Helpers.McpLog/<>c__DisplayClass8_0:<LogDelayed>b__0 () (at ./Library/PackageCache/com.unity.ai.assistant@8d1e3e89e3a7/Modules/Unity.AI.MCP.Editor/Helpers/McpLog.cs:74)
Unity.AI.Toolkit.EditorTask/<>c__DisplayClass21_0:<DelayCall>b__0 () (at ./Library/PackageCache/com.unity.ai.assistant@8d1e3e89e3a7/Modules/Unity.AI.Toolkit.Async/EditorTask.cs:375)
UnityEditor.EditorApplication:Internal_CallUpdateFunctions () (at /Users/bokken/build/output/unity/unity/Editor/Mono/EditorApplication.cs:413)

(Filename: ./Library/PackageCache/com.unity.ai.assistant@8d1e3e89e3a7/Modules/Unity.AI.Tracing/TraceSinks.cs Line: 313)

Unloading 43 Unused Serialized files (Serialized files now loaded: 0)
[INFO ] [relay] relay.startup port=9001 mcpClientPort=9002 editorPid=51677
[INFO ] [relay] log === RELAY SERVER STARTED === (unity-ai-relay v1.0.12-build.99)
Unloading 40 unused Assets / (41.6 KB). Loaded Objects now: 16798.
Memory consumption went from 367.0 MB to 366.9 MB.
Total: 49.623417 ms (FindLiveObjects: 1.223083 ms CreateObjectMapping: 0.435125 ms MarkObjects: 46.627667 ms  DeleteObjects: 0.658750 ms)

[INFO ] [relay] log TLS trust: NODE_USE_SYSTEM_CA=on systemCAs=2 bundledCAs=145
[INFO ] [relay] log Starting relay server...
[INFO ] [relay] log Command line arguments: ["bun","/$bunfs/root/relay_mac_arm64","--relay","--port","9001","--mcp-client-port","9002","--editor-pid","51677","--shutdown-delay","180","--log-dir","/Users/dawsonblock/unity/My project (7)/Logs"]
[INFO ] [relay] log Parsed config: {"port":9001,"mcpClientPort":9002,"editorPid":"51677","shutdownDelaySeconds":180}
[INFO ] [relay] log Initializing relay components...
[INFO ] [relay] log Creating RelayEditor...
[INFO ] [relay] log WebSocket server started
[INFO ] [relay] log Relay server initialization completed
[INFO ] [relay] log MCP Client initialized at port: 9002
[INFO ] [relay] log Unity MCP Relay server started | Port: 9002 | Endpoints: /mcp/start-server, /mcp/stop-server, /mcp/server-status, /mcp/call-tool
[INFO ] [relay] log Unity client connected with ID: editor-51677-kjao3b (relay 1.0.12-build.99)
[INFO ] [relay] connection.established clientId=editor-51677-kjao3b port=9001
Importing 'GUID: 0000000000000000b000000000000000 - Path: ProjectSettings/EditorBuildSettings.asset' with importer (LibraryAssetImporter)
Imported 'GUID: 0000000000000000b000000000000000' -> (Import Result ID: '5c8f12d542c8d4de747d3cf4a7db0057') in 0.046 seconds [static dependencies only]. Details - ImportResultOutputID=0a89a5c5f492143e0fa186859e17ba6f DependenciesID=33e9926adf672510edc03d2590a6bdf6 StaticDependenciesID=36e6f18e51ef89a0c9692dd7099acfd4 
Preloading 1 native plugins for Editor in 3.03 ms.

Asset Pipeline Refresh (id=ce426ae909ab74c1e8f8a24268db6819): Total: 0.826 seconds - Initiated by StopAssetImportingV2(NoUpdateAssetOptions)
	(Values over 0.05ms)
	Summary:
		Imports: total=1 (actual=1, local cache=0, cache server=0)
		Asset DB Process Time: managed=2 ms, native=207 ms
		Asset DB Callback time: managed=606 ms, native=10 ms
		Scripting: domain reloads=0, domain reload time=0 ms, compile time=0 ms, other=0 ms
		Project Asset Count: scripts=3626, non-scripts=7904
		Asset File Changes: new=0, changed=0, moved=0, deleted=0
		Scan Filter Count: 1
	ApplyChangesToAssetFolders: 0.265ms
	Scan: 12.423ms
	Collect global state as custom dependencies: 0.172ms
	ProcessAssetsWithTransientArtifactChanges: 0.913ms
	CategorizeAssets: 93.743ms
	ImportOutOfDateAssets: 53.729ms (0.352ms without children)
		ImportManagerImport: 51.023ms (2.787ms without children)
		UnloadImportedAssets: 0.123ms
		EnsureUptoDateAssetsAreRegisteredWithGuidPM: 1.649ms
		ImportSchedulerStart: 0.534ms
	PostProcessAllAssets: 610.315ms
		XRBuildSystem.XRAssetImported 3.747ms
		MonoPostProcessAllAssets: 606.191ms
			AssetPostprocessor.OnPostprocessAllAssets 209.238ms
			StyleCatalogPostProcessor.OnPostprocessAllAssets 45.096ms
			AssetReferenceReimportMonitor.OnPostprocessAllAssets 20.236ms
			SpriteSlicePostprocessor.OnPostprocessAllAssets 14.684ms
			SpriteEditorTexturePostprocessor.OnPostprocessAllAssets 11.551ms
			BuilderAssetPostprocessor.OnPostprocessAllAssets 7.443ms
			PostProcessor.OnPostprocessAllAssets 6.358ms
			RetainedModeAssetPostprocessor.OnPostprocessAllAssets 5.382ms
			SceneAssetPostProcessor.OnPostprocessAllAssets 5.366ms
			BehaviorAssetPostProcessor.OnPostprocessAllAssets 2.440ms
			ShaderGraphAssetPostProcessor.OnPostprocessAllAssets 1.813ms
			AssetChangedListener.OnPostprocessAllAssets 1.477ms
			ArtifactBrowserPostProcessor.OnPostprocessAllAssets 1.359ms
			SyncVS.PostprocessSyncProject 0.781ms
			MaterialPostprocessor.OnPostprocessAllAssets 0.774ms
			TextAssetPostProcessor.OnPostprocessAllAssets 0.597ms
			InputActionAssetPostprocessor.OnPostprocessAllAssets 0.495ms
			AudioMixerPostprocessor.OnPostprocessAllAssets 0.425ms
			InputActionJsonNameModifierAssetProcessor.OnPostprocessAllAssets 0.421ms
			SamplePostprocessor.OnPostprocessAllAssets 0.419ms
			UVCSAssetPostprocessor.OnPostprocessAllAssets 0.414ms
			SkillsProjectAssetPostprocessor.OnPostprocessAllAssets 0.330ms
			TMPro_TexturePostProcessor.OnPostprocessAllAssets 0.324ms
			AssetEvents.OnPostprocessAllAssets 0.317ms
			AssetPostprocessorProxy.OnPostprocessAllAssets 0.300ms
			ThemePostprocessor.OnPostprocessAllAssets 0.296ms
			SpeedTreePostProcessor.OnPostprocessAllAssets 0.266ms
			UploadAssetPostprocessor.OnPostprocessAllAssets 0.239ms
			ScenarioDriftAssetsTracker.OnPostprocessAllAssets 0.200ms
			ConfigAssetsTracker.OnPostprocessAllAssets 0.189ms
			RenderPipelineGlobalSettingsPostprocessor.OnPostprocessAllAssets 0.151ms
			UniversalRenderPipelineGlobalSettingsPostprocessor.OnPostprocessAllAssets 0.144ms
			AssetReloadNotifier.OnPostprocessAllAssets 0.133ms
			GraphRefreshPostprocessor.OnPostprocessAllAssets 0.103ms
			TrackSelectedAssetsProcessor.OnPostprocessAllAssets 0.068ms
			ProjectSettingsPostprocessor.OnPostprocessAllAssets 0.065ms
			ReferencedClipsPostProcessor.OnPostprocessAllAssets 0.057ms
			AudioContainerPostProcessor.OnPostprocessAllAssets 0.051ms
	PostAssetChangesProfiler: 5.901ms
	GatherAllCurrentPrimaryImportResultRevisions: 1.937ms
	PersistCurrentRevisions: 0.282ms
	Untracked: 46.491ms

Importing 'GUID: 3c8fcfcbc50fb428fbf7f4858ff0c8c3 - Path: Assets/InitTestScene67f54cb7-0292-4072-87a6-6d98af3b7492.unity' with importer (DefaultImporter)
Imported 'GUID: 3c8fcfcbc50fb428fbf7f4858ff0c8c3' -> (Import Result ID: '5db4b0538deba6788432d75003cfe09e') in 0.007 seconds [static dependencies only]. Details - ImportResultOutputID=58f758de51fac7cfd7a35bdd3d68611b DependenciesID=c9caf93336d964f06e03f53fff09528a StaticDependenciesID=5790c3bfbae8f6207bdf6435304d2db0 
Refreshing native plugins compatible for Editor in 2.01 ms, found 5 plugins.
Asset Pipeline Refresh (id=95a4b8ab4972742ceb7b04e26cf9fff8): Total: 0.084 seconds - Initiated by StopAssetImportingV2(NoUpdateAssetOptions)
Executing IPrebuildSetup for: Unity.PerformanceTesting.Editor.TestRunBuilder.
UnityEngine.Debug:ExtractStackTraceNoAlloc (byte*,int,string)
UnityEngine.StackTraceUtility:ExtractStackTrace () (at /Users/bokken/build/output/unity/unity/Runtime/Export/Scripting/StackTrace.cs:23)
UnityEngine.DebugLogHandler:Internal_Log (UnityEngine.LogType,UnityEngine.LogOption,string,UnityEngine.Object)
UnityEngine.DebugLogHandler:LogFormat (UnityEngine.LogType,UnityEngine.Object,string,object[])
UnityEngine.Logger:Log (UnityEngine.LogType,object)
UnityEngine.Debug:Log (object)
UnityEditor.TestTools.TestRunner.TestRun.Tasks.BuildActionTaskBase`1/<ExecuteMethods>d__8<UnityEngine.TestTools.IPrebuildSetup>:MoveNext () (at ./Library/PackageCache/com.unity.test-framework@7a3849e09bd0/UnityEditor.TestRunner/TestRun/Tasks/BuildActionTaskBase.cs:48)
UnityEditor.TestTools.TestRunner.TestRun.Tasks.BuildActionTaskBase`1/<Execute>d__7<UnityEngine.TestTools.IPrebuildSetup>:MoveNext () (at ./Library/PackageCache/com.unity.test-framework@7a3849e09bd0/UnityEditor.TestRunner/TestRun/Tasks/BuildActionTaskBase.cs:34)
UnityEditor.TestTools.TestRunner.TestRun.TestJobRunner:ExecuteStep () (at ./Library/PackageCache/com.unity.test-framework@7a3849e09bd0/UnityEditor.TestRunner/TestRun/TestJobRunner.cs:194)
UnityEditor.TestTools.TestRunner.TestRun.TestJobRunner:ExecuteCallback () (at ./Library/PackageCache/com.unity.test-framework@7a3849e09bd0/UnityEditor.TestRunner/TestRun/TestJobRunner.cs:129)
UnityEditor.EditorApplication:Internal_CallUpdateFunctions () (at /Users/bokken/build/output/unity/unity/Editor/Mono/EditorApplication.cs:413)

(Filename: ./Library/PackageCache/com.unity.test-framework@7a3849e09bd0/UnityEditor.TestRunner/TestRun/Tasks/BuildActionTaskBase.cs Line: 48)

Thread 0x414e87000 may have been prematurely finalized
Entering Playmode with Reload Domain disabled.
If you experience any issues, please disable "Enter Play Mode Options" in Editor Settings
Entering Playmode with Reload Scene disabled. If you experience any issues, please disable "Enter Play Mode Options" in Editor Settings
[Adaptive Performance] Initialization of Provider was not successful. Are there errors present? Make sure to select your loader in the Adaptive Performance Settings for this platform.
UnityEngine.Debug:ExtractStackTraceNoAlloc (byte*,int,string)
UnityEngine.StackTraceUtility:ExtractStackTrace () (at /Users/bokken/build/output/unity/unity/Runtime/Export/Scripting/StackTrace.cs:23)
UnityEngine.DebugLogHandler:Internal_Log (UnityEngine.LogType,UnityEngine.LogOption,string,UnityEngine.Object)
UnityEngine.DebugLogHandler:LogFormat (UnityEngine.LogType,UnityEngine.Object,string,object[])
UnityEngine.Logger:LogFormat (UnityEngine.LogType,string,object[])
UnityEngine.Debug:LogFormat (string,object[])
UnityEngine.AdaptivePerformance.APLog:Debug (string,object[]) (at /Users/bokken/build/output/unity/unity/Modules/AdaptivePerformance/Core/AdaptiverPerformanceLog.cs:16)
UnityEngine.AdaptivePerformance.AdaptivePerformanceManager:InitializeAdaptivePerformance () (at /Users/bokken/build/output/unity/unity/Modules/AdaptivePerformance/Core/AdaptivePerformanceManager.cs:651)
UnityEngine.AdaptivePerformance.AdaptivePerformanceManager:Awake () (at /Users/bokken/build/output/unity/unity/Modules/AdaptivePerformance/Core/AdaptivePerformanceManager.cs:205)
UnityEngine.GameObject:Internal_AddComponentWithType (System.Type)
UnityEngine.GameObject:AddComponent (System.Type) (at /Users/bokken/build/output/unity/unity/Runtime/Export/Scripting/GameObject.bindings.cs:264)
UnityEngine.GameObject:AddComponent<UnityEngine.AdaptivePerformance.AdaptivePerformanceManager> () (at /Users/bokken/build/output/unity/unity/Runtime/Export/Scripting/GameObject.bindings.cs:269)
UnityEngine.AdaptivePerformance.AdaptivePerformanceManagerSpawner:Initialize (bool) (at /Users/bokken/build/output/unity/unity/Modules/AdaptivePerformance/Core/AdaptivePerformanceManagerSpawner.cs:29)
UnityEngine.AdaptivePerformance.AdaptivePerformanceInitializer:InitializeSpawner (bool) (at /Users/bokken/build/output/unity/unity/Modules/AdaptivePerformance/Core/AdaptivePerformanceInit.cs:47)
UnityEngine.AdaptivePerformance.AdaptivePerformanceInitializer:AutoInitializeAdaptivePerformanceManaged () (at /Users/bokken/build/output/unity/unity/Modules/AdaptivePerformance/Core/AdaptivePerformanceInit.cs:14)

(Filename: /Users/bokken/build/output/unity/unity/Modules/AdaptivePerformance/Core/AdaptiverPerformanceLog.cs Line: 16)

Worker ready: AssetImportWorkerHW0 0
Pipeline: Starting runtime server from RuntimePipelineDriver...
Start HTTP server: port:7900
[WARN ] [relay] log [shell-env] Failed to resolve shell env: Error: Command failed: /bin/zsh -ilc "echo __SHELL_ENV_MARKER_1789808759876__ && env && echo __SHELL_ENV_MARKER_1789808759876__"
Pipeline: Runtime descriptor written to /Users/dawsonblock/unity/My project (7)/.unity-pipeline-runtime-port
Pipeline: Runtime server started successfully on port 7900
[WARN ] [relay] log [shell-env] Shell environment did not contain a PATH variable
[TIMING] Validation took 6583ms
  at Unity.AI.MCP.Editor.Bridge.ValidateAndApproveAsync (Unity.AI.MCP.Editor.Connection.IConnectionTransport transport, System.Threading.CancellationToken token, System.Boolean isBatchMode) [0x0014d] in ./Library/PackageCache/com.unity.ai.assistant@8d1e3e89e3a7/Modules/Unity.AI.MCP.Editor/Bridge.cs:1052 
  at System.Runtime.CompilerServices.AsyncMethodBuilderCore+MoveNextRunner.InvokeMoveNext (System.Object stateMachine) [0x00000] in <0e19fd8bd8e94908bba2ee4f803bc6a7>:0 
  at System.Threading.ExecutionContext.RunInternal (System.Threading.ExecutionContext executionContext, System.Threading.ContextCallback callback, System.Object state, System.Boolean preserveSyncCtx) [0x00000] in <0e19fd8bd8e94908bba2ee4f803bc6a7>:0 
  at System.Threading.ExecutionContext.Run (System.Threading.ExecutionContext executionContext, System.Threading.ContextCallback callback, System.Object state, System.Boolean preserveSyncCtx) [0x00000] in <0e19fd8bd8e94908bba2ee4f803bc6a7>:0 
  at System.Runtime.CompilerServices.AsyncMethodBuilderCore+MoveNextRunner.Run () [0x00000] in <0e19fd8bd8e94908bba2ee4f803bc6a7>:0 
  at System.Threading.Tasks.AwaitTaskContinuation.RunOrScheduleAction (System.Action action, System.Boolean allowInlining, System.Threading.Tasks.Task& currentTask) [0x00000] in <0e19fd8bd8e94908bba2ee4f803bc6a7>:0 
  at System.Threading.Tasks.Task.FinishContinuations () [0x00000] in <0e19fd8bd8e94908bba2ee4f803bc6a7>:0 
  at System.Threading.Tasks.Task.FinishStageThree () [0x00000] in <0e19fd8bd8e94908bba2ee4f803bc6a7>:0 
  at System.Threading.Tasks.Task.FinishStageTwo () [0x00000] in <0e19fd8bd8e94908bba2ee4f803bc6a7>:0 
  at System.Threading.Tasks.Task.Finish (System.Boolean bUserDelegateExecuted) [0x00000] in <0e19fd8bd8e94908bba2ee4f803bc6a7>:0 
  at System.Threading.Tasks.Task.ExecuteWithThreadLocal (System.Threading.Tasks.Task& currentTaskSlot) [0x00000] in <0e19fd8bd8e94908bba2ee4f803bc6a7>:0 
  at System.Threading.Tasks.Task.ExecuteEntry (System.Boolean bPreventDoubleExecution) [0x00000] in <0e19fd8bd8e94908bba2ee4f803bc6a7>:0 
  at System.Threading.Tasks.Task.System.Threading.IThreadPoolWorkItem.ExecuteWorkItem () [0x00000] in <0e19fd8bd8e94908bba2ee4f803bc6a7>:0 
  at System.Threading.ThreadPoolWorkQueue.Dispatch () [0x00000] in <0e19fd8bd8e94908bba2ee4f803bc6a7>:0 
  at System.Threading._ThreadPoolWaitCallback.PerformWaitCallback () [0x00000] in <0e19fd8bd8e94908bba2ee4f803bc6a7>:0 
UnityEngine.Debug:ExtractStackTraceNoAlloc (byte*,int,string)
UnityEngine.StackTraceUtility:ExtractStackTrace () (at /Users/bokken/build/output/unity/unity/Runtime/Export/Scripting/StackTrace.cs:23)
UnityEngine.DebugLogHandler:Internal_Log (UnityEngine.LogType,UnityEngine.LogOption,string,UnityEngine.Object)
UnityEngine.DebugLogHandler:LogFormat (UnityEngine.LogType,UnityEngine.Object,string,object[])
UnityEngine.Logger:Log (UnityEngine.LogType,object)
UnityEngine.Debug:Log (object)
Unity.AI.Tracing.ConsoleSink:LogToConsole (string,string,System.Exception) (at ./Library/PackageCache/com.unity.ai.assistant@8d1e3e89e3a7/Modules/Unity.AI.Tracing/TraceSinks.cs:313)
Unity.AI.Tracing.ConsoleSink:Write (Unity.AI.Tracing.TraceEvent) (at ./Library/PackageCache/com.unity.ai.assistant@8d1e3e89e3a7/Modules/Unity.AI.Tracing/TraceSinks.cs:277)
Unity.AI.Tracing.TraceWriter:WriteEventInternal (string,string,Unity.AI.Tracing.TraceEventOptions,string,System.Nullable`1<int>) (at ./Library/PackageCache/com.unity.ai.assistant@8d1e3e89e3a7/Modules/Unity.AI.Tracing/TraceWriter.cs:373)
Unity.AI.Tracing.TraceWriter:Event (string,Unity.AI.Tracing.TraceEventOptions) (at ./Library/PackageCache/com.unity.ai.assistant@8d1e3e89e3a7/Modules/Unity.AI.Tracing/TraceWriter.cs:297)
Unity.AI.Tracing.TraceLogger:Emit (string,string,string,string,Unity.AI.Tracing.TraceEventOptions,object,System.Exception) (at ./Library/PackageCache/com.unity.ai.assistant@8d1e3e89e3a7/Modules/Unity.AI.Tracing/TraceLogger.cs:105)
Unity.AI.Tracing.TraceLogger:Info (string,string,string,Unity.AI.Tracing.TraceEventOptions) (at ./Library/PackageCache/com.unity.ai.assistant@8d1e3e89e3a7/Modules/Unity.AI.Tracing/TraceLogger.cs:35)
Unity.AI.MCP.Editor.Helpers.McpLog/<>c__DisplayClass8_0:<LogDelayed>b__0 () (at ./Library/PackageCache/com.unity.ai.assistant@8d1e3e89e3a7/Modules/Unity.AI.MCP.Editor/Helpers/McpLog.cs:74)
Unity.AI.Toolkit.EditorTask/<>c__DisplayClass21_0:<DelayCall>b__0 () (at ./Library/PackageCache/com.unity.ai.assistant@8d1e3e89e3a7/Modules/Unity.AI.Toolkit.Async/EditorTask.cs:375)
UnityEditor.EditorApplication:Internal_CallUpdateFunctions () (at /Users/bokken/build/output/unity/unity/Editor/Mono/EditorApplication.cs:413)

(Filename: ./Library/PackageCache/com.unity.ai.assistant@8d1e3e89e3a7/Modules/Unity.AI.Tracing/TraceSinks.cs Line: 313)

=== Connection Info ===
MCP Server:
  PID: 6389
  Name: relay_mac_arm64
  Executable: /Users/dawsonblock/.unity/relay/relay_mac_arm64.app/Contents/MacOS/relay_mac_arm64
  Hash: 012f781827049e94...
  Signed: Yes
  Publisher: 9QW8UQUTAA
  Signature Valid: Yes
  Validation: Pending
  Reason: Awaiting user approval
MCP Client:
  Name: devin
  PID: 5763
  Executable: /Applications/Devin.app/Contents/Resources/app/extensions/windsurf/devin/bin/devin
  Chain depth: 1 (walked up 1 level)
======================
  at Unity.AI.MCP.Editor.Bridge.LogConnectionDecision (Unity.AI.MCP.Editor.Security.ValidationDecision decision) [0x002aa] in ./Library/PackageCache/com.unity.ai.assistant@8d1e3e89e3a7/Modules/Unity.AI.MCP.Editor/Bridge.cs:2039 
  at Unity.AI.MCP.Editor.Bridge.ValidateAndApproveAsync (Unity.AI.MCP.Editor.Connection.IConnectionTransport transport, System.Threading.CancellationToken token, System.Boolean isBatchMode) [0x0019b] in ./Library/PackageCache/com.unity.ai.assistant@8d1e3e89e3a7/Modules/Unity.AI.MCP.Editor/Bridge.cs:1058 
  at System.Runtime.CompilerServices.AsyncMethodBuilderCore+MoveNextRunner.InvokeMoveNext (System.Object stateMachine) [0x00000] in <0e19fd8bd8e94908bba2ee4f803bc6a7>:0 
  at System.Threading.ExecutionContext.RunInternal (System.Threading.ExecutionContext executionContext, System.Threading.ContextCallback callback, System.Object state, System.Boolean preserveSyncCtx) [0x00000] in <0e19fd8bd8e94908bba2ee4f803bc6a7>:0 
  at System.Threading.ExecutionContext.Run (System.Threading.ExecutionContext executionContext, System.Threading.ContextCallback callback, System.Object state, System.Boolean preserveSyncCtx) [0x00000] in <0e19fd8bd8e94908bba2ee4f803bc6a7>:0 
  at System.Runtime.CompilerServices.AsyncMethodBuilderCore+MoveNextRunner.Run () [0x00000] in <0e19fd8bd8e94908bba2ee4f803bc6a7>:0 
  at System.Threading.Tasks.AwaitTaskContinuation.RunOrScheduleAction (System.Action action, System.Boolean allowInlining, System.Threading.Tasks.Task& currentTask) [0x00000] in <0e19fd8bd8e94908bba2ee4f803bc6a7>:0 
  at System.Threading.Tasks.Task.FinishContinuations () [0x00000] in <0e19fd8bd8e94908bba2ee4f803bc6a7>:0 
  at System.Threading.Tasks.Task.FinishStageThree () [0x00000] in <0e19fd8bd8e94908bba2ee4f803bc6a7>:0 
  at System.Threading.Tasks.Task.FinishStageTwo () [0x00000] in <0e19fd8bd8e94908bba2ee4f803bc6a7>:0 
  at System.Threading.Tasks.Task.Finish (System.Boolean bUserDelegateExecuted) [0x00000] in <0e19fd8bd8e94908bba2ee4f803bc6a7>:0 
  at System.Threading.Tasks.Task.ExecuteWithThreadLocal (System.Threading.Tasks.Task& currentTaskSlot) [0x00000] in <0e19fd8bd8e94908bba2ee4f803bc6a7>:0 
  at System.Threading.Tasks.Task.ExecuteEntry (System.Boolean bPreventDoubleExecution) [0x00000] in <0e19fd8bd8e94908bba2ee4f803bc6a7>:0 
  at System.Threading.Tasks.Task.System.Threading.IThreadPoolWorkItem.ExecuteWorkItem () [0x00000] in <0e19fd8bd8e94908bba2ee4f803bc6a7>:0 
  at System.Threading.ThreadPoolWorkQueue.Dispatch () [0x00000] in <0e19fd8bd8e94908bba2ee4f803bc6a7>:0 
  at System.Threading._ThreadPoolWaitCallback.PerformWaitCallback () [0x00000] in <0e19fd8bd8e94908bba2ee4f803bc6a7>:0 
UnityEngine.Debug:ExtractStackTraceNoAlloc (byte*,int,string)
UnityEngine.StackTraceUtility:ExtractStackTrace () (at /Users/bokken/build/output/unity/unity/Runtime/Export/Scripting/StackTrace.cs:23)
UnityEngine.DebugLogHandler:Internal_Log (UnityEngine.LogType,UnityEngine.LogOption,string,UnityEngine.Object)
UnityEngine.DebugLogHandler:LogFormat (UnityEngine.LogType,UnityEngine.Object,string,object[])
UnityEngine.Logger:Log (UnityEngine.LogType,object)
UnityEngine.Debug:Log (object)
Unity.AI.Tracing.ConsoleSink:LogToConsole (string,string,System.Exception) (at ./Library/PackageCache/com.unity.ai.assistant@8d1e3e89e3a7/Modules/Unity.AI.Tracing/TraceSinks.cs:313)
Unity.AI.Tracing.ConsoleSink:Write (Unity.AI.Tracing.TraceEvent) (at ./Library/PackageCache/com.unity.ai.assistant@8d1e3e89e3a7/Modules/Unity.AI.Tracing/TraceSinks.cs:277)
Unity.AI.Tracing.TraceWriter:WriteEventInternal (string,string,Unity.AI.Tracing.TraceEventOptions,string,System.Nullable`1<int>) (at ./Library/PackageCache/com.unity.ai.assistant@8d1e3e89e3a7/Modules/Unity.AI.Tracing/TraceWriter.cs:373)
Unity.AI.Tracing.TraceWriter:Event (string,Unity.AI.Tracing.TraceEventOptions) (at ./Library/PackageCache/com.unity.ai.assistant@8d1e3e89e3a7/Modules/Unity.AI.Tracing/TraceWriter.cs:297)
Unity.AI.Tracing.TraceLogger:Emit (string,string,string,string,Unity.AI.Tracing.TraceEventOptions,object,System.Exception) (at ./Library/PackageCache/com.unity.ai.assistant@8d1e3e89e3a7/Modules/Unity.AI.Tracing/TraceLogger.cs:105)
Unity.AI.Tracing.TraceLogger:Info (string,string,string,Unity.AI.Tracing.TraceEventOptions) (at ./Library/PackageCache/com.unity.ai.assistant@8d1e3e89e3a7/Modules/Unity.AI.Tracing/TraceLogger.cs:35)
Unity.AI.MCP.Editor.Helpers.McpLog/<>c__DisplayClass8_0:<LogDelayed>b__0 () (at ./Library/PackageCache/com.unity.ai.assistant@8d1e3e89e3a7/Modules/Unity.AI.MCP.Editor/Helpers/McpLog.cs:74)
Unity.AI.Toolkit.EditorTask/<>c__DisplayClass21_0:<DelayCall>b__0 () (at ./Library/PackageCache/com.unity.ai.assistant@8d1e3e89e3a7/Modules/Unity.AI.Toolkit.Async/EditorTask.cs:375)
UnityEditor.EditorApplication:Internal_CallUpdateFunctions () (at /Users/bokken/build/output/unity/unity/Editor/Mono/EditorApplication.cs:413)

(Filename: ./Library/PackageCache/com.unity.ai.assistant@8d1e3e89e3a7/Modules/Unity.AI.Tracing/TraceSinks.cs Line: 313)

Batch mode: auto-approving connection
  at Unity.AI.MCP.Editor.Bridge.ValidateAndApproveAsync (Unity.AI.MCP.Editor.Connection.IConnectionTransport transport, System.Threading.CancellationToken token, System.Boolean isBatchMode) [0x005b2] in ./Library/PackageCache/com.unity.ai.assistant@8d1e3e89e3a7/Modules/Unity.AI.MCP.Editor/Bridge.cs:1207 
  at System.Runtime.CompilerServices.AsyncMethodBuilderCore+MoveNextRunner.InvokeMoveNext (System.Object stateMachine) [0x00000] in <0e19fd8bd8e94908bba2ee4f803bc6a7>:0 
  at System.Threading.ExecutionContext.RunInternal (System.Threading.ExecutionContext executionContext, System.Threading.ContextCallback callback, System.Object state, System.Boolean preserveSyncCtx) [0x00000] in <0e19fd8bd8e94908bba2ee4f803bc6a7>:0 
  at System.Threading.ExecutionContext.Run (System.Threading.ExecutionContext executionContext, System.Threading.ContextCallback callback, System.Object state, System.Boolean preserveSyncCtx) [0x00000] in <0e19fd8bd8e94908bba2ee4f803bc6a7>:0 
  at System.Runtime.CompilerServices.AsyncMethodBuilderCore+MoveNextRunner.Run () [0x00000] in <0e19fd8bd8e94908bba2ee4f803bc6a7>:0 
  at System.Threading.Tasks.AwaitTaskContinuation.RunOrScheduleAction (System.Action action, System.Boolean allowInlining, System.Threading.Tasks.Task& currentTask) [0x00000] in <0e19fd8bd8e94908bba2ee4f803bc6a7>:0 
  at System.Threading.Tasks.Task.FinishContinuations () [0x00000] in <0e19fd8bd8e94908bba2ee4f803bc6a7>:0 
  at System.Threading.Tasks.Task.FinishStageThree () [0x00000] in <0e19fd8bd8e94908bba2ee4f803bc6a7>:0 
  at System.Threading.Tasks.Task.FinishStageTwo () [0x00000] in <0e19fd8bd8e94908bba2ee4f803bc6a7>:0 
  at System.Threading.Tasks.Task.Finish (System.Boolean bUserDelegateExecuted) [0x00000] in <0e19fd8bd8e94908bba2ee4f803bc6a7>:0 
  at System.Threading.Tasks.Task.ExecuteWithThreadLocal (System.Threading.Tasks.Task& currentTaskSlot) [0x00000] in <0e19fd8bd8e94908bba2ee4f803bc6a7>:0 
  at System.Threading.Tasks.Task.ExecuteEntry (System.Boolean bPreventDoubleExecution) [0x00000] in <0e19fd8bd8e94908bba2ee4f803bc6a7>:0 
  at System.Threading.Tasks.Task.System.Threading.IThreadPoolWorkItem.ExecuteWorkItem () [0x00000] in <0e19fd8bd8e94908bba2ee4f803bc6a7>:0 
  at System.Threading.ThreadPoolWorkQueue.Dispatch () [0x00000] in <0e19fd8bd8e94908bba2ee4f803bc6a7>:0 
  at System.Threading._ThreadPoolWaitCallback.PerformWaitCallback () [0x00000] in <0e19fd8bd8e94908bba2ee4f803bc6a7>:0 
UnityEngine.Debug:ExtractStackTraceNoAlloc (byte*,int,string)
UnityEngine.StackTraceUtility:ExtractStackTrace () (at /Users/bokken/build/output/unity/unity/Runtime/Export/Scripting/StackTrace.cs:23)
UnityEngine.DebugLogHandler:Internal_Log (UnityEngine.LogType,UnityEngine.LogOption,string,UnityEngine.Object)
UnityEngine.DebugLogHandler:LogFormat (UnityEngine.LogType,UnityEngine.Object,string,object[])
UnityEngine.Logger:Log (UnityEngine.LogType,object)
UnityEngine.Debug:Log (object)
Unity.AI.Tracing.ConsoleSink:LogToConsole (string,string,System.Exception) (at ./Library/PackageCache/com.unity.ai.assistant@8d1e3e89e3a7/Modules/Unity.AI.Tracing/TraceSinks.cs:313)
Unity.AI.Tracing.ConsoleSink:Write (Unity.AI.Tracing.TraceEvent) (at ./Library/PackageCache/com.unity.ai.assistant@8d1e3e89e3a7/Modules/Unity.AI.Tracing/TraceSinks.cs:277)
Unity.AI.Tracing.TraceWriter:WriteEventInternal (string,string,Unity.AI.Tracing.TraceEventOptions,string,System.Nullable`1<int>) (at ./Library/PackageCache/com.unity.ai.assistant@8d1e3e89e3a7/Modules/Unity.AI.Tracing/TraceWriter.cs:373)
Unity.AI.Tracing.TraceWriter:Event (string,Unity.AI.Tracing.TraceEventOptions) (at ./Library/PackageCache/com.unity.ai.assistant@8d1e3e89e3a7/Modules/Unity.AI.Tracing/TraceWriter.cs:297)
Unity.AI.Tracing.TraceLogger:Emit (string,string,string,string,Unity.AI.Tracing.TraceEventOptions,object,System.Exception) (at ./Library/PackageCache/com.unity.ai.assistant@8d1e3e89e3a7/Modules/Unity.AI.Tracing/TraceLogger.cs:105)
Unity.AI.Tracing.TraceLogger:Info (string,string,string,Unity.AI.Tracing.TraceEventOptions) (at ./Library/PackageCache/com.unity.ai.assistant@8d1e3e89e3a7/Modules/Unity.AI.Tracing/TraceLogger.cs:35)
Unity.AI.MCP.Editor.Helpers.McpLog/<>c__DisplayClass8_0:<LogDelayed>b__0 () (at ./Library/PackageCache/com.unity.ai.assistant@8d1e3e89e3a7/Modules/Unity.AI.MCP.Editor/Helpers/McpLog.cs:74)
Unity.AI.Toolkit.EditorTask/<>c__DisplayClass21_0:<DelayCall>b__0 () (at ./Library/PackageCache/com.unity.ai.assistant@8d1e3e89e3a7/Modules/Unity.AI.Toolkit.Async/EditorTask.cs:375)
UnityEditor.EditorApplication:Internal_CallUpdateFunctions () (at /Users/bokken/build/output/unity/unity/Editor/Mono/EditorApplication.cs:413)

(Filename: ./Library/PackageCache/com.unity.ai.assistant@8d1e3e89e3a7/Modules/Unity.AI.Tracing/TraceSinks.cs Line: 313)

Unloading 130 Unused Serialized files (Serialized files now loaded: 0)
UnloadTime: 4.423208 ms
Loaded scene 'Assets/_Game/Scenes/Dock.unity'
	Deserialize:            52.681 ms
	Integration:            97.885 ms
	Integration of assets:  5.338 ms
	Thread Wait Time:       0.025 ms
	Total Operation Time:   155.929 ms
Unloading 286 unused Assets / (229.0 KB). Loaded Objects now: 17726.
Memory consumption went from 0.51 GB to 0.51 GB.
Total: 65.810917 ms (FindLiveObjects: 1.593000 ms CreateObjectMapping: 0.435167 ms MarkObjects: 60.779125 ms  DeleteObjects: 2.710042 ms)

[CMD] 03:06:08 ACTIVATE_OBJECTIVE reach_compound
UnityEngine.Debug:ExtractStackTraceNoAlloc (byte*,int,string)
UnityEngine.StackTraceUtility:ExtractStackTrace () (at /Users/bokken/build/output/unity/unity/Runtime/Export/Scripting/StackTrace.cs:23)
UnityEngine.DebugLogHandler:Internal_Log (UnityEngine.LogType,UnityEngine.LogOption,string,UnityEngine.Object)
UnityEngine.DebugLogHandler:LogFormat (UnityEngine.LogType,UnityEngine.Object,string,object[])
UnityEngine.Logger:Log (UnityEngine.LogType,object)
UnityEngine.Debug:Log (object)
Escape.Core.CommandJournal:Record (string) (at Assets/_Game/Core/Commands/CommandJournal.cs:26)
Escape.Core.GameCommandDispatcher:Dispatch<Escape.Core.ActivateObjectiveCommand> (Escape.Core.ActivateObjectiveCommand) (at Assets/_Game/Core/Commands/GameCommandDispatcher.cs:36)
Escape.Gameplay.SceneBootstrap/<Start>d__5:MoveNext () (at Assets/_Game/Gameplay/World/SceneBootstrap.cs:54)
UnityEngine.SetupCoroutine:InvokeMoveNext (System.Collections.IEnumerator,intptr) (at /Users/bokken/build/output/unity/unity/Runtime/Export/Scripting/Coroutines.cs:17)

(Filename: Assets/_Game/Core/Commands/CommandJournal.cs Line: 26)

The character with Unicode value \u25B8 was not found in the [LiberationSans SDF] font asset or any potential fallbacks. It was replaced by Unicode character \u25A1 in text object [Objective].
UnityEngine.Debug:ExtractStackTraceNoAlloc (byte*,int,string)
UnityEngine.StackTraceUtility:ExtractStackTrace () (at /Users/bokken/build/output/unity/unity/Runtime/Export/Scripting/StackTrace.cs:23)
UnityEngine.DebugLogHandler:Internal_Log (UnityEngine.LogType,UnityEngine.LogOption,string,UnityEngine.Object)
UnityEngine.DebugLogHandler:LogFormat (UnityEngine.LogType,UnityEngine.Object,string,object[])
UnityEngine.Logger:Log (UnityEngine.LogType,object,UnityEngine.Object)
UnityEngine.Debug:LogWarning (object,UnityEngine.Object)
TMPro.TextMeshProUGUI:SetArraySizes (TMPro.TMP_Text/TextProcessingElement[]) (at ./Library/PackageCache/com.unity.ugui@23caec89ae27/Runtime/TMP/TextMeshProUGUI.cs:1980)
TMPro.TMP_Text:ParseInputText () (at ./Library/PackageCache/com.unity.ugui@23caec89ae27/Runtime/TMP/TMP_Text.cs:2157)
TMPro.TextMeshProUGUI:OnPreRenderCanvas () (at ./Library/PackageCache/com.unity.ugui@23caec89ae27/Runtime/TMP/TextMeshProUGUI.cs:2465)
TMPro.TextMeshProUGUI:Rebuild (UnityEngine.UI.CanvasUpdate) (at ./Library/PackageCache/com.unity.ugui@23caec89ae27/Runtime/TMP/TextMeshProUGUI.cs:226)
UnityEngine.UI.CanvasUpdateRegistry:PerformUpdate () (at ./Library/PackageCache/com.unity.ugui@23caec89ae27/Runtime/UGUI/UI/Core/CanvasUpdateRegistry.cs:226)
UnityEngine.Canvas:SendWillRenderCanvases () (at /Users/bokken/build/output/unity/unity/Modules/UI/ScriptBindings/UICanvas.bindings.cs:161)

(Filename: ./Library/PackageCache/com.unity.ugui@23caec89ae27/Runtime/TMP/TextMeshProUGUI.cs Line: 1980)

Unloading 50 Unused Serialized files (Serialized files now loaded: 0)
UnloadTime: 6.683292 ms
Loaded scene 'Assets/_Game/Scenes/Dock.unity'
	Deserialize:            7.408 ms
	Integration:            65.899 ms
	Integration of assets:  0.522 ms
	Thread Wait Time:       0.010 ms
	Total Operation Time:   73.839 ms
Unloading 93 unused Assets / (23.3 KB). Loaded Objects now: 17727.
Memory consumption went from 510.3 MB to 510.3 MB.
Total: 53.794750 ms (FindLiveObjects: 2.371542 ms CreateObjectMapping: 0.429333 ms MarkObjects: 50.648583 ms  DeleteObjects: 0.103750 ms)

[CMD] 03:06:09 ACTIVATE_OBJECTIVE reach_compound
UnityEngine.Debug:ExtractStackTraceNoAlloc (byte*,int,string)
UnityEngine.StackTraceUtility:ExtractStackTrace () (at /Users/bokken/build/output/unity/unity/Runtime/Export/Scripting/StackTrace.cs:23)
UnityEngine.DebugLogHandler:Internal_Log (UnityEngine.LogType,UnityEngine.LogOption,string,UnityEngine.Object)
UnityEngine.DebugLogHandler:LogFormat (UnityEngine.LogType,UnityEngine.Object,string,object[])
UnityEngine.Logger:Log (UnityEngine.LogType,object)
UnityEngine.Debug:Log (object)
Escape.Core.CommandJournal:Record (string) (at Assets/_Game/Core/Commands/CommandJournal.cs:26)
Escape.Core.GameCommandDispatcher:Dispatch<Escape.Core.ActivateObjectiveCommand> (Escape.Core.ActivateObjectiveCommand) (at Assets/_Game/Core/Commands/GameCommandDispatcher.cs:36)
Escape.Gameplay.SceneBootstrap/<Start>d__5:MoveNext () (at Assets/_Game/Gameplay/World/SceneBootstrap.cs:54)
UnityEngine.SetupCoroutine:InvokeMoveNext (System.Collections.IEnumerator,intptr) (at /Users/bokken/build/output/unity/unity/Runtime/Export/Scripting/Coroutines.cs:17)

(Filename: Assets/_Game/Core/Commands/CommandJournal.cs Line: 26)

The character with Unicode value \u25B8 was not found in the [LiberationSans SDF] font asset or any potential fallbacks. It was replaced by Unicode character \u25A1 in text object [Objective].
UnityEngine.Debug:ExtractStackTraceNoAlloc (byte*,int,string)
UnityEngine.StackTraceUtility:ExtractStackTrace () (at /Users/bokken/build/output/unity/unity/Runtime/Export/Scripting/StackTrace.cs:23)
UnityEngine.DebugLogHandler:Internal_Log (UnityEngine.LogType,UnityEngine.LogOption,string,UnityEngine.Object)
UnityEngine.DebugLogHandler:LogFormat (UnityEngine.LogType,UnityEngine.Object,string,object[])
UnityEngine.Logger:Log (UnityEngine.LogType,object,UnityEngine.Object)
UnityEngine.Debug:LogWarning (object,UnityEngine.Object)
TMPro.TextMeshProUGUI:SetArraySizes (TMPro.TMP_Text/TextProcessingElement[]) (at ./Library/PackageCache/com.unity.ugui@23caec89ae27/Runtime/TMP/TextMeshProUGUI.cs:1980)
TMPro.TMP_Text:ParseInputText () (at ./Library/PackageCache/com.unity.ugui@23caec89ae27/Runtime/TMP/TMP_Text.cs:2157)
TMPro.TextMeshProUGUI:OnPreRenderCanvas () (at ./Library/PackageCache/com.unity.ugui@23caec89ae27/Runtime/TMP/TextMeshProUGUI.cs:2465)
TMPro.TextMeshProUGUI:Rebuild (UnityEngine.UI.CanvasUpdate) (at ./Library/PackageCache/com.unity.ugui@23caec89ae27/Runtime/TMP/TextMeshProUGUI.cs:226)
UnityEngine.UI.CanvasUpdateRegistry:PerformUpdate () (at ./Library/PackageCache/com.unity.ugui@23caec89ae27/Runtime/UGUI/UI/Core/CanvasUpdateRegistry.cs:226)
UnityEngine.Canvas:SendWillRenderCanvases () (at /Users/bokken/build/output/unity/unity/Modules/UI/ScriptBindings/UICanvas.bindings.cs:161)

(Filename: ./Library/PackageCache/com.unity.ugui@23caec89ae27/Runtime/TMP/TextMeshProUGUI.cs Line: 1980)

[CMD] 03:06:09 CHANGE_SCENE dock
UnityEngine.Debug:ExtractStackTraceNoAlloc (byte*,int,string)
UnityEngine.StackTraceUtility:ExtractStackTrace () (at /Users/bokken/build/output/unity/unity/Runtime/Export/Scripting/StackTrace.cs:23)
UnityEngine.DebugLogHandler:Internal_Log (UnityEngine.LogType,UnityEngine.LogOption,string,UnityEngine.Object)
UnityEngine.DebugLogHandler:LogFormat (UnityEngine.LogType,UnityEngine.Object,string,object[])
UnityEngine.Logger:Log (UnityEngine.LogType,object)
UnityEngine.Debug:Log (object)
Escape.Core.CommandJournal:Record (string) (at Assets/_Game/Core/Commands/CommandJournal.cs:26)
Escape.Core.GameCommandDispatcher:Dispatch<Escape.Core.ChangeSceneCommand> (Escape.Core.ChangeSceneCommand) (at Assets/_Game/Core/Commands/GameCommandDispatcher.cs:36)
Escape.Core.SaveService:Load (string) (at Assets/_Game/Core/Persistence/SaveService.cs:280)
Escape.Tests.PlayMode.SceneIntegrationTests/<Save_Load_RoundTrip_RestoresLivePose>d__5:MoveNext () (at Assets/_Game/Tests/PlayMode/SceneIntegrationTests.cs:88)
UnityEngine.TestTools.TestEnumerator/<Execute>d__8:MoveNext () (at ./Library/PackageCache/com.unity.test-framework@7a3849e09bd0/UnityEngine.TestRunner/NUnitExtensions/Attributes/TestEnumerator.cs:52)
UnityEngine.TestTools.EnumerableTestMethodCommand/<ExecuteEnumerableAndRecordExceptions>d__4:MoveNext () (at ./Library/PackageCache/com.unity.test-framework@7a3849e09bd0/UnityEngine.TestRunner/NUnitExtensions/Commands/EnumerableTestMethodCommand.cs:85)
UnityEngine.TestTools.EnumerableTestMethodCommand:AdvanceEnumerator (System.Collections.IEnumerator) (at ./Library/PackageCache/com.unity.test-framework@7a3849e09bd0/UnityEngine.TestRunner/NUnitExtensions/Commands/EnumerableTestMethodCommand.cs:64)
UnityEngine.TestTools.EnumerableTestMethodCommand/<ExecuteEnumerable>d__2:MoveNext () (at ./Library/PackageCache/com.unity.test-framework@7a3849e09bd0/UnityEngine.TestRunner/NUnitExtensions/Commands/EnumerableTestMethodCommand.cs:47)
UnityEngine.TestRunner.NUnitExtensions.Runner.UnityLogCheckDelegatingCommand/<ExecuteEnumerable>d__4:MoveNext () (at ./Library/PackageCache/com.unity.test-framework@7a3849e09bd0/UnityEngine.TestRunner/NUnitExtensions/Runner/UnityLogCheckDelegatingCommand.cs:66)
UnityEngine.TestTools.BeforeAfterTestCommandBase`1/<ExecuteEnumerable>d__16<NUnit.Framework.ITestAction>:MoveNext () (at ./Library/PackageCache/com.unity.test-framework@7a3849e09bd0/UnityEngine.TestRunner/NUnitExtensions/Commands/BeforeAfterTestCommandBase.cs:213)
UnityEngine.TestTools.BeforeAfterTestCommandBase`1/<ExecuteEnumerable>d__16<System.Reflection.MethodInfo>:MoveNext () (at ./Library/PackageCache/com.unity.test-framework@7a3849e09bd0/UnityEngine.TestRunner/NUnitExtensions/Commands/BeforeAfterTestCommandBase.cs:213)
UnityEngine.TestTools.BeforeAfterTestCommandBase`1/<ExecuteEnumerable>d__16<System.Reflection.MethodInfo>:MoveNext () (at ./Library/PackageCache/com.unity.test-framework@7a3849e09bd0/UnityEngine.TestRunner/NUnitExtensions/Commands/BeforeAfterTestCommandBase.cs:213)
UnityEngine.TestTools.BeforeAfterTestCommandBase`1/<ExecuteEnumerable>d__16<UnityEngine.TestTools.IOuterUnityTestAction>:MoveNext () (at ./Library/PackageCache/com.unity.test-framework@7a3849e09bd0/UnityEngine.TestRunner/NUnitExtensions/Commands/BeforeAfterTestCommandBase.cs:213)
UnityEngine.TestTools.RetryCommand/<ExecuteEnumerable>d__2:MoveNext () (at ./Library/PackageCache/com.unity.test-framework@7a3849e09bd0/UnityEngine.TestRunner/NUnitExtensions/Commands/RetryCommand.cs:37)
UnityEngine.TestTools.RepeatCommand/<ExecuteEnumerable>d__2:MoveNext () (at ./Library/PackageCache/com.unity.test-framework@7a3849e09bd0/UnityEngine.TestRunner/NUnitExtensions/Commands/RepeatCommand.cs:36)
UnityEngine.TestTools.IgnoreTestCommand/<ExecuteEnumerable>d__3:MoveNext () (at ./Library/PackageCache/com.unity.test-framework@7a3849e09bd0/UnityEngine.TestRunner/NUnitExtensions/Commands/IgnoreTestCommand.cs:42)
UnityEngine.TestTools.StrictCheckCommand/<ExecuteEnumerable>d__2:MoveNext () (at ./Library/PackageCache/com.unity.test-framework@7a3849e09bd0/UnityEngine.TestRunner/NUnitExtensions/Commands/StrictCheckCommand.cs:29)
UnityEngine.TestTools.Utils.CoroutineRunner/<WrapEnumeratorForChecks>d__8:MoveNext () (at ./Library/PackageCache/com.unity.test-framework@7a3849e09bd0/UnityEngine.TestRunner/Utils/CoroutineRunner.cs:58)
UnityEngine.SetupCoroutine:InvokeMoveNext (System.Collections.IEnumerator,intptr) (at /Users/bokken/build/output/unity/unity/Runtime/Export/Scripting/Coroutines.cs:17)

(Filename: Assets/_Game/Core/Commands/CommandJournal.cs Line: 26)

Unloading 9 Unused Serialized files (Serialized files now loaded: 0)
UnloadTime: 2.182542 ms
Loaded scene 'Assets/_Game/Scenes/Dock.unity'
	Deserialize:            4.179 ms
	Integration:            71.316 ms
	Integration of assets:  1.538 ms
	Thread Wait Time:       0.003 ms
	Total Operation Time:   77.036 ms
Unloading 92 unused Assets / (57.1 KB). Loaded Objects now: 17728.
Memory consumption went from 496.0 MB to 495.9 MB.
Total: 58.760584 ms (FindLiveObjects: 1.131834 ms CreateObjectMapping: 0.913250 ms MarkObjects: 55.706000 ms  DeleteObjects: 0.224625 ms)

[CMD] 03:06:10 ACTIVATE_OBJECTIVE reach_compound
UnityEngine.Debug:ExtractStackTraceNoAlloc (byte*,int,string)
UnityEngine.StackTraceUtility:ExtractStackTrace () (at /Users/bokken/build/output/unity/unity/Runtime/Export/Scripting/StackTrace.cs:23)
UnityEngine.DebugLogHandler:Internal_Log (UnityEngine.LogType,UnityEngine.LogOption,string,UnityEngine.Object)
UnityEngine.DebugLogHandler:LogFormat (UnityEngine.LogType,UnityEngine.Object,string,object[])
UnityEngine.Logger:Log (UnityEngine.LogType,object)
UnityEngine.Debug:Log (object)
Escape.Core.CommandJournal:Record (string) (at Assets/_Game/Core/Commands/CommandJournal.cs:26)
Escape.Core.GameCommandDispatcher:Dispatch<Escape.Core.ActivateObjectiveCommand> (Escape.Core.ActivateObjectiveCommand) (at Assets/_Game/Core/Commands/GameCommandDispatcher.cs:36)
Escape.Gameplay.SceneBootstrap/<Start>d__5:MoveNext () (at Assets/_Game/Gameplay/World/SceneBootstrap.cs:54)
UnityEngine.SetupCoroutine:InvokeMoveNext (System.Collections.IEnumerator,intptr) (at /Users/bokken/build/output/unity/unity/Runtime/Export/Scripting/Coroutines.cs:17)

(Filename: Assets/_Game/Core/Commands/CommandJournal.cs Line: 26)

The character with Unicode value \u25B8 was not found in the [LiberationSans SDF] font asset or any potential fallbacks. It was replaced by Unicode character \u25A1 in text object [Objective].
UnityEngine.Debug:ExtractStackTraceNoAlloc (byte*,int,string)
UnityEngine.StackTraceUtility:ExtractStackTrace () (at /Users/bokken/build/output/unity/unity/Runtime/Export/Scripting/StackTrace.cs:23)
UnityEngine.DebugLogHandler:Internal_Log (UnityEngine.LogType,UnityEngine.LogOption,string,UnityEngine.Object)
UnityEngine.DebugLogHandler:LogFormat (UnityEngine.LogType,UnityEngine.Object,string,object[])
UnityEngine.Logger:Log (UnityEngine.LogType,object,UnityEngine.Object)
UnityEngine.Debug:LogWarning (object,UnityEngine.Object)
TMPro.TextMeshProUGUI:SetArraySizes (TMPro.TMP_Text/TextProcessingElement[]) (at ./Library/PackageCache/com.unity.ugui@23caec89ae27/Runtime/TMP/TextMeshProUGUI.cs:1980)
TMPro.TMP_Text:ParseInputText () (at ./Library/PackageCache/com.unity.ugui@23caec89ae27/Runtime/TMP/TMP_Text.cs:2157)
TMPro.TextMeshProUGUI:OnPreRenderCanvas () (at ./Library/PackageCache/com.unity.ugui@23caec89ae27/Runtime/TMP/TextMeshProUGUI.cs:2465)
TMPro.TextMeshProUGUI:Rebuild (UnityEngine.UI.CanvasUpdate) (at ./Library/PackageCache/com.unity.ugui@23caec89ae27/Runtime/TMP/TextMeshProUGUI.cs:226)
UnityEngine.UI.CanvasUpdateRegistry:PerformUpdate () (at ./Library/PackageCache/com.unity.ugui@23caec89ae27/Runtime/UGUI/UI/Core/CanvasUpdateRegistry.cs:226)
UnityEngine.Canvas:SendWillRenderCanvases () (at /Users/bokken/build/output/unity/unity/Modules/UI/ScriptBindings/UICanvas.bindings.cs:161)

(Filename: ./Library/PackageCache/com.unity.ugui@23caec89ae27/Runtime/TMP/TextMeshProUGUI.cs Line: 1980)

Unloading 8 Unused Serialized files (Serialized files now loaded: 0)
UnloadTime: 2.002125 ms
Loaded scene 'Assets/_Game/Scenes/Dock.unity'
	Deserialize:            4.360 ms
	Integration:            41.212 ms
	Integration of assets:  0.184 ms
	Thread Wait Time:       0.004 ms
	Total Operation Time:   45.759 ms
Unloading 92 unused Assets / (38.3 KB). Loaded Objects now: 17728.
Memory consumption went from 490.1 MB to 490.0 MB.
Total: 45.185584 ms (FindLiveObjects: 0.822125 ms CreateObjectMapping: 0.477291 ms MarkObjects: 43.487084 ms  DeleteObjects: 0.146625 ms)

[CMD] 03:06:10 ACTIVATE_OBJECTIVE reach_compound
UnityEngine.Debug:ExtractStackTraceNoAlloc (byte*,int,string)
UnityEngine.StackTraceUtility:ExtractStackTrace () (at /Users/bokken/build/output/unity/unity/Runtime/Export/Scripting/StackTrace.cs:23)
UnityEngine.DebugLogHandler:Internal_Log (UnityEngine.LogType,UnityEngine.LogOption,string,UnityEngine.Object)
UnityEngine.DebugLogHandler:LogFormat (UnityEngine.LogType,UnityEngine.Object,string,object[])
UnityEngine.Logger:Log (UnityEngine.LogType,object)
UnityEngine.Debug:Log (object)
Escape.Core.CommandJournal:Record (string) (at Assets/_Game/Core/Commands/CommandJournal.cs:26)
Escape.Core.GameCommandDispatcher:Dispatch<Escape.Core.ActivateObjectiveCommand> (Escape.Core.ActivateObjectiveCommand) (at Assets/_Game/Core/Commands/GameCommandDispatcher.cs:36)
Escape.Gameplay.SceneBootstrap/<Start>d__5:MoveNext () (at Assets/_Game/Gameplay/World/SceneBootstrap.cs:54)
UnityEngine.SetupCoroutine:InvokeMoveNext (System.Collections.IEnumerator,intptr) (at /Users/bokken/build/output/unity/unity/Runtime/Export/Scripting/Coroutines.cs:17)

(Filename: Assets/_Game/Core/Commands/CommandJournal.cs Line: 26)

[SceneService] 'Dock' never signalled SceneReady — transition failed, SceneChanged withheld.
UnityEngine.Debug:ExtractStackTraceNoAlloc (byte*,int,string)
UnityEngine.StackTraceUtility:ExtractStackTrace () (at /Users/bokken/build/output/unity/unity/Runtime/Export/Scripting/StackTrace.cs:23)
UnityEngine.DebugLogHandler:Internal_Log (UnityEngine.LogType,UnityEngine.LogOption,string,UnityEngine.Object)
UnityEngine.DebugLogHandler:LogFormat (UnityEngine.LogType,UnityEngine.Object,string,object[])
UnityEngine.Logger:Log (UnityEngine.LogType,object)
UnityEngine.Debug:LogError (object)
Escape.Core.SceneService/<LoadRoutine>d__21:MoveNext () (at Assets/_Game/Core/Services/SceneService.cs:107)
UnityEngine.SetupCoroutine:InvokeMoveNext (System.Collections.IEnumerator,intptr) (at /Users/bokken/build/output/unity/unity/Runtime/Export/Scripting/Coroutines.cs:17)

(Filename: Assets/_Game/Core/Services/SceneService.cs Line: 107)

The character with Unicode value \u25B8 was not found in the [LiberationSans SDF] font asset or any potential fallbacks. It was replaced by Unicode character \u25A1 in text object [Objective].
UnityEngine.Debug:ExtractStackTraceNoAlloc (byte*,int,string)
UnityEngine.StackTraceUtility:ExtractStackTrace () (at /Users/bokken/build/output/unity/unity/Runtime/Export/Scripting/StackTrace.cs:23)
UnityEngine.DebugLogHandler:Internal_Log (UnityEngine.LogType,UnityEngine.LogOption,string,UnityEngine.Object)
UnityEngine.DebugLogHandler:LogFormat (UnityEngine.LogType,UnityEngine.Object,string,object[])
UnityEngine.Logger:Log (UnityEngine.LogType,object,UnityEngine.Object)
UnityEngine.Debug:LogWarning (object,UnityEngine.Object)
TMPro.TextMeshProUGUI:SetArraySizes (TMPro.TMP_Text/TextProcessingElement[]) (at ./Library/PackageCache/com.unity.ugui@23caec89ae27/Runtime/TMP/TextMeshProUGUI.cs:1980)
TMPro.TMP_Text:ParseInputText () (at ./Library/PackageCache/com.unity.ugui@23caec89ae27/Runtime/TMP/TMP_Text.cs:2157)
TMPro.TextMeshProUGUI:OnPreRenderCanvas () (at ./Library/PackageCache/com.unity.ugui@23caec89ae27/Runtime/TMP/TextMeshProUGUI.cs:2465)
TMPro.TextMeshProUGUI:Rebuild (UnityEngine.UI.CanvasUpdate) (at ./Library/PackageCache/com.unity.ugui@23caec89ae27/Runtime/TMP/TextMeshProUGUI.cs:226)
UnityEngine.UI.CanvasUpdateRegistry:PerformUpdate () (at ./Library/PackageCache/com.unity.ugui@23caec89ae27/Runtime/UGUI/UI/Core/CanvasUpdateRegistry.cs:226)
UnityEngine.Canvas:SendWillRenderCanvases () (at /Users/bokken/build/output/unity/unity/Modules/UI/ScriptBindings/UICanvas.bindings.cs:161)

(Filename: ./Library/PackageCache/com.unity.ugui@23caec89ae27/Runtime/TMP/TextMeshProUGUI.cs Line: 1980)

[SceneService] Recovery into 'MainMenu' also failed readiness — the session has no trusted scene.
UnityEngine.Debug:ExtractStackTraceNoAlloc (byte*,int,string)
UnityEngine.StackTraceUtility:ExtractStackTrace () (at /Users/bokken/build/output/unity/unity/Runtime/Export/Scripting/StackTrace.cs:23)
UnityEngine.DebugLogHandler:Internal_Log (UnityEngine.LogType,UnityEngine.LogOption,string,UnityEngine.Object)
UnityEngine.DebugLogHandler:LogFormat (UnityEngine.LogType,UnityEngine.Object,string,object[])
UnityEngine.Logger:Log (UnityEngine.LogType,object)
UnityEngine.Debug:LogError (object)
Escape.Core.SceneService/<Recover>d__23:MoveNext () (at Assets/_Game/Core/Services/SceneService.cs:209)
UnityEngine.SetupCoroutine:InvokeMoveNext (System.Collections.IEnumerator,intptr) (at /Users/bokken/build/output/unity/unity/Runtime/Export/Scripting/Coroutines.cs:17)

(Filename: Assets/_Game/Core/Services/SceneService.cs Line: 209)

Unloading 9 Unused Serialized files (Serialized files now loaded: 0)
UnloadTime: 1.136250 ms
Loaded scene 'Assets/_Game/Scenes/MainMenu.unity'
	Deserialize:            3.205 ms
	Integration:            46.286 ms
	Integration of assets:  0.011 ms
	Thread Wait Time:       -0.006 ms
	Total Operation Time:   49.497 ms
Unloading 52 unused Assets / (456.1 KB). Loaded Objects now: 16965.
Memory consumption went from 488.5 MB to 488.1 MB.
Total: 54.054250 ms (FindLiveObjects: 1.764875 ms CreateObjectMapping: 0.413916 ms MarkObjects: 50.961250 ms  DeleteObjects: 0.622542 ms)

Unloading 2 Unused Serialized files (Serialized files now loaded: 0)
UnloadTime: 0.592000 ms
Loaded scene 'Assets/_Game/Scenes/MainMenu.unity'
	Deserialize:            0.639 ms
	Integration:            30.228 ms
	Integration of assets:  0.001 ms
	Thread Wait Time:       0.007 ms
	Total Operation Time:   30.876 ms
Unloading 12 unused Assets / (11.6 KB). Loaded Objects now: 16965.
Memory consumption went from 480.0 MB to 480.0 MB.
Total: 41.798875 ms (FindLiveObjects: 0.750958 ms CreateObjectMapping: 0.410417 ms MarkObjects: 40.369667 ms  DeleteObjects: 0.038083 ms)

[SceneService] 'MainMenu' never signalled SceneReady — transition failed, SceneChanged withheld.
UnityEngine.Debug:ExtractStackTraceNoAlloc (byte*,int,string)
UnityEngine.StackTraceUtility:ExtractStackTrace () (at /Users/bokken/build/output/unity/unity/Runtime/Export/Scripting/StackTrace.cs:23)
UnityEngine.DebugLogHandler:Internal_Log (UnityEngine.LogType,UnityEngine.LogOption,string,UnityEngine.Object)
UnityEngine.DebugLogHandler:LogFormat (UnityEngine.LogType,UnityEngine.Object,string,object[])
UnityEngine.Logger:Log (UnityEngine.LogType,object)
UnityEngine.Debug:LogError (object)
Escape.Core.SceneService/<LoadRoutine>d__21:MoveNext () (at Assets/_Game/Core/Services/SceneService.cs:107)
UnityEngine.SetupCoroutine:InvokeMoveNext (System.Collections.IEnumerator,intptr) (at /Users/bokken/build/output/unity/unity/Runtime/Export/Scripting/Coroutines.cs:17)

(Filename: Assets/_Game/Core/Services/SceneService.cs Line: 107)

[SceneService] 'main_menu' failed readiness and there is no recovery scene to fall back to — the session has no trusted scene.
UnityEngine.Debug:ExtractStackTraceNoAlloc (byte*,int,string)
UnityEngine.StackTraceUtility:ExtractStackTrace () (at /Users/bokken/build/output/unity/unity/Runtime/Export/Scripting/StackTrace.cs:23)
UnityEngine.DebugLogHandler:Internal_Log (UnityEngine.LogType,UnityEngine.LogOption,string,UnityEngine.Object)
UnityEngine.DebugLogHandler:LogFormat (UnityEngine.LogType,UnityEngine.Object,string,object[])
UnityEngine.Logger:Log (UnityEngine.LogType,object)
UnityEngine.Debug:LogError (object)
Escape.Core.SceneService/<Recover>d__23:MoveNext () (at Assets/_Game/Core/Services/SceneService.cs:189)
UnityEngine.SetupCoroutine:InvokeMoveNext (System.Collections.IEnumerator,intptr) (at /Users/bokken/build/output/unity/unity/Runtime/Export/Scripting/Coroutines.cs:17)

(Filename: Assets/_Game/Core/Services/SceneService.cs Line: 189)

Unloading 38 Unused Serialized files (Serialized files now loaded: 0)
UnloadTime: 0.627292 ms
Loaded scene 'Assets/_Game/Scenes/Dock.unity'
	Deserialize:            18.885 ms
	Integration:            43.570 ms
	Integration of assets:  0.368 ms
	Thread Wait Time:       0.004 ms
	Total Operation Time:   62.827 ms
Unloading 92 unused Assets / (75.9 KB). Loaded Objects now: 17728.
Memory consumption went from 489.6 MB to 489.6 MB.
Total: 48.310875 ms (FindLiveObjects: 0.801083 ms CreateObjectMapping: 0.487959 ms MarkObjects: 46.278834 ms  DeleteObjects: 0.435542 ms)

[CMD] 03:06:11 ACTIVATE_OBJECTIVE reach_compound
UnityEngine.Debug:ExtractStackTraceNoAlloc (byte*,int,string)
UnityEngine.StackTraceUtility:ExtractStackTrace () (at /Users/bokken/build/output/unity/unity/Runtime/Export/Scripting/StackTrace.cs:23)
UnityEngine.DebugLogHandler:Internal_Log (UnityEngine.LogType,UnityEngine.LogOption,string,UnityEngine.Object)
UnityEngine.DebugLogHandler:LogFormat (UnityEngine.LogType,UnityEngine.Object,string,object[])
UnityEngine.Logger:Log (UnityEngine.LogType,object)
UnityEngine.Debug:Log (object)
Escape.Core.CommandJournal:Record (string) (at Assets/_Game/Core/Commands/CommandJournal.cs:26)
Escape.Core.GameCommandDispatcher:Dispatch<Escape.Core.ActivateObjectiveCommand> (Escape.Core.ActivateObjectiveCommand) (at Assets/_Game/Core/Commands/GameCommandDispatcher.cs:36)
Escape.Gameplay.SceneBootstrap/<Start>d__5:MoveNext () (at Assets/_Game/Gameplay/World/SceneBootstrap.cs:54)
UnityEngine.SetupCoroutine:InvokeMoveNext (System.Collections.IEnumerator,intptr) (at /Users/bokken/build/output/unity/unity/Runtime/Export/Scripting/Coroutines.cs:17)

(Filename: Assets/_Game/Core/Commands/CommandJournal.cs Line: 26)

The character with Unicode value \u25B8 was not found in the [LiberationSans SDF] font asset or any potential fallbacks. It was replaced by Unicode character \u25A1 in text object [Objective].
UnityEngine.Debug:ExtractStackTraceNoAlloc (byte*,int,string)
UnityEngine.StackTraceUtility:ExtractStackTrace () (at /Users/bokken/build/output/unity/unity/Runtime/Export/Scripting/StackTrace.cs:23)
UnityEngine.DebugLogHandler:Internal_Log (UnityEngine.LogType,UnityEngine.LogOption,string,UnityEngine.Object)
UnityEngine.DebugLogHandler:LogFormat (UnityEngine.LogType,UnityEngine.Object,string,object[])
UnityEngine.Logger:Log (UnityEngine.LogType,object,UnityEngine.Object)
UnityEngine.Debug:LogWarning (object,UnityEngine.Object)
TMPro.TextMeshProUGUI:SetArraySizes (TMPro.TMP_Text/TextProcessingElement[]) (at ./Library/PackageCache/com.unity.ugui@23caec89ae27/Runtime/TMP/TextMeshProUGUI.cs:1980)
TMPro.TMP_Text:ParseInputText () (at ./Library/PackageCache/com.unity.ugui@23caec89ae27/Runtime/TMP/TMP_Text.cs:2157)
TMPro.TextMeshProUGUI:OnPreRenderCanvas () (at ./Library/PackageCache/com.unity.ugui@23caec89ae27/Runtime/TMP/TextMeshProUGUI.cs:2465)
TMPro.TextMeshProUGUI:Rebuild (UnityEngine.UI.CanvasUpdate) (at ./Library/PackageCache/com.unity.ugui@23caec89ae27/Runtime/TMP/TextMeshProUGUI.cs:226)
UnityEngine.UI.CanvasUpdateRegistry:PerformUpdate () (at ./Library/PackageCache/com.unity.ugui@23caec89ae27/Runtime/UGUI/UI/Core/CanvasUpdateRegistry.cs:226)
UnityEngine.Canvas:SendWillRenderCanvases () (at /Users/bokken/build/output/unity/unity/Modules/UI/ScriptBindings/UICanvas.bindings.cs:161)

(Filename: ./Library/PackageCache/com.unity.ugui@23caec89ae27/Runtime/TMP/TextMeshProUGUI.cs Line: 1980)

[SceneService] 'ServiceEntrance' never signalled SceneReady — transition failed, SceneChanged withheld.
UnityEngine.Debug:ExtractStackTraceNoAlloc (byte*,int,string)
UnityEngine.StackTraceUtility:ExtractStackTrace () (at /Users/bokken/build/output/unity/unity/Runtime/Export/Scripting/StackTrace.cs:23)
UnityEngine.DebugLogHandler:Internal_Log (UnityEngine.LogType,UnityEngine.LogOption,string,UnityEngine.Object)
UnityEngine.DebugLogHandler:LogFormat (UnityEngine.LogType,UnityEngine.Object,string,object[])
UnityEngine.Logger:Log (UnityEngine.LogType,object)
UnityEngine.Debug:LogError (object)
Escape.Core.SceneService/<LoadRoutine>d__21:MoveNext () (at Assets/_Game/Core/Services/SceneService.cs:107)
UnityEngine.SetupCoroutine:InvokeMoveNext (System.Collections.IEnumerator,intptr) (at /Users/bokken/build/output/unity/unity/Runtime/Export/Scripting/Coroutines.cs:17)

(Filename: Assets/_Game/Core/Services/SceneService.cs Line: 107)

Unloading 31 Unused Serialized files (Serialized files now loaded: 0)
UnloadTime: 3.651542 ms
Loaded scene 'Assets/_Game/Scenes/ServiceEntrance.unity'
	Deserialize:            24.513 ms
	Integration:            67.525 ms
	Integration of assets:  1.499 ms
	Thread Wait Time:       0.048 ms
	Total Operation Time:   93.585 ms
Unloading 174 unused Assets / (424.5 KB). Loaded Objects now: 17865.
Memory consumption went from 493.0 MB to 492.6 MB.
Total: 101.657416 ms (FindLiveObjects: 5.100708 ms CreateObjectMapping: 1.406292 ms MarkObjects: 94.469000 ms  DeleteObjects: 0.290792 ms)

[CMD] 03:06:12 COMPLETE_OBJECTIVE infiltrate_service
UnityEngine.Debug:ExtractStackTraceNoAlloc (byte*,int,string)
UnityEngine.StackTraceUtility:ExtractStackTrace () (at /Users/bokken/build/output/unity/unity/Runtime/Export/Scripting/StackTrace.cs:23)
UnityEngine.DebugLogHandler:Internal_Log (UnityEngine.LogType,UnityEngine.LogOption,string,UnityEngine.Object)
UnityEngine.DebugLogHandler:LogFormat (UnityEngine.LogType,UnityEngine.Object,string,object[])
UnityEngine.Logger:Log (UnityEngine.LogType,object)
UnityEngine.Debug:Log (object)
Escape.Core.CommandJournal:Record (string) (at Assets/_Game/Core/Commands/CommandJournal.cs:26)
Escape.Core.GameCommandDispatcher:Dispatch<Escape.Core.CompleteObjectiveCommand> (Escape.Core.CompleteObjectiveCommand) (at Assets/_Game/Core/Commands/GameCommandDispatcher.cs:36)
Escape.Gameplay.SceneBootstrap/<Start>d__5:MoveNext () (at Assets/_Game/Gameplay/World/SceneBootstrap.cs:52)
UnityEngine.SetupCoroutine:InvokeMoveNext (System.Collections.IEnumerator,intptr) (at /Users/bokken/build/output/unity/unity/Runtime/Export/Scripting/Coroutines.cs:17)

(Filename: Assets/_Game/Core/Commands/CommandJournal.cs Line: 26)

The character with Unicode value \u25B8 was not found in the [LiberationSans SDF] font asset or any potential fallbacks. It was replaced by Unicode character \u25A1 in text object [Objective].
UnityEngine.Debug:ExtractStackTraceNoAlloc (byte*,int,string)
UnityEngine.StackTraceUtility:ExtractStackTrace () (at /Users/bokken/build/output/unity/unity/Runtime/Export/Scripting/StackTrace.cs:23)
UnityEngine.DebugLogHandler:Internal_Log (UnityEngine.LogType,UnityEngine.LogOption,string,UnityEngine.Object)
UnityEngine.DebugLogHandler:LogFormat (UnityEngine.LogType,UnityEngine.Object,string,object[])
UnityEngine.Logger:Log (UnityEngine.LogType,object,UnityEngine.Object)
UnityEngine.Debug:LogWarning (object,UnityEngine.Object)
TMPro.TextMeshProUGUI:SetArraySizes (TMPro.TMP_Text/TextProcessingElement[]) (at ./Library/PackageCache/com.unity.ugui@23caec89ae27/Runtime/TMP/TextMeshProUGUI.cs:1980)
TMPro.TMP_Text:ParseInputText () (at ./Library/PackageCache/com.unity.ugui@23caec89ae27/Runtime/TMP/TMP_Text.cs:2157)
TMPro.TextMeshProUGUI:OnPreRenderCanvas () (at ./Library/PackageCache/com.unity.ugui@23caec89ae27/Runtime/TMP/TextMeshProUGUI.cs:2465)
TMPro.TextMeshProUGUI:Rebuild (UnityEngine.UI.CanvasUpdate) (at ./Library/PackageCache/com.unity.ugui@23caec89ae27/Runtime/TMP/TextMeshProUGUI.cs:226)
UnityEngine.UI.CanvasUpdateRegistry:PerformUpdate () (at ./Library/PackageCache/com.unity.ugui@23caec89ae27/Runtime/UGUI/UI/Core/CanvasUpdateRegistry.cs:226)
UnityEngine.Canvas:SendWillRenderCanvases () (at /Users/bokken/build/output/unity/unity/Modules/UI/ScriptBindings/UICanvas.bindings.cs:161)

(Filename: ./Library/PackageCache/com.unity.ugui@23caec89ae27/Runtime/TMP/TextMeshProUGUI.cs Line: 1980)

Unloading 25 Unused Serialized files (Serialized files now loaded: 0)
UnloadTime: 12.546334 ms
Loaded scene 'Assets/_Game/Scenes/Dock.unity'
	Deserialize:            7.882 ms
	Integration:            59.819 ms
	Integration of assets:  0.370 ms
	Thread Wait Time:       0.004 ms
	Total Operation Time:   68.074 ms
Unloading 110 unused Assets / (379.2 KB). Loaded Objects now: 17729.
Memory consumption went from 492.6 MB to 492.2 MB.
Total: 43.617166 ms (FindLiveObjects: 1.037666 ms CreateObjectMapping: 0.504292 ms MarkObjects: 41.460833 ms  DeleteObjects: 0.353333 ms)

[CMD] 03:06:12 ACTIVATE_OBJECTIVE reach_compound
UnityEngine.Debug:ExtractStackTraceNoAlloc (byte*,int,string)
UnityEngine.StackTraceUtility:ExtractStackTrace () (at /Users/bokken/build/output/unity/unity/Runtime/Export/Scripting/StackTrace.cs:23)
UnityEngine.DebugLogHandler:Internal_Log (UnityEngine.LogType,UnityEngine.LogOption,string,UnityEngine.Object)
UnityEngine.DebugLogHandler:LogFormat (UnityEngine.LogType,UnityEngine.Object,string,object[])
UnityEngine.Logger:Log (UnityEngine.LogType,object)
UnityEngine.Debug:Log (object)
Escape.Core.CommandJournal:Record (string) (at Assets/_Game/Core/Commands/CommandJournal.cs:26)
Escape.Core.GameCommandDispatcher:Dispatch<Escape.Core.ActivateObjectiveCommand> (Escape.Core.ActivateObjectiveCommand) (at Assets/_Game/Core/Commands/GameCommandDispatcher.cs:36)
Escape.Gameplay.SceneBootstrap/<Start>d__5:MoveNext () (at Assets/_Game/Gameplay/World/SceneBootstrap.cs:54)
UnityEngine.SetupCoroutine:InvokeMoveNext (System.Collections.IEnumerator,intptr) (at /Users/bokken/build/output/unity/unity/Runtime/Export/Scripting/Coroutines.cs:17)

(Filename: Assets/_Game/Core/Commands/CommandJournal.cs Line: 26)

[SceneService] Recovered from 'service_entrance' by returning to 'Dock'.
UnityEngine.Debug:ExtractStackTraceNoAlloc (byte*,int,string)
UnityEngine.StackTraceUtility:ExtractStackTrace () (at /Users/bokken/build/output/unity/unity/Runtime/Export/Scripting/StackTrace.cs:23)
UnityEngine.DebugLogHandler:Internal_Log (UnityEngine.LogType,UnityEngine.LogOption,string,UnityEngine.Object)
UnityEngine.DebugLogHandler:LogFormat (UnityEngine.LogType,UnityEngine.Object,string,object[])
UnityEngine.Logger:Log (UnityEngine.LogType,object)
UnityEngine.Debug:LogWarning (object)
Escape.Core.SceneService/<Recover>d__23:MoveNext () (at Assets/_Game/Core/Services/SceneService.cs:216)
UnityEngine.SetupCoroutine:InvokeMoveNext (System.Collections.IEnumerator,intptr) (at /Users/bokken/build/output/unity/unity/Runtime/Export/Scripting/Coroutines.cs:17)

(Filename: Assets/_Game/Core/Services/SceneService.cs Line: 216)

The character with Unicode value \u25B8 was not found in the [LiberationSans SDF] font asset or any potential fallbacks. It was replaced by Unicode character \u25A1 in text object [Objective].
UnityEngine.Debug:ExtractStackTraceNoAlloc (byte*,int,string)
UnityEngine.StackTraceUtility:ExtractStackTrace () (at /Users/bokken/build/output/unity/unity/Runtime/Export/Scripting/StackTrace.cs:23)
UnityEngine.DebugLogHandler:Internal_Log (UnityEngine.LogType,UnityEngine.LogOption,string,UnityEngine.Object)
UnityEngine.DebugLogHandler:LogFormat (UnityEngine.LogType,UnityEngine.Object,string,object[])
UnityEngine.Logger:Log (UnityEngine.LogType,object,UnityEngine.Object)
UnityEngine.Debug:LogWarning (object,UnityEngine.Object)
TMPro.TextMeshProUGUI:SetArraySizes (TMPro.TMP_Text/TextProcessingElement[]) (at ./Library/PackageCache/com.unity.ugui@23caec89ae27/Runtime/TMP/TextMeshProUGUI.cs:1980)
TMPro.TMP_Text:ParseInputText () (at ./Library/PackageCache/com.unity.ugui@23caec89ae27/Runtime/TMP/TMP_Text.cs:2157)
TMPro.TextMeshProUGUI:OnPreRenderCanvas () (at ./Library/PackageCache/com.unity.ugui@23caec89ae27/Runtime/TMP/TextMeshProUGUI.cs:2465)
TMPro.TextMeshProUGUI:Rebuild (UnityEngine.UI.CanvasUpdate) (at ./Library/PackageCache/com.unity.ugui@23caec89ae27/Runtime/TMP/TextMeshProUGUI.cs:226)
UnityEngine.UI.CanvasUpdateRegistry:PerformUpdate () (at ./Library/PackageCache/com.unity.ugui@23caec89ae27/Runtime/UGUI/UI/Core/CanvasUpdateRegistry.cs:226)
UnityEngine.Canvas:SendWillRenderCanvases () (at /Users/bokken/build/output/unity/unity/Modules/UI/ScriptBindings/UICanvas.bindings.cs:161)

(Filename: ./Library/PackageCache/com.unity.ugui@23caec89ae27/Runtime/TMP/TextMeshProUGUI.cs Line: 1980)

There are 2 event systems in the scene. Please ensure there is always exactly one event system in the scene
UnityEngine.Debug:ExtractStackTraceNoAlloc (byte*,int,string)
UnityEngine.StackTraceUtility:ExtractStackTrace () (at /Users/bokken/build/output/unity/unity/Runtime/Export/Scripting/StackTrace.cs:23)
UnityEngine.DebugLogHandler:Internal_Log (UnityEngine.LogType,UnityEngine.LogOption,string,UnityEngine.Object)
UnityEngine.DebugLogHandler:LogFormat (UnityEngine.LogType,UnityEngine.Object,string,object[])
UnityEngine.Logger:Log (UnityEngine.LogType,object)
UnityEngine.Debug:LogWarning (object)
UnityEngine.EventSystems.EventSystem:Update () (at ./Library/PackageCache/com.unity.ugui@23caec89ae27/Runtime/UGUI/EventSystem/EventSystem.cs:540)

(Filename: ./Library/PackageCache/com.unity.ugui@23caec89ae27/Runtime/UGUI/EventSystem/EventSystem.cs Line: 540)

There are 2 event systems in the scene. Please ensure there is always exactly one event system in the scene
UnityEngine.Debug:ExtractStackTraceNoAlloc (byte*,int,string)
UnityEngine.StackTraceUtility:ExtractStackTrace () (at /Users/bokken/build/output/unity/unity/Runtime/Export/Scripting/StackTrace.cs:23)
UnityEngine.DebugLogHandler:Internal_Log (UnityEngine.LogType,UnityEngine.LogOption,string,UnityEngine.Object)
UnityEngine.DebugLogHandler:LogFormat (UnityEngine.LogType,UnityEngine.Object,string,object[])
UnityEngine.Logger:Log (UnityEngine.LogType,object)
UnityEngine.Debug:LogWarning (object)
UnityEngine.EventSystems.EventSystem:Update () (at ./Library/PackageCache/com.unity.ugui@23caec89ae27/Runtime/UGUI/EventSystem/EventSystem.cs:540)

(Filename: ./Library/PackageCache/com.unity.ugui@23caec89ae27/Runtime/UGUI/EventSystem/EventSystem.cs Line: 540)

There are 2 event systems in the scene. Please ensure there is always exactly one event system in the scene
UnityEngine.Debug:ExtractStackTraceNoAlloc (byte*,int,string)
UnityEngine.StackTraceUtility:ExtractStackTrace () (at /Users/bokken/build/output/unity/unity/Runtime/Export/Scripting/StackTrace.cs:23)
UnityEngine.DebugLogHandler:Internal_Log (UnityEngine.LogType,UnityEngine.LogOption,string,UnityEngine.Object)
UnityEngine.DebugLogHandler:LogFormat (UnityEngine.LogType,UnityEngine.Object,string,object[])
UnityEngine.Logger:Log (UnityEngine.LogType,object)
UnityEngine.Debug:LogWarning (object)
UnityEngine.EventSystems.EventSystem:Update () (at ./Library/PackageCache/com.unity.ugui@23caec89ae27/Runtime/UGUI/EventSystem/EventSystem.cs:540)

(Filename: ./Library/PackageCache/com.unity.ugui@23caec89ae27/Runtime/UGUI/EventSystem/EventSystem.cs Line: 540)

There are 2 event systems in the scene. Please ensure there is always exactly one event system in the scene
UnityEngine.Debug:ExtractStackTraceNoAlloc (byte*,int,string)
UnityEngine.StackTraceUtility:ExtractStackTrace () (at /Users/bokken/build/output/unity/unity/Runtime/Export/Scripting/StackTrace.cs:23)
UnityEngine.DebugLogHandler:Internal_Log (UnityEngine.LogType,UnityEngine.LogOption,string,UnityEngine.Object)
UnityEngine.DebugLogHandler:LogFormat (UnityEngine.LogType,UnityEngine.Object,string,object[])
UnityEngine.Logger:Log (UnityEngine.LogType,object)
UnityEngine.Debug:LogWarning (object)
UnityEngine.EventSystems.EventSystem:Update () (at ./Library/PackageCache/com.unity.ugui@23caec89ae27/Runtime/UGUI/EventSystem/EventSystem.cs:540)

(Filename: ./Library/PackageCache/com.unity.ugui@23caec89ae27/Runtime/UGUI/EventSystem/EventSystem.cs Line: 540)

There are 2 event systems in the scene. Please ensure there is always exactly one event system in the scene
UnityEngine.Debug:ExtractStackTraceNoAlloc (byte*,int,string)
UnityEngine.StackTraceUtility:ExtractStackTrace () (at /Users/bokken/build/output/unity/unity/Runtime/Export/Scripting/StackTrace.cs:23)
UnityEngine.DebugLogHandler:Internal_Log (UnityEngine.LogType,UnityEngine.LogOption,string,UnityEngine.Object)
UnityEngine.DebugLogHandler:LogFormat (UnityEngine.LogType,UnityEngine.Object,string,object[])
UnityEngine.Logger:Log (UnityEngine.LogType,object)
UnityEngine.Debug:LogWarning (object)
UnityEngine.EventSystems.EventSystem:Update () (at ./Library/PackageCache/com.unity.ugui@23caec89ae27/Runtime/UGUI/EventSystem/EventSystem.cs:540)

(Filename: ./Library/PackageCache/com.unity.ugui@23caec89ae27/Runtime/UGUI/EventSystem/EventSystem.cs Line: 540)

There are 2 event systems in the scene. Please ensure there is always exactly one event system in the scene
UnityEngine.Debug:ExtractStackTraceNoAlloc (byte*,int,string)
UnityEngine.StackTraceUtility:ExtractStackTrace () (at /Users/bokken/build/output/unity/unity/Runtime/Export/Scripting/StackTrace.cs:23)
UnityEngine.DebugLogHandler:Internal_Log (UnityEngine.LogType,UnityEngine.LogOption,string,UnityEngine.Object)
UnityEngine.DebugLogHandler:LogFormat (UnityEngine.LogType,UnityEngine.Object,string,object[])
UnityEngine.Logger:Log (UnityEngine.LogType,object)
UnityEngine.Debug:LogWarning (object)
UnityEngine.EventSystems.EventSystem:Update () (at ./Library/PackageCache/com.unity.ugui@23caec89ae27/Runtime/UGUI/EventSystem/EventSystem.cs:540)

(Filename: ./Library/PackageCache/com.unity.ugui@23caec89ae27/Runtime/UGUI/EventSystem/EventSystem.cs Line: 540)

There are 2 event systems in the scene. Please ensure there is always exactly one event system in the scene
UnityEngine.Debug:ExtractStackTraceNoAlloc (byte*,int,string)
UnityEngine.StackTraceUtility:ExtractStackTrace () (at /Users/bokken/build/output/unity/unity/Runtime/Export/Scripting/StackTrace.cs:23)
UnityEngine.DebugLogHandler:Internal_Log (UnityEngine.LogType,UnityEngine.LogOption,string,UnityEngine.Object)
UnityEngine.DebugLogHandler:LogFormat (UnityEngine.LogType,UnityEngine.Object,string,object[])
UnityEngine.Logger:Log (UnityEngine.LogType,object)
UnityEngine.Debug:LogWarning (object)
UnityEngine.EventSystems.EventSystem:Update () (at ./Library/PackageCache/com.unity.ugui@23caec89ae27/Runtime/UGUI/EventSystem/EventSystem.cs:540)

(Filename: ./Library/PackageCache/com.unity.ugui@23caec89ae27/Runtime/UGUI/EventSystem/EventSystem.cs Line: 540)

There are 2 event systems in the scene. Please ensure there is always exactly one event system in the scene
UnityEngine.Debug:ExtractStackTraceNoAlloc (byte*,int,string)
UnityEngine.StackTraceUtility:ExtractStackTrace () (at /Users/bokken/build/output/unity/unity/Runtime/Export/Scripting/StackTrace.cs:23)
UnityEngine.DebugLogHandler:Internal_Log (UnityEngine.LogType,UnityEngine.LogOption,string,UnityEngine.Object)
UnityEngine.DebugLogHandler:LogFormat (UnityEngine.LogType,UnityEngine.Object,string,object[])
UnityEngine.Logger:Log (UnityEngine.LogType,object)
UnityEngine.Debug:LogWarning (object)
UnityEngine.EventSystems.EventSystem:Update () (at ./Library/PackageCache/com.unity.ugui@23caec89ae27/Runtime/UGUI/EventSystem/EventSystem.cs:540)

(Filename: ./Library/PackageCache/com.unity.ugui@23caec89ae27/Runtime/UGUI/EventSystem/EventSystem.cs Line: 540)

There are 2 event systems in the scene. Please ensure there is always exactly one event system in the scene
UnityEngine.Debug:ExtractStackTraceNoAlloc (byte*,int,string)
UnityEngine.StackTraceUtility:ExtractStackTrace () (at /Users/bokken/build/output/unity/unity/Runtime/Export/Scripting/StackTrace.cs:23)
UnityEngine.DebugLogHandler:Internal_Log (UnityEngine.LogType,UnityEngine.LogOption,string,UnityEngine.Object)
UnityEngine.DebugLogHandler:LogFormat (UnityEngine.LogType,UnityEngine.Object,string,object[])
UnityEngine.Logger:Log (UnityEngine.LogType,object)
UnityEngine.Debug:LogWarning (object)
UnityEngine.EventSystems.EventSystem:Update () (at ./Library/PackageCache/com.unity.ugui@23caec89ae27/Runtime/UGUI/EventSystem/EventSystem.cs:540)

(Filename: ./Library/PackageCache/com.unity.ugui@23caec89ae27/Runtime/UGUI/EventSystem/EventSystem.cs Line: 540)

Saving results to: /Users/dawsonblock/Library/Application Support/Escape the Elites/Escape the Elites/TestResults.xml
Saving results to: /Users/dawsonblock/unity/My project (7)/TestResults-playMode.xml
Thread 0x873687000 may have been prematurely finalized
Pipeline: Stopping runtime server...
Pipeline Server stopped
Unloading 8 Unused Serialized files (Serialized files now loaded: 0)
Loaded scene 'Temp/__Backupscenes/0.backup'
	Deserialize:            4.392 ms
	Integration:            39.763 ms
	Integration of assets:  0.003 ms
	Thread Wait Time:       0.005 ms
	Total Operation Time:   44.164 ms
Unloading 89 unused Assets / (0.5 MB). Loaded Objects now: 16886.
Memory consumption went from 384.5 MB to 384.0 MB.
Total: 101.898334 ms (FindLiveObjects: 1.936917 ms CreateObjectMapping: 3.879458 ms MarkObjects: 95.119041 ms  DeleteObjects: 0.467208 ms)

Executing IPostBuildCleanup for: Unity.PerformanceTesting.Editor.TestRunBuilder.
UnityEngine.Debug:ExtractStackTraceNoAlloc (byte*,int,string)
UnityEngine.StackTraceUtility:ExtractStackTrace () (at /Users/bokken/build/output/unity/unity/Runtime/Export/Scripting/StackTrace.cs:23)
UnityEngine.DebugLogHandler:Internal_Log (UnityEngine.LogType,UnityEngine.LogOption,string,UnityEngine.Object)
UnityEngine.DebugLogHandler:LogFormat (UnityEngine.LogType,UnityEngine.Object,string,object[])
UnityEngine.Logger:Log (UnityEngine.LogType,object)
UnityEngine.Debug:Log (object)
UnityEditor.TestTools.TestRunner.TestRun.Tasks.BuildActionTaskBase`1/<ExecuteMethods>d__8<UnityEngine.TestTools.IPostBuildCleanup>:MoveNext () (at ./Library/PackageCache/com.unity.test-framework@7a3849e09bd0/UnityEditor.TestRunner/TestRun/Tasks/BuildActionTaskBase.cs:48)
UnityEditor.TestTools.TestRunner.TestRun.Tasks.BuildActionTaskBase`1/<Execute>d__7<UnityEngine.TestTools.IPostBuildCleanup>:MoveNext () (at ./Library/PackageCache/com.unity.test-framework@7a3849e09bd0/UnityEditor.TestRunner/TestRun/Tasks/BuildActionTaskBase.cs:34)
UnityEditor.TestTools.TestRunner.TestRun.TestJobRunner:ExecuteStep () (at ./Library/PackageCache/com.unity.test-framework@7a3849e09bd0/UnityEditor.TestRunner/TestRun/TestJobRunner.cs:194)
UnityEditor.TestTools.TestRunner.TestRun.TestJobRunner:ExecuteCallback () (at ./Library/PackageCache/com.unity.test-framework@7a3849e09bd0/UnityEditor.TestRunner/TestRun/TestJobRunner.cs:129)
UnityEditor.EditorApplication:Internal_CallUpdateFunctions () (at /Users/bokken/build/output/unity/unity/Editor/Mono/EditorApplication.cs:413)

(Filename: ./Library/PackageCache/com.unity.test-framework@7a3849e09bd0/UnityEditor.TestRunner/TestRun/Tasks/BuildActionTaskBase.cs Line: 48)

Unloading 1 Unused Serialized files (Serialized files now loaded: 0)
Unloading 0 unused Assets / (0 B). Loaded Objects now: 16888.
Memory consumption went from 376.1 MB to 376.1 MB.
Total: 45.113917 ms (FindLiveObjects: 0.684875 ms CreateObjectMapping: 0.445167 ms MarkObjects: 43.741417 ms  DeleteObjects: 0.013541 ms)

Preloading 1 native plugins for Editor in 2.32 ms.
Asset Pipeline Refresh (id=edd60e9e241c044b0ad01a23824ebcee): Total: 0.188 seconds - Initiated by StopAssetImportingV2(NoUpdateAssetOptions)
DisplayProgressbar: Undo
Test run completed. Exiting with code 0 (Ok). Run completed.
UnityEngine.Debug:ExtractStackTraceNoAlloc (byte*,int,string)
UnityEngine.StackTraceUtility:ExtractStackTrace () (at /Users/bokken/build/output/unity/unity/Runtime/Export/Scripting/StackTrace.cs:23)
UnityEngine.DebugLogHandler:Internal_Log (UnityEngine.LogType,UnityEngine.LogOption,string,UnityEngine.Object)
UnityEngine.DebugLogHandler:LogFormat (UnityEngine.LogType,UnityEngine.Object,string,object[])
UnityEngine.Logger:Log (UnityEngine.LogType,object)
UnityEngine.Debug:Log (object)
UnityEditor.TestTools.TestRunner.CommandLineTest.Executer:ExitApplication (UnityEditor.TestTools.TestRunner.CommandLineTest.Executer/ReturnCodes,string) (at ./Library/PackageCache/com.unity.test-framework@7a3849e09bd0/UnityEditor.TestRunner/CommandLineTest/Executer.cs:81)
UnityEditor.TestTools.TestRunner.CommandLineTest.Executer:ExitIfRunIsCompleted () (at ./Library/PackageCache/com.unity.test-framework@7a3849e09bd0/UnityEditor.TestRunner/CommandLineTest/Executer.cs:74)
UnityEditor.EditorApplication:Internal_CallUpdateFunctions () (at /Users/bokken/build/output/unity/unity/Editor/Mono/EditorApplication.cs:413)

(Filename: ./Library/PackageCache/com.unity.test-framework@7a3849e09bd0/UnityEditor.TestRunner/CommandLineTest/Executer.cs Line: 81)

MonoPathRemapper: Attempts to remap: 169215; Successful remaps: 38270
Serialized file version minimum: 22, current 23
Pipeline Server stopped
Deleted discovery files
UnityEngine.Debug:ExtractStackTraceNoAlloc (byte*,int,string)
UnityEngine.StackTraceUtility:ExtractStackTrace () (at /Users/bokken/build/output/unity/unity/Runtime/Export/Scripting/StackTrace.cs:23)
UnityEngine.DebugLogHandler:Internal_Log (UnityEngine.LogType,UnityEngine.LogOption,string,UnityEngine.Object)
UnityEngine.DebugLogHandler:LogFormat (UnityEngine.LogType,UnityEngine.Object,string,object[])
UnityEngine.Logger:Log (UnityEngine.LogType,object)
UnityEngine.Debug:Log (object)
Unity.AI.Tracing.ConsoleSink:LogToConsole (string,string,System.Exception) (at ./Library/PackageCache/com.unity.ai.assistant@8d1e3e89e3a7/Modules/Unity.AI.Tracing/TraceSinks.cs:313)
Unity.AI.Tracing.ConsoleSink:Write (Unity.AI.Tracing.TraceEvent) (at ./Library/PackageCache/com.unity.ai.assistant@8d1e3e89e3a7/Modules/Unity.AI.Tracing/TraceSinks.cs:277)
Unity.AI.Tracing.TraceWriter:WriteEventInternal (string,string,Unity.AI.Tracing.TraceEventOptions,string,System.Nullable`1<int>) (at ./Library/PackageCache/com.unity.ai.assistant@8d1e3e89e3a7/Modules/Unity.AI.Tracing/TraceWriter.cs:373)
Unity.AI.Tracing.TraceWriter:Event (string,Unity.AI.Tracing.TraceEventOptions) (at ./Library/PackageCache/com.unity.ai.assistant@8d1e3e89e3a7/Modules/Unity.AI.Tracing/TraceWriter.cs:297)
Unity.AI.Tracing.TraceLogger:Emit (string,string,string,string,Unity.AI.Tracing.TraceEventOptions,object,System.Exception) (at ./Library/PackageCache/com.unity.ai.assistant@8d1e3e89e3a7/Modules/Unity.AI.Tracing/TraceLogger.cs:105)
Unity.AI.Tracing.TraceLogger:Info (string,string,string,Unity.AI.Tracing.TraceEventOptions) (at ./Library/PackageCache/com.unity.ai.assistant@8d1e3e89e3a7/Modules/Unity.AI.Tracing/TraceLogger.cs:35)
Unity.AI.MCP.Editor.Helpers.McpLog:Log (string,Unity.AI.Tracing.TraceEventOptions) (at ./Library/PackageCache/com.unity.ai.assistant@8d1e3e89e3a7/Modules/Unity.AI.MCP.Editor/Helpers/McpLog.cs:15)
Unity.AI.MCP.Editor.Helpers.ServerDiscovery:DeleteDiscoveryFiles () (at ./Library/PackageCache/com.unity.ai.assistant@8d1e3e89e3a7/Modules/Unity.AI.MCP.Editor/Connection/ServerDiscovery.cs:156)
Unity.AI.MCP.Editor.Bridge:Stop () (at ./Library/PackageCache/com.unity.ai.assistant@8d1e3e89e3a7/Modules/Unity.AI.MCP.Editor/Bridge.cs:351)
UnityEditor.EditorApplication:Internal_EditorApplicationQuit () (at /Users/bokken/build/output/unity/unity/Editor/Mono/EditorApplication.cs:128)
UnityEditor.TestTools.TestRunner.CommandLineTest.Executer:ExitApplication (UnityEditor.TestTools.TestRunner.CommandLineTest.Executer/ReturnCodes,string) (at ./Library/PackageCache/com.unity.test-framework@7a3849e09bd0/UnityEditor.TestRunner/CommandLineTest/Executer.cs:83)
UnityEditor.TestTools.TestRunner.CommandLineTest.Executer:ExitIfRunIsCompleted () (at ./Library/PackageCache/com.unity.test-framework@7a3849e09bd0/UnityEditor.TestRunner/CommandLineTest/Executer.cs:74)
UnityEditor.EditorApplication:Internal_CallUpdateFunctions () (at /Users/bokken/build/output/unity/unity/Editor/Mono/EditorApplication.cs:413)

(Filename: ./Library/PackageCache/com.unity.ai.assistant@8d1e3e89e3a7/Modules/Unity.AI.Tracing/TraceSinks.cs Line: 313)

Deleted socket file: /tmp/unity-mcp-57915bc5-51677
UnityEngine.Debug:ExtractStackTraceNoAlloc (byte*,int,string)
UnityEngine.StackTraceUtility:ExtractStackTrace () (at /Users/bokken/build/output/unity/unity/Runtime/Export/Scripting/StackTrace.cs:23)
UnityEngine.DebugLogHandler:Internal_Log (UnityEngine.LogType,UnityEngine.LogOption,string,UnityEngine.Object)
UnityEngine.DebugLogHandler:LogFormat (UnityEngine.LogType,UnityEngine.Object,string,object[])
UnityEngine.Logger:Log (UnityEngine.LogType,object)
UnityEngine.Debug:Log (object)
Unity.AI.Tracing.ConsoleSink:LogToConsole (string,string,System.Exception) (at ./Library/PackageCache/com.unity.ai.assistant@8d1e3e89e3a7/Modules/Unity.AI.Tracing/TraceSinks.cs:313)
Unity.AI.Tracing.ConsoleSink:Write (Unity.AI.Tracing.TraceEvent) (at ./Library/PackageCache/com.unity.ai.assistant@8d1e3e89e3a7/Modules/Unity.AI.Tracing/TraceSinks.cs:277)
Unity.AI.Tracing.TraceWriter:WriteEventInternal (string,string,Unity.AI.Tracing.TraceEventOptions,string,System.Nullable`1<int>) (at ./Library/PackageCache/com.unity.ai.assistant@8d1e3e89e3a7/Modules/Unity.AI.Tracing/TraceWriter.cs:373)
Unity.AI.Tracing.TraceWriter:Event (string,Unity.AI.Tracing.TraceEventOptions) (at ./Library/PackageCache/com.unity.ai.assistant@8d1e3e89e3a7/Modules/Unity.AI.Tracing/TraceWriter.cs:297)
Unity.AI.Tracing.TraceLogger:Emit (string,string,string,string,Unity.AI.Tracing.TraceEventOptions,object,System.Exception) (at ./Library/PackageCache/com.unity.ai.assistant@8d1e3e89e3a7/Modules/Unity.AI.Tracing/TraceLogger.cs:105)
Unity.AI.Tracing.TraceLogger:Info (string,string,string,Unity.AI.Tracing.TraceEventOptions) (at ./Library/PackageCache/com.unity.ai.assistant@8d1e3e89e3a7/Modules/Unity.AI.Tracing/TraceLogger.cs:35)
Unity.AI.MCP.Editor.Helpers.McpLog:Log (string,Unity.AI.Tracing.TraceEventOptions) (at ./Library/PackageCache/com.unity.ai.assistant@8d1e3e89e3a7/Modules/Unity.AI.MCP.Editor/Helpers/McpLog.cs:15)
Unity.AI.MCP.Editor.Connection.UnixSocketListener:Stop () (at ./Library/PackageCache/com.unity.ai.assistant@8d1e3e89e3a7/Modules/Unity.AI.MCP.Editor/Connection/UnixSocketListener.cs:251)
Unity.AI.MCP.Editor.Bridge:Stop () (at ./Library/PackageCache/com.unity.ai.assistant@8d1e3e89e3a7/Modules/Unity.AI.MCP.Editor/Bridge.cs:361)
UnityEditor.EditorApplication:Internal_EditorApplicationQuit () (at /Users/bokken/build/output/unity/unity/Editor/Mono/EditorApplication.cs:128)
UnityEditor.TestTools.TestRunner.CommandLineTest.Executer:ExitApplication (UnityEditor.TestTools.TestRunner.CommandLineTest.Executer/ReturnCodes,string) (at ./Library/PackageCache/com.unity.test-framework@7a3849e09bd0/UnityEditor.TestRunner/CommandLineTest/Executer.cs:83)
UnityEditor.TestTools.TestRunner.CommandLineTest.Executer:ExitIfRunIsCompleted () (at ./Library/PackageCache/com.unity.test-framework@7a3849e09bd0/UnityEditor.TestRunner/CommandLineTest/Executer.cs:74)
UnityEditor.EditorApplication:Internal_CallUpdateFunctions () (at /Users/bokken/build/output/unity/unity/Editor/Mono/EditorApplication.cs:413)

(Filename: ./Library/PackageCache/com.unity.ai.assistant@8d1e3e89e3a7/Modules/Unity.AI.Tracing/TraceSinks.cs Line: 313)

UnityMCPBridge stopped.
UnityEngine.Debug:ExtractStackTraceNoAlloc (byte*,int,string)
UnityEngine.StackTraceUtility:ExtractStackTrace () (at /Users/bokken/build/output/unity/unity/Runtime/Export/Scripting/StackTrace.cs:23)
UnityEngine.DebugLogHandler:Internal_Log (UnityEngine.LogType,UnityEngine.LogOption,string,UnityEngine.Object)
UnityEngine.DebugLogHandler:LogFormat (UnityEngine.LogType,UnityEngine.Object,string,object[])
UnityEngine.Logger:Log (UnityEngine.LogType,object)
UnityEngine.Debug:Log (object)
Unity.AI.Tracing.ConsoleSink:LogToConsole (string,string,System.Exception) (at ./Library/PackageCache/com.unity.ai.assistant@8d1e3e89e3a7/Modules/Unity.AI.Tracing/TraceSinks.cs:313)
Unity.AI.Tracing.ConsoleSink:Write (Unity.AI.Tracing.TraceEvent) (at ./Library/PackageCache/com.unity.ai.assistant@8d1e3e89e3a7/Modules/Unity.AI.Tracing/TraceSinks.cs:277)
Unity.AI.Tracing.TraceWriter:WriteEventInternal (string,string,Unity.AI.Tracing.TraceEventOptions,string,System.Nullable`1<int>) (at ./Library/PackageCache/com.unity.ai.assistant@8d1e3e89e3a7/Modules/Unity.AI.Tracing/TraceWriter.cs:373)
Unity.AI.Tracing.TraceWriter:Event (string,Unity.AI.Tracing.TraceEventOptions) (at ./Library/PackageCache/com.unity.ai.assistant@8d1e3e89e3a7/Modules/Unity.AI.Tracing/TraceWriter.cs:297)
Unity.AI.Tracing.TraceLogger:Emit (string,string,string,string,Unity.AI.Tracing.TraceEventOptions,object,System.Exception) (at ./Library/PackageCache/com.unity.ai.assistant@8d1e3e89e3a7/Modules/Unity.AI.Tracing/TraceLogger.cs:105)
Unity.AI.Tracing.TraceLogger:Info (string,string,string,Unity.AI.Tracing.TraceEventOptions) (at ./Library/PackageCache/com.unity.ai.assistant@8d1e3e89e3a7/Modules/Unity.AI.Tracing/TraceLogger.cs:35)
Unity.AI.MCP.Editor.Helpers.McpLog:Log (string,Unity.AI.Tracing.TraceEventOptions) (at ./Library/PackageCache/com.unity.ai.assistant@8d1e3e89e3a7/Modules/Unity.AI.MCP.Editor/Helpers/McpLog.cs:15)
Unity.AI.MCP.Editor.Bridge:Stop () (at ./Library/PackageCache/com.unity.ai.assistant@8d1e3e89e3a7/Modules/Unity.AI.MCP.Editor/Bridge.cs:407)
UnityEditor.EditorApplication:Internal_EditorApplicationQuit () (at /Users/bokken/build/output/unity/unity/Editor/Mono/EditorApplication.cs:128)
UnityEditor.TestTools.TestRunner.CommandLineTest.Executer:ExitApplication (UnityEditor.TestTools.TestRunner.CommandLineTest.Executer/ReturnCodes,string) (at ./Library/PackageCache/com.unity.test-framework@7a3849e09bd0/UnityEditor.TestRunner/CommandLineTest/Executer.cs:83)
UnityEditor.TestTools.TestRunner.CommandLineTest.Executer:ExitIfRunIsCompleted () (at ./Library/PackageCache/com.unity.test-framework@7a3849e09bd0/UnityEditor.TestRunner/CommandLineTest/Executer.cs:74)
UnityEditor.EditorApplication:Internal_CallUpdateFunctions () (at /Users/bokken/build/output/unity/unity/Editor/Mono/EditorApplication.cs:413)

(Filename: ./Library/PackageCache/com.unity.ai.assistant@8d1e3e89e3a7/Modules/Unity.AI.Tracing/TraceSinks.cs Line: 313)

Importing 'GUID: 00000000000000004000000000000000 - Path: ProjectSettings/ProjectSettings.asset' with importer (LibraryAssetImporter)
Imported 'GUID: 00000000000000004000000000000000' -> (Import Result ID: '7e04a2769dfea24f0eff4a3ef433a558') in 0.004 seconds [static dependencies only]. Details - ImportResultOutputID=054c890a8f4b6dddbea933bc5e4b7df4 DependenciesID=1177f90d1666b3351f6146809980a67f StaticDependenciesID=09014b0c3c698165726b66869080afa4 
Importing 'GUID: 0000000000000000b000000000000000 - Path: ProjectSettings/EditorBuildSettings.asset' with importer (LibraryAssetImporter)
Imported 'GUID: 0000000000000000b000000000000000' -> (Import Result ID: '5c8f12d542c8d4de747d3cf4a7db0057') in 0.001 seconds [static dependencies only]. Details - ImportResultOutputID=0a89a5c5f492143e0fa186859e17ba6f DependenciesID=33e9926adf672510edc03d2590a6bdf6 StaticDependenciesID=36e6f18e51ef89a0c9692dd7099acfd4 
Refreshing native plugins compatible for Editor in 3.20 ms, found 5 plugins.
Asset Pipeline Refresh (id=9d4313def19e5409aabd4e8f921fa260): Total: 0.053 seconds - Initiated by StopAssetImportingV2(NoUpdateAssetOptions)
Thread 0x873687000 may have been prematurely finalized
Input System module state changed to: ShutdownInProgress.
Input Polling Thread exited.
Input System module state changed to: Shutdown.
Shutting down MSBuild server...
Shutting down VB/C# compiler server...
VB/C# compiler server shut down successfully.
MSBuild server shut down successfully.
[Physics::Module] Cleanup current backend.
[Physics::Module] Id: 0xf2b8ea05
[Licensing::IpcConnector] LicenseClient-dawsonblock-notifications channel disconnected successfully.
[Licensing::IpcConnector] LicenseClient-dawsonblock channel disconnected successfully.
Thread 0x16e6d3000 may have been prematurely finalized
Thread 0x16e7eb000 may have been prematurely finalized
Thread 0x16e75f000 may have been prematurely finalized
Thread 0x16e877000 may have been prematurely finalized
Thread 0x16e98f000 may have been prematurely finalized
Thread 0x16e903000 may have been prematurely finalized
Thread 0x16ec4b000 may have been prematurely finalized
Thread 0x16ebbf000 may have been prematurely finalized
Thread 0x16eb33000 may have been prematurely finalized
Thread 0x16ea1b000 may have been prematurely finalized
Thread 0x16eaa7000 may have been prematurely finalized
Lingering sessions upon destruction of worker manager
Unity Data Store service was successfully shut down
UDS shutting down local client system
Shut down UDS service system complete
AcceleratorClientConnectionCallback - disconnected - :0
Cleanup mono
CodeReloadManager destroyed
debugger-agent: Unable to listen on 46
