Unity Editor version:    6000.6.0f1 (f7f8ed4d1e24)
Branch:                  6000.6/respin/6000.6.0f1-fa21a270ab12
Build type:              Release
Batch mode:              YES
macOS version:           Version 26.2 (Build 25C56)
Darwin version:          25.2.0
Architecture:            arm64
Running under Rosetta:   NO
Available memory:        16384 MB
Date:                    2026-09-20T21:12:12Z
Launching external process: /Applications/Unity/Hub/Editor/6000.6.0f1/Unity.app/Contents/Resources/Scripting/NetCoreRuntime/dotnet
VBCSCompilerPreWarmer: pre-warm launched (dotnet PID 55092)
VBCSCompiler prewarm took 90.23 ms
[Licensing::Module] Trying to connect to existing licensing client channel...
[Licensing::IpcConnector] Channel LicenseClient-dawsonblock doesn't exist
Launching external process: /Applications/Unity/Hub/Editor/6000.6.0f1/Unity.app/Contents/Helpers/UnityLicensingClient.app/Contents/MacOS/Unity.Licensing.Client
[Licensing::Module] Successfully launched the LicensingClient (PId: 55118)
Launching external process: /Applications/Unity/Hub/Editor/6000.6.0f1/Unity.app/Contents/Helpers/PackageManager/Server/UnityPackageManager

COMMAND LINE ARGUMENTS:
/Applications/Unity/Hub/Editor/6000.6.0f1/Unity.app/Contents/MacOS/Unity
-batchmode
-nographics
-silent-crashes
-projectPath
/Users/dawsonblock/unity/My project (7)
-executeMethod
Escape.EditorTools.CiChecks.VerifyDeterministicGeneration
-logFile
/Users/dawsonblock/unity/My project (7)/BuildEvidence/qualification-2026-09-20T211133Z/deterministic-generation.log
-quit
Successfully changed project path to: /Users/dawsonblock/unity/My project (7)
/Users/dawsonblock/unity/My project (7)
[UnityMemory] Configuration Parameters - Can be set up in boot.config
    "memorysetup-temp-allocator-size-gi-baking-worker=262144"
    "memorysetup-temp-allocator-size-gi-baking-worker=262144"
    "memorysetup-temp-allocator-size-gi-baking-worker=262144"
    "memorysetup-temp-allocator-size-gi-baking-worker=262144"
    "memorysetup-temp-allocator-size-gi-baking-worker=262144"
    "memorysetup-temp-allocator-size-nav-mesh-worker=65536"
    "memorysetup-temp-allocator-size-audio-worker=65536"
    "memorysetup-temp-allocator-size-cloud-worker=32768"
    "memorysetup-temp-allocator-size-preload-manager=33554432"
    "memorysetup-remapper-allocator-initial-capacity=32768"
    "memorysetup-temp-allocator-size-gfx=262144"
    "memorysetup-allocator-temp-initial-block-size-main=262144"
    "memorysetup-allocator-temp-initial-block-size-worker=262144"
    "memorysetup-temp-allocator-size-background-worker=32768"
    "memorysetup-temp-allocator-size-job-worker=262144"
    "memorysetup-bucket-allocator-granularity=16"
    "memorysetup-bucket-allocator-bucket-count=8"
    "memorysetup-bucket-allocator-block-size=33554432"
    "memorysetup-bucket-allocator-block-count=8"
    "memorysetup-main-allocator-block-size=16777216"
    "memorysetup-thread-allocator-block-size=16777216"
    "memorysetup-main-allocator-mimalloc-enabled=1"
    "memorysetup-gfx-main-allocator-block-size=16777216"
    "memorysetup-gfx-thread-allocator-block-size=16777216"
    "memorysetup-cache-allocator-block-size=4194304"
    "memorysetup-typetree-allocator-block-size=2097152"
    "memorysetup-profiler-bucket-allocator-granularity=16"
    "memorysetup-profiler-bucket-allocator-bucket-count=8"
    "memorysetup-profiler-bucket-allocator-block-size=33554432"
    "memorysetup-profiler-bucket-allocator-block-count=8"
    "memorysetup-profiler-allocator-block-size=16777216"
    "memorysetup-profiler-editor-allocator-block-size=1048576"
    "memorysetup-temp-allocator-size-main=16777216"
    "memorysetup-job-temp-allocator-block-size=2097152"
    "memorysetup-job-temp-allocator-block-size-background=1048576"
    "memorysetup-job-temp-allocator-reduction-small-platforms=262144"
Logging is directed to a specific file, skipping project log.
Player connection [8337845312]  Target information:

Player connection [8337845312]  * "[IP] 172.16.1.228 [Port] 55504 [Flags] 2 [Guid] 585645693 [EditorId] 585645693 [Version] 1048832 [Id] OSXEditor(0,Mac.gateway.sasktel.net) [Debug] 1 [PackageName] OSXEditor [ProjectName] Editor" 

Player connection [8337845312] Host joined multi-casting on [225.0.0.222:54997]...
Player connection [8337845312] Host joined alternative multi-casting on [225.0.0.222:34997]...
Input System module state changed to: Initialized.
[Physics::Module] Initialized fallback backend.
[Physics::Module] Id: 0xdecafbad
[Licensing::IpcConnector] Successfully connected to: "LicenseClient-dawsonblock" at "2026-09-20T21:12:13.015936Z"
[Package Manager] Connected to IPC stream "Upm-54843" after 1.3 seconds.
[Licensing::Module] Licensing is not yet initialized.
[Licensing::Client] Handshaking with LicensingClient:
  Version:                 1.18.3+d7ffd15
  Session Id:              5eda647000024e99a160e3f3f42d7c2d
  Correlation Id:          0f6c2b34fe66eeb9c0cccf9e7ec8d8aa
  External correlation Id: 7848035781190231202
  Machine Id:              n3escge5pqjPvr3IgPQQt/UsqME=
[Licensing::Module] Successfully connected to LicensingClient on channel: "LicenseClient-dawsonblock" (connect: 0.86s, validation: 0.71s, handshake: 0.85s)
[Licensing::IpcConnector] Successfully connected to: "LicenseClient-dawsonblock-notifications" at "2026-09-20T21:12:14.570949Z"
[Licensing::Module] Connected to LicensingClient (PId: 55118, launch time: 0.00, total connection time: 2.42s)
[Licensing::Module] Error: Access token is unavailable; failed to update
[Licensing::Client] Successfully resolved entitlement details
[Licensing::Module] License group:
  Id: 3574369121834-UnityPersXXXX
  Product: Unity Personal
  Type: Assigned
  Expiration: Unlimited
[Licensing::Client] Successfully updated license, isAsync: True, time: 0.02
[Licensing::Client] Successfully resolved entitlement details
[Licensing::Module] Licensing Background thread has ended after 2.50s
[Licensing::Module] Licensing is initialized (took 0.35s).
[Licensing::Client] Successfully resolved entitlement details
Library Redirect Path: Library/
Initialising UDS system complete:
  - System type: Client
  - Resource namespace: e1720c9cee4999839e2ce6a29aba52ca
  - Shared memory size: 1073741824
  - Command buffer id: 1052672
  - Command buffer size: 8192
  - Hashmap size: 4194304
  - Service connected: false
Launching Unity Data Store - /Applications/Unity/Hub/Editor/6000.6.0f1/Unity.app/Contents/Helpers/Unity.DataStore 
Unity Data Store artifact dir = Library/DataStore, working dir = /Users/dawsonblock/unity/My project (7)[Physics::Module] Selected backend.
[Physics::Module] Name: PhysX
[Physics::Module] Id: 0xf2b8ea05
[Physics::Module] SDK Version: 4.1.2
[Physics::Module] Integration Version: 1.0.0
[Physics::Module] Threading Mode: Multi-Threaded
Unity Data Store running and initialised
Initialize engine version: 6000.6.0f1 (f7f8ed4d1e24)
[EntityIdStore] init: VM path (explicit commit), pageSize=16384, blockCount=262144, entitiesPerBlock=1024, slots reserved=4294967296 bytes
[Subsystems] Discovering subsystems at path /Applications/Unity/Hub/Editor/6000.6.0f1/Unity.app/Contents/Resources/UnitySubsystems
[Subsystems] Discovering subsystems at path /Users/dawsonblock/unity/My project (7)/Assets
Forcing GfxDevice: Null
GfxDevice: creating device client; kGfxThreadingModeNonThreaded
NullGfxDevice:
    Version:  NULL 1.0 [1.0]
    Renderer: Null Device
    Vendor:   Unity Technologies
Initialize mono
Mono path[0] = '/Applications/Unity/Hub/Editor/6000.6.0f1/Unity.app/Contents/Resources/Scripting/Managed'
Mono path[1] = '/Applications/Unity/Hub/Editor/6000.6.0f1/Unity.app/Contents/Resources/Scripting/BCLExtensions/runtime/netstandard2.1'
Mono path[2] = '/Applications/Unity/Hub/Editor/6000.6.0f1/Unity.app/Contents/Resources/Scripting/MonoBleedingEdge/lib/mono/unityjit-macos'
Mono config path = '/Applications/Unity/Hub/Editor/6000.6.0f1/Unity.app/Contents/Resources/Scripting/MonoBleedingEdge/etc'
Using monoOptions --debugger-agent=transport=dt_socket,embedding=1,server=y,suspend=n,address=127.0.0.1:56843
CodeReloadManager initialized
ImportWorker Server TCP listen port: 0
AcceleratorClientConnectionCallback - disconnected - :0
Begin MonoManager ReloadAssembly
Registering precompiled unity dll's ...
Register platform support module: /Applications/Unity/Hub/Editor/6000.6.0f1/PlaybackEngines/MacStandaloneSupport/UnityEditor.OSXStandalone.Extensions.dll
Registered in 0.002683 seconds.
Native extension for OSXStandalone target not found
Package Manager log level set to [2]
ScheduleIndexationOnStartup MainProcess:False IndexOnStartup:True
Scripting: successfully reloaded assembly
- Finished resetting the current domain, in  5.762 seconds
Domain Reload Profiling: 10695ms
	BeginReloadAssembly (611ms)
		CreateAndSetChildDomain (18ms)
	RebuildCommonClasses (46ms)
	RebuildNativeTypeToScriptingClass (175ms)
	initialDomainReloadingComplete (340ms)
	LoadAllAssembliesAndSetupDomain (3760ms)
		LoadAssemblies (596ms)
		TypeCache.Refresh (2213ms)
			TypeCache.ScanAssembly (1985ms)
		AnalyzeDomain (66ms)
			BuildScriptInfoCaches (4ms)
	FinalizeReload (5763ms)
		SetupLoadedEditorAssemblies (0ms)
			LogAssemblyErrors (157ms)
			InitializePlatformSupportModulesInManaged (73ms)
			BeforeProcessingInitializeOnLoad (799ms)
			ProcessInitializeOnLoadAttributes (987ms)
			ProcessInitializeOnLoadMethodAttributes (2227ms)
			AfterProcessingInitializeOnLoad (4ms)
[Licensing::Client] Successfully resolved entitlement details
Application.AssetDatabase Initial Refresh Start
[Package Manager] Restoring resolved packages state from cache
[Licensing::Client] Successfully resolved entitlement details
[Package Manager] Registered 37 packages:
  Packages from [https://packages.unity.com]:
    com.unity.ai.assistant@2.19.0-pre.2 (location: /Users/dawsonblock/unity/My project (7)/Library/PackageCache/com.unity.ai.assistant@8d1e3e89e3a7)
    com.unity.ai.navigation@2.0.14 (location: /Users/dawsonblock/unity/My project (7)/Library/PackageCache/com.unity.ai.navigation@134dd6a3b97b)
    com.unity.ide.rider@3.0.40 (location: /Users/dawsonblock/unity/My project (7)/Library/PackageCache/com.unity.ide.rider@e4950c6d131b)
    com.unity.ide.visualstudio@2.0.28 (location: /Users/dawsonblock/unity/My project (7)/Library/PackageCache/com.unity.ide.visualstudio@b5edea5f33f4)
    com.unity.inputsystem@1.20.0 (location: /Users/dawsonblock/unity/My project (7)/Library/PackageCache/com.unity.inputsystem@7a4e1a2a8194)
    com.unity.nuget.mono-cecil@1.11.6 (location: /Users/dawsonblock/unity/My project (7)/Library/PackageCache/com.unity.nuget.mono-cecil@ecb9724e46ff)
    com.unity.nuget.newtonsoft-json@3.2.2 (location: /Users/dawsonblock/unity/My project (7)/Library/PackageCache/com.unity.nuget.newtonsoft-json@4dfd81071c64)
    com.unity.searcher@4.9.5 (location: /Users/dawsonblock/unity/My project (7)/Library/PackageCache/com.unity.searcher@a463122f2c00)
    com.unity.profiling.core@1.0.3 (location: /Users/dawsonblock/unity/My project (7)/Library/PackageCache/com.unity.profiling.core@8a49f7027d06)
  Built-in packages:
    com.unity.render-pipelines.universal@17.6.0 (location: /Users/dawsonblock/unity/My project (7)/Library/PackageCache/com.unity.render-pipelines.universal@8457e85b8184)
    com.unity.test-framework@1.8.0 (location: /Users/dawsonblock/unity/My project (7)/Library/PackageCache/com.unity.test-framework@7a3849e09bd0)
    com.unity.ugui@2.6.0 (location: /Users/dawsonblock/unity/My project (7)/Library/PackageCache/com.unity.ugui@23caec89ae27)
    com.unity.ui.test-framework@6.6.0 (location: /Users/dawsonblock/unity/My project (7)/Library/PackageCache/com.unity.ui.test-framework@4c9182418ce9)
    com.unity.modules.assetbundle@1.0.0 (location: /Users/dawsonblock/unity/My project (7)/Library/PackageCache/com.unity.modules.assetbundle)
    com.unity.modules.hierarchy@1.0.0 (location: /Users/dawsonblock/unity/My project (7)/Library/PackageCache/com.unity.modules.hierarchy)
    com.unity.modules.hierarchycore@1.0.0 (location: /Users/dawsonblock/unity/My project (7)/Library/PackageCache/com.unity.modules.hierarchycore)
    com.unity.modules.uielements@1.0.0 (location: /Users/dawsonblock/unity/My project (7)/Library/PackageCache/com.unity.modules.uielements)
    com.unity.modules.imgui@1.0.0 (location: /Users/dawsonblock/unity/My project (7)/Library/PackageCache/com.unity.modules.imgui)
    com.unity.ext.nunit@2.1.0 (location: /Users/dawsonblock/unity/My project (7)/Library/PackageCache/com.unity.ext.nunit@0198eae3b53e)
    com.unity.modules.ui@1.0.0 (location: /Users/dawsonblock/unity/My project (7)/Library/PackageCache/com.unity.modules.ui)
    com.unity.modules.audio@1.0.0 (location: /Users/dawsonblock/unity/My project (7)/Library/PackageCache/com.unity.modules.audio)
    com.unity.modules.physics2d@1.0.0 (location: /Users/dawsonblock/unity/My project (7)/Library/PackageCache/com.unity.modules.physics2d)
    com.unity.modules.physics@1.0.0 (location: /Users/dawsonblock/unity/My project (7)/Library/PackageCache/com.unity.modules.physics)
    com.unity.modules.jsonserialize@1.0.0 (location: /Users/dawsonblock/unity/My project (7)/Library/PackageCache/com.unity.modules.jsonserialize)
    com.unity.render-pipelines.core@17.6.0 (location: /Users/dawsonblock/unity/My project (7)/Library/PackageCache/com.unity.render-pipelines.core@2d66c71e606e)
    com.unity.shadergraph@17.6.0 (location: /Users/dawsonblock/unity/My project (7)/Library/PackageCache/com.unity.shadergraph@ef6135652377)
    com.unity.render-pipelines.universal-config@17.6.0 (location: /Users/dawsonblock/unity/My project (7)/Library/PackageCache/com.unity.render-pipelines.universal-config@561422b74439)
    com.unity.modules.ai@1.0.0 (location: /Users/dawsonblock/unity/My project (7)/Library/PackageCache/com.unity.modules.ai)
    com.unity.2d.sprite@1.0.0 (location: /Users/dawsonblock/unity/My project (7)/Library/PackageCache/com.unity.2d.sprite@947350d67f82)
    com.unity.mathematics@1.4.0 (location: /Users/dawsonblock/unity/My project (7)/Library/PackageCache/com.unity.mathematics@8306a64d0cd6)
    com.unity.modules.unitywebrequest@1.0.0 (location: /Users/dawsonblock/unity/My project (7)/Library/PackageCache/com.unity.modules.unitywebrequest)
    com.unity.modules.animation@1.0.0 (location: /Users/dawsonblock/unity/My project (7)/Library/PackageCache/com.unity.modules.animation)
    com.unity.modules.physicscore2d@1.0.0 (location: /Users/dawsonblock/unity/My project (7)/Library/PackageCache/com.unity.modules.physicscore2d)
    com.unity.graph-authoring@1.0.0 (location: /Users/dawsonblock/unity/My project (7)/Library/PackageCache/com.unity.graph-authoring@cfd2588851ee)
    com.unity.burst@2.0.0 (location: /Users/dawsonblock/unity/My project (7)/Library/PackageCache/com.unity.burst@626e66ab421b)
    com.unity.collections@6.6.0 (location: /Users/dawsonblock/unity/My project (7)/Library/PackageCache/com.unity.collections@10fff0607388)
    com.unity.test-framework.performance@6.6.0 (location: /Users/dawsonblock/unity/My project (7)/Library/PackageCache/com.unity.test-framework.performance@0a60b857a52e)
[Subsystems] No new subsystems found in resolved package list.
[Package Manager] Done registering packages in 0.03 seconds
Starting: /Applications/Unity/Hub/Editor/6000.6.0f1/Unity.app/Contents/Resources/BuildPipeline/bee_backend --ipc --defer-dag-verification --dagfile="Library/Bee/200b0aE.dag" --continue-on-failure --profile="Library/Bee/backend1.traceevents" ScriptAssemblies
WorkingDir: /Users/dawsonblock/unity/My project (7)
DisplayProgressbar: Compiling Scripts
warn: Unity.ILPP.Runner.PostProcessingAssemblyLoadContext[0]
      Assembly system.runtime.interopservices.windowsruntime has duplicate hint path. Ignoring "/Applications/Unity/Hub/Editor/6000.6.0f1/Unity.app/Contents/Resources/Scripting/UnityReferenceAssemblies/unity-4.8-api/Facades/System.Runtime.InteropServices.WindowsRuntime.dll" in favor of "/Applications/Unity/Hub/Editor/6000.6.0f1/Unity.app/Contents/Resources/Scripting/NetStandard/Extensions/2.0.0/System.Runtime.InteropServices.WindowsRuntime.dll"
warn: Unity.ILPP.Runner.PostProcessingAssemblyLoadContext[0]
      Assembly system.componentmodel.composition has duplicate hint path. Ignoring "/Applications/Unity/Hub/Editor/6000.6.0f1/Unity.app/Contents/Resources/Scripting/UnityReferenceAssemblies/unity-4.8-api/System.ComponentModel.Composition.dll" in favor of "/Applications/Unity/Hub/Editor/6000.6.0f1/Unity.app/Contents/Resources/Scripting/NetStandard/compat/2.1.0/shims/netfx/System.ComponentModel.Composition.dll"
ExitCode: 0 Duration: 4s63ms
[ 893/1209  0s] ILPP-Configuration Library/ilpp-configuration.nevergeneratedoutput
*** Tundra build success (3.88 seconds), 1 items updated, 1209 evaluated
AssetDatabase: script compilation time: 7.043000s
Begin MonoManager ReloadAssembly
Symbol file LoadedFromMemory is not a mono symbol file
'Packages/com.unity.render-pipelines.core/Editor/Deprecated.cs' contains partial class of Unity.Object, exactly 1 of the partial classes needs to be in a file with the same filename. This is to know the one that can be referenced from ie. GameObjects
'Packages/com.unity.render-pipelines.core/Editor/Deprecated.cs' contains partial class of Unity.Object, exactly 1 of the partial classes needs to be in a file with the same filename. This is to know the one that can be referenced from ie. GameObjects
Native extension for OSXStandalone target not found
[Licensing::Client] Error: Code 404 while processing request (status: Found 0 entitlement groups and 0 free entitlements matching requested entitlement ids)
[Licensing::Client] Error: Code 404 while processing request (status: Found 0 entitlement groups and 0 free entitlements matching requested entitlement ids)
[Licensing::Client] Error: Code 404 while processing request (status: Found 0 entitlement groups and 0 free entitlements matching requested entitlement ids)
ScheduleIndexationOnStartup MainProcess:True IndexOnStartup:True
Scripting: successfully reloaded assembly
[Idle]
UnityEngine.Debug:ExtractStackTraceNoAlloc (byte*,int,string)
UnityEngine.StackTraceUtility:ExtractStackTrace () (at /Users/bokken/build/output/unity/unity/Runtime/Export/Scripting/StackTrace.cs:23)
UnityEngine.DebugLogHandler:Internal_Log (UnityEngine.LogType,UnityEngine.LogOption,string,UnityEngine.Object)
UnityEngine.DebugLogHandler:LogFormat (UnityEngine.LogType,UnityEngine.Object,string,object[])
UnityEngine.Logger:Log (UnityEngine.LogType,object)
UnityEngine.Debug:Log (object)
Unity.AI.Tracing.ConsoleSink:LogToConsole (string,string,System.Exception) (at ./Library/PackageCache/com.unity.ai.assistant@8d1e3e89e3a7/Modules/Unity.AI.Tracing/TraceSinks.cs:313)
Unity.AI.Tracing.ConsoleSink:Write (Unity.AI.Tracing.TraceEvent) (at ./Library/PackageCache/com.unity.ai.assistant@8d1e3e89e3a7/Modules/Unity.AI.Tracing/TraceSinks.cs:277)
Unity.AI.Tracing.TraceWriter:WriteEventInternal (string,string,Unity.AI.Tracing.TraceEventOptions,string,System.Nullable`1<int>) (at ./Library/PackageCache/com.unity.ai.assistant@8d1e3e89e3a7/Modules/Unity.AI.Tracing/TraceWriter.cs:373)
Unity.AI.Tracing.TraceWriter:Event (string,Unity.AI.Tracing.TraceEventOptions) (at ./Library/PackageCache/com.unity.ai.assistant@8d1e3e89e3a7/Modules/Unity.AI.Tracing/TraceWriter.cs:297)
Unity.AI.Tracing.TraceLogger:Emit (string,string,string,string,Unity.AI.Tracing.TraceEventOptions,object,System.Exception) (at ./Library/PackageCache/com.unity.ai.assistant@8d1e3e89e3a7/Modules/Unity.AI.Tracing/TraceLogger.cs:105)
Unity.AI.Tracing.TraceLogger:Info (string,string,string,Unity.AI.Tracing.TraceEventOptions) (at ./Library/PackageCache/com.unity.ai.assistant@8d1e3e89e3a7/Modules/Unity.AI.Tracing/TraceLogger.cs:35)
Unity.AI.MCP.Editor.Helpers.McpLog:Log (string,Unity.AI.Tracing.TraceEventOptions) (at ./Library/PackageCache/com.unity.ai.assistant@8d1e3e89e3a7/Modules/Unity.AI.MCP.Editor/Helpers/McpLog.cs:15)
Unity.AI.MCP.Editor.Bridge:LogBreadcrumb (string) (at ./Library/PackageCache/com.unity.ai.assistant@8d1e3e89e3a7/Modules/Unity.AI.MCP.Editor/Bridge.cs:2055)
Unity.AI.MCP.Editor.Bridge:OnAfterAssemblyReload () (at ./Library/PackageCache/com.unity.ai.assistant@8d1e3e89e3a7/Modules/Unity.AI.MCP.Editor/Bridge.cs:1899)
UnityEditor.AssemblyReloadEvents:OnAfterAssemblyReload () (at /Users/bokken/build/output/unity/unity/Editor/Mono/AssemblyReloadEvents.cs:43)

(Filename: ./Library/PackageCache/com.unity.ai.assistant@8d1e3e89e3a7/Modules/Unity.AI.Tracing/TraceSinks.cs Line: 313)

- Finished resetting the current domain, in  2.391 seconds
Domain Reload Profiling: 3853ms
	BeginReloadAssembly (573ms)
		DisableScriptedObjects (25ms)
		CreateAndSetChildDomain (310ms)
	RebuildCommonClasses (7ms)
	RebuildNativeTypeToScriptingClass (13ms)
	initialDomainReloadingComplete (97ms)
	LoadAllAssembliesAndSetupDomain (770ms)
		LoadAssemblies (440ms)
		TypeCache.Refresh (301ms)
			TypeCache.ScanAssembly (229ms)
		AnalyzeDomain (55ms)
			BuildScriptInfoCaches (49ms)
			ResolveRequiredComponents (3ms)
	FinalizeReload (2391ms)
		SetupLoadedEditorAssemblies (0ms)
			InitializePlatformSupportModulesInManaged (8ms)
			BeforeProcessingInitializeOnLoad (144ms)
			ProcessInitializeOnLoadAttributes (1140ms)
			ProcessInitializeOnLoadMethodAttributes (479ms)
			EditorAssembliesLoaded (3ms)
		AwakeInstancesAfterBackupRestoration (20ms)
Starting new worker id: 0 with log in /Users/dawsonblock/unity/My project (7)/Logs/AssetImportWorkerHW0.log

Asset Pipeline Refresh (id=8a5c12dd29cc34b83b1c8a40fe5b1035): Total: 13.829 seconds - Initiated by InitialRefreshV2(ForceSynchronousImport)
	(Values over 0.05ms)
	Summary:
		Imports: total=0 (actual=0, local cache=0, cache server=0)
		Asset DB Process Time: managed=0 ms, native=4685 ms
		Asset DB Callback time: managed=60 ms, native=33 ms
		Scripting: domain reloads=1, domain reload time=1592 ms, compile time=7046 ms, other=410 ms
		Project Asset Count: scripts=1515, non-scripts=3034
		Asset File Changes: new=0, changed=0, moved=0, deleted=0
		Scan Filter Count: 1
	InvokePackagesCallback: 35.274ms
	ApplyChangesToAssetFolders: 0.612ms
	Scan: 896.660ms
	Collect global state as custom dependencies: 47.422ms
	CategorizeScriptCompilationAssets: 179.739ms
	ProcessAssetsWithTransientArtifactChanges: 67.358ms
	CategorizeAssets: 75.535ms
	CompileScripts: 7045.762ms
	ImportOutOfDateAssets: 2412.540ms (2400.062ms without children)
		ReloadNativeAssets: 0.050ms
		UnloadImportedAssets: 9.312ms
		EnsureUptoDateAssetsAreRegisteredWithGuidPM: 0.756ms
		ImportSchedulerStart: 2.351ms
	PostProcessAllAssets: 60.441ms
		MonoPostProcessAllAssets: 60.368ms
			UniversalRenderPipelineGlobalSettingsPostprocessor.OnPostprocessAllAssets 28.050ms
			SyncVS.PostprocessSyncProject 6.267ms
			WindowAssetPostprocessingWatcher.OnPostprocessAllAssets 2.066ms
			GraphRefreshPostprocessor.OnPostprocessAllAssets 1.598ms
			SpeedTree9Postprocessor.OnPostprocessAllAssets 1.167ms
			EditModeScopePostprocessor.OnPostprocessAllAssets 0.830ms
			AssetChangeDetector.OnPostprocessAllAssets 0.661ms
			RenderPipelineGlobalSettingsPostprocessor.OnPostprocessAllAssets 0.426ms
			ShaderReflectionAssetPostProcessor.OnPostprocessAllAssets 0.403ms
			InputActionAssetPostprocessor.OnPostprocessAllAssets 0.204ms
			ReferencedClipsPostProcessor.OnPostprocessAllAssets 0.178ms
			TerrainToolbarOverlayPostProcessor.OnPostprocessAllAssets 0.177ms
			ProjectSettingsPostprocessor.OnPostprocessAllAssets 0.172ms
			AssetDatabaseCallbacks.OnPostprocessAllAssets 0.114ms
	UnloadStreamsBegin: 87.391ms
	PersistCurrentRevisions: 0.114ms
	GenerateScriptTypeHashes: 3.434ms
	GenerateScriptTypeSerializationHashes: 5.273ms
	Untracked: 2916.704ms

Application.AssetDatabase Initial Refresh End
Shader Hidden/ChartRasterizerHardware is not supported: GPU does not support conservative rasterization
Shader Hidden/ChartRasterizerHardware is not supported: GPU does not support conservative rasterization
Scanning for USB devices : 0.037ms
Initializing Unity extensions:
[MODES] ModeService[none].Initialize
[MODES] ModeService[none].LoadModes
[MODES] Loading mode Default (0) for mode-current-id-Escape the Elites
Unloading 29 Unused Serialized files (Serialized files now loaded: 0)
Unloading 5944 unused Assets / (1.7 MB). Loaded Objects now: 6985.
Memory consumption went from 261.1 MB to 259.4 MB.
Total: 30.319667 ms (FindLiveObjects: 0.565792 ms CreateObjectMapping: 0.275458 ms MarkObjects: 27.008792 ms  DeleteObjects: 2.329417 ms)

[ProjectSetup] Layers ensured.
UnityEngine.Debug:ExtractStackTraceNoAlloc (byte*,int,string)
UnityEngine.StackTraceUtility:ExtractStackTrace () (at /Users/bokken/build/output/unity/unity/Runtime/Export/Scripting/StackTrace.cs:23)
UnityEngine.DebugLogHandler:Internal_Log (UnityEngine.LogType,UnityEngine.LogOption,string,UnityEngine.Object)
UnityEngine.DebugLogHandler:LogFormat (UnityEngine.LogType,UnityEngine.Object,string,object[])
UnityEngine.Logger:Log (UnityEngine.LogType,object)
UnityEngine.Debug:Log (object)
Escape.EditorTools.ProjectSetup:EnsureLayers () (at Assets/_Game/Editor/ProjectSetup.cs:48)
Escape.EditorTools.BuildAll:Run () (at Assets/_Game/Editor/BuildAll.cs:31)
Escape.EditorTools.CiChecks:VerifyDeterministicGeneration () (at Assets/_Game/Editor/CiChecks.cs:38)

(Filename: Assets/_Game/Editor/ProjectSetup.cs Line: 48)

Importing 'GUID: 0000000000000000b000000000000000 - Path: ProjectSettings/EditorBuildSettings.asset' with importer (LibraryAssetImporter)
Imported 'GUID: 0000000000000000b000000000000000' -> (Import Result ID: '20daa54de3fc82f69ba3ee90f0b8a981') in 0.004 seconds [static dependencies only]. Details - ImportResultOutputID=0a89a5c5f492143e0fa186859e17ba6f DependenciesID=928eef1d6241641f1638445dad6f2fee StaticDependenciesID=9dd4016036db10c35975be250ca5a091 
Importing 'GUID: 30b10669d1d1d4840aeed568c38da77d - Path: Assets/_Game/Resources/Definitions/Evidence/EVD_broadcast_script_001.asset' with importer (NativeFormatImporter)
Imported 'GUID: 30b10669d1d1d4840aeed568c38da77d' -> (Import Result ID: '4ca72f91979998d81f2ad15f0340efb5') in 0.001 seconds [static dependencies only]. Details - ImportResultOutputID=19049b44bb99ee0ea8bda65040871b6d DependenciesID=3c4e4baddef903d867fdaacdb83f8d9a StaticDependenciesID=125a4f75830d6b2855143b22ff607227 
Importing 'GUID: d0e496c3404a14e81bbf5c5dc21fd3f8 - Path: Assets/_Game/Resources/Definitions/Evidence/EVD_broadcast_key_001.asset' with importer (NativeFormatImporter)
Imported 'GUID: d0e496c3404a14e81bbf5c5dc21fd3f8' -> (Import Result ID: '9f0370942fe7d0fa8f523a2beb71336c') in 0.001 seconds [static dependencies only]. Details - ImportResultOutputID=09606f46bfaf207ae79fe9eb020cf17c DependenciesID=a58bf8207c24eb63e9e668ef85b27749 StaticDependenciesID=3ef469d5d64ad2398b555c7c3e990c94 
Importing 'GUID: 01537de7764354553a5217d0b491ac42 - Path: Assets/_Game/Resources/Definitions/Objectives/OBJ_reach_compound.asset' with importer (NativeFormatImporter)
Imported 'GUID: 01537de7764354553a5217d0b491ac42' -> (Import Result ID: 'bfb01dedadc25cdb5f61f15d37a8c4bc') in 0.001 seconds [static dependencies only]. Details - ImportResultOutputID=c3a9546a0e2d5631671682a1308bfebb DependenciesID=af64c7a68a0c5647df7adae934949ca7 StaticDependenciesID=9c8707e80d6bd43d3e23bfd807e10472 
Importing 'GUID: 119f3d5a0fd2d4fa0b0e6e8b8a16851a - Path: Assets/_Game/Resources/Definitions/Documents/DOC_doc_security_memo.asset' with importer (NativeFormatImporter)
Imported 'GUID: 119f3d5a0fd2d4fa0b0e6e8b8a16851a' -> (Import Result ID: 'd0d6e6900eebc4c4dee135077a71f0f5') in 0.001 seconds [static dependencies only]. Details - ImportResultOutputID=fdb55c6a4790c9e8dbc65867f21f9a05 DependenciesID=d2545033909ff18132ba65519b2f5d2b StaticDependenciesID=b4fd6268438af242a4a604bcc4f31c31 
Importing 'GUID: 31da7e1e5fe79474b9220c6bab78b3fe - Path: Assets/_Game/Resources/Definitions/Documents/DOC_doc_ledger.asset' with importer (NativeFormatImporter)
Imported 'GUID: 31da7e1e5fe79474b9220c6bab78b3fe' -> (Import Result ID: 'cf84cb1bc1807c93c3c6ad2d3786b4a5') in 0.001 seconds [static dependencies only]. Details - ImportResultOutputID=d30b4e697ba4a13282345540ed3fedcb DependenciesID=8a1b7a0dd24649da23179445bbaa5265 StaticDependenciesID=7f5af7c946eda004b071a31b1299d330 
Importing 'GUID: d188b83180b6c44e595aac6f69c33fc7 - Path: Assets/_Game/Resources/Definitions/Endings/END_ending_partial.asset' with importer (NativeFormatImporter)
Imported 'GUID: d188b83180b6c44e595aac6f69c33fc7' -> (Import Result ID: '74d4194c8a78796532b7d05270015cd7') in 0.001 seconds [static dependencies only]. Details - ImportResultOutputID=7b78cedd9ba3ff3ef8570872b9ec1672 DependenciesID=f86f8aebd4c32442dc95c6f0cd86b6dd StaticDependenciesID=d7879ec093c8090f2f5151deb886b2bf 
Importing 'GUID: 02ee1e16d4ece471b8f541b098214305 - Path: Assets/_Game/Resources/Definitions/Objectives/OBJ_download_archive.asset' with importer (NativeFormatImporter)
Imported 'GUID: 02ee1e16d4ece471b8f541b098214305' -> (Import Result ID: '8793157430d603da2bb3d33b6d495a6e') in 0.001 seconds [static dependencies only]. Details - ImportResultOutputID=da3b14e5c66eea633433a72b9d447b7f DependenciesID=7cf4243ebe6f76d52294e8a64acdabea StaticDependenciesID=ba0792c2a79349da565daa235ed21b3e 
Importing 'GUID: 322b78381ec71458e888d87cd3e8f342 - Path: Assets/_Game/Resources/Definitions/Documents/DOC_doc_incident_report.asset' with importer (NativeFormatImporter)
Imported 'GUID: 322b78381ec71458e888d87cd3e8f342' -> (Import Result ID: 'd6c1637ad545cadc4b6288f09fd1b575') in 0.000 seconds [static dependencies only]. Details - ImportResultOutputID=1fb06ef8e87f3b40cc14ab0cbda7bd4c DependenciesID=dcc2a62f9afd202e8455f93915885a62 StaticDependenciesID=8ad4a6d5772371478c13806f26cc4160 
Importing 'GUID: 53541f284608448bea0ee38fc2579b79 - Path: Assets/_Game/Resources/Definitions/Evidence/EVD_ledger_page_001.asset' with importer (NativeFormatImporter)
Imported 'GUID: 53541f284608448bea0ee38fc2579b79' -> (Import Result ID: '95bfb7c975dc2fc88035fb8f75839c8c') in 0.001 seconds [static dependencies only]. Details - ImportResultOutputID=e7236b8e73e38e3746d0eb1a37eb5df4 DependenciesID=8cb76a72b5d843a6c7cea6e8af1609c7 StaticDependenciesID=74f5f017b767206c6f89d74f2c1413da 
Importing 'GUID: 93b4a46223af54100a4d49d2c90c41fb - Path: Assets/_Game/Resources/Definitions/Insights/INS_vault_logs_scrubbed.asset' with importer (NativeFormatImporter)
Imported 'GUID: 93b4a46223af54100a4d49d2c90c41fb' -> (Import Result ID: 'abbad1ff732609a8593567b5fc384d68') in 0.000 seconds [static dependencies only]. Details - ImportResultOutputID=ca9942d90d5ad107951c26b79fd6d46c DependenciesID=41fbfabd2ace7e2d66dedced83fb10af StaticDependenciesID=e10894a60cb1a034be12113334894ced 
Importing 'GUID: d3f3d8456caba4d628cf0ff7d5625537 - Path: Assets/_Game/Resources/Definitions/Evidence/EVD_transport_manifest_001.asset' with importer (NativeFormatImporter)
Imported 'GUID: d3f3d8456caba4d628cf0ff7d5625537' -> (Import Result ID: 'a6087ebbed14a2064e12b94be3daae2e') in 0.000 seconds [static dependencies only]. Details - ImportResultOutputID=1a37df7179254813984cf108ec950b02 DependenciesID=94feadb2de6cc9adac3ce38c46c45340 StaticDependenciesID=063fc040c4a981353c531ef1b5615fa9 
Importing 'GUID: 043a3fd453e50455782e87c3a80faecb - Path: Assets/_Game/Resources/Definitions/Objectives/OBJ_reach_bunker.asset' with importer (NativeFormatImporter)
Imported 'GUID: 043a3fd453e50455782e87c3a80faecb' -> (Import Result ID: '792dc7d0da21234c4b158014825f680f') in 0.000 seconds [static dependencies only]. Details - ImportResultOutputID=06b367fdfbe3ae1cf548734a5cf36c21 DependenciesID=abdb474f57482738ccb7a649642a7863 StaticDependenciesID=e9ec655a963b6eff10ea85c22f4c50e9 
Importing 'GUID: 7415b32002c1249968fee100e1f2fde5 - Path: Assets/_Game/Resources/Definitions/Objectives/OBJ_corroborate_story.asset' with importer (NativeFormatImporter)
Imported 'GUID: 7415b32002c1249968fee100e1f2fde5' -> (Import Result ID: '38c3fc6dba9927dd4e4fdb17a1d53acf') in 0.001 seconds [static dependencies only]. Details - ImportResultOutputID=0677e8119c3a40f5d26d27ffe2086e3c DependenciesID=b4dae2ddac7bef7141bbcf334047fc50 StaticDependenciesID=d85da1683a5bf6f3e026057640ac1504 
Importing 'GUID: a4335bd71b7d54159ad3f7405fab0e89 - Path: Assets/_Game/Resources/Definitions/Documents/DOC_doc_public_statement.asset' with importer (NativeFormatImporter)
Imported 'GUID: a4335bd71b7d54159ad3f7405fab0e89' -> (Import Result ID: '23246fbfaa483bbf7731bfd1d31141e3') in 0.001 seconds [static dependencies only]. Details - ImportResultOutputID=5aca3198784d693cbb78ab6b53b68e3d DependenciesID=85eb702df6b2876658a7a92565b3ec5a StaticDependenciesID=d1a233ff3e598bd78c6c838149f4bd0d 
Importing 'GUID: e43ecb7047135489a987db8e0b897201 - Path: Assets/_Game/Resources/Definitions/Objectives/OBJ_search_office.asset' with importer (NativeFormatImporter)
Imported 'GUID: e43ecb7047135489a987db8e0b897201' -> (Import Result ID: '8bdc76f8ee0746a929a02eeed0c34f5f') in 0.001 seconds [static dependencies only]. Details - ImportResultOutputID=553d8e8417628095ab43dc6d0481f719 DependenciesID=080f8b58b60c6d1812fc3c1e977f09d1 StaticDependenciesID=095d6fc4b11b319f0550edabaa15d5fb 
Importing 'GUID: 052f7169beda74546bfb2b0d41c16005 - Path: Assets/_Game/Resources/Definitions/Insights/INS_wing_buried_incident.asset' with importer (NativeFormatImporter)
Imported 'GUID: 052f7169beda74546bfb2b0d41c16005' -> (Import Result ID: '9df5907555066a1272df09ddb909e84b') in 0.000 seconds [static dependencies only]. Details - ImportResultOutputID=227036cd70da3fcca11c02171f1056ed DependenciesID=7a350243f778887240a232e820b07064 StaticDependenciesID=1581b62f635fb1970107d89cee3253c3 
Importing 'GUID: 55f426f16d57e47328fc1a8ed99958b5 - Path: Assets/_Game/Resources/Definitions/Evidence/EVD_server_archive_001.asset' with importer (NativeFormatImporter)
Imported 'GUID: 55f426f16d57e47328fc1a8ed99958b5' -> (Import Result ID: '8e27370f63c0a71f57cae25cda0b294c') in 0.000 seconds [static dependencies only]. Details - ImportResultOutputID=f5c0bcb006a93593f026fa51f083134a DependenciesID=2fa424b4920f0d2a8bbb7ea82339a9b2 StaticDependenciesID=24de7eeba6c2e3291f6f5d29b48bc5b4 
Importing 'GUID: d5cca15f54f964c14ba9f6032c983828 - Path: Assets/_Game/Resources/Definitions/Objectives/OBJ_unlock_service_door.asset' with importer (NativeFormatImporter)
Imported 'GUID: d5cca15f54f964c14ba9f6032c983828' -> (Import Result ID: '3d9573af27ddb799867b7bfd273447bd') in 0.001 seconds [static dependencies only]. Details - ImportResultOutputID=951573ec015fa9a7e925006f782e2e48 DependenciesID=f1e9270861fdbd584cd91c63bc800b0c StaticDependenciesID=daf6bdaf25ae33e2d5b227764ce7cc9c 
Importing 'GUID: f5356ab937a5747e5abdeb323c793826 - Path: Assets/_Game/Resources/Definitions/Evidence/EVD_security_memo_001.asset' with importer (NativeFormatImporter)
Imported 'GUID: f5356ab937a5747e5abdeb323c793826' -> (Import Result ID: '4766ff065ecbde2d05581c5fef2bb2a3') in 0.001 seconds [static dependencies only]. Details - ImportResultOutputID=160aaf87c60a2fd621cc9a7c2df5ee4d DependenciesID=7cd5ba75db79fbfcfa7e1df263e11599 StaticDependenciesID=a952bdca9af497c285fa9018d3153108 
Importing 'GUID: f5354de3c2aac4801a2059cb39f0143f - Path: Assets/_Game/Resources/Definitions/Documents/DOC_doc_access_log.asset' with importer (NativeFormatImporter)
Imported 'GUID: f5354de3c2aac4801a2059cb39f0143f' -> (Import Result ID: 'a0c3cf3251533cc99274a1d83480117a') in 0.000 seconds [static dependencies only]. Details - ImportResultOutputID=34fb56daedc1f4c31b9bbc07ad87bb40 DependenciesID=d29856c0833755b31cbdf33447a5474e StaticDependenciesID=f39209e6dfd2ae5eda8896627b8a63f1 
Importing 'GUID: 068716e0592384813b62fb22f885d72e - Path: Assets/_Game/Resources/Definitions/Evidence/EVD_access_log_001.asset' with importer (NativeFormatImporter)
Imported 'GUID: 068716e0592384813b62fb22f885d72e' -> (Import Result ID: '75578f8421168b751f627e6773a9a303') in 0.000 seconds [static dependencies only]. Details - ImportResultOutputID=b24ab8e6bb4c4dbbe1abcb57e718ca20 DependenciesID=5a58d82cf052c22e9bff80ba0c2bf1a5 StaticDependenciesID=91ec4dd6971d1cccfb4c64041fb33f76 
Importing 'GUID: 560398d4b1e2d4c9a97eb50cf09679c3 - Path: Assets/_Game/Resources/Definitions/Documents/DOC_doc_guest_log.asset' with importer (NativeFormatImporter)
Imported 'GUID: 560398d4b1e2d4c9a97eb50cf09679c3' -> (Import Result ID: 'f613dad8d625f964ee82e052c5074dcc') in 0.000 seconds [static dependencies only]. Details - ImportResultOutputID=a3ec6b3151265c2ae2fd6df3001ef5f2 DependenciesID=3d54cfbf9b7f56752772236a1689163d StaticDependenciesID=f45950571d963c5ea0293e0c9843ddb9 
Importing 'GUID: b68c2fc7c184c4ecf95ed3c88b211970 - Path: Assets/_Game/Resources/Definitions/Objectives/OBJ_find_keycard.asset' with importer (NativeFormatImporter)
Imported 'GUID: b68c2fc7c184c4ecf95ed3c88b211970' -> (Import Result ID: '48803fae9a615996a055540f931ed609') in 0.000 seconds [static dependencies only]. Details - ImportResultOutputID=f76b87d73896a6e7cb0a8dd66310cc4b DependenciesID=4f92ce3069f4f52b26cf7432fed68e56 StaticDependenciesID=5cfd516849e7aa956eb493850a138862 
Importing 'GUID: d6342055ec0204073920d6e3434a18ee - Path: Assets/_Game/Resources/Definitions/Evidence/EVD_keycard_staff.asset' with importer (NativeFormatImporter)
Imported 'GUID: d6342055ec0204073920d6e3434a18ee' -> (Import Result ID: 'f66068c03a13089816a303f73d01cd4b') in 0.001 seconds [static dependencies only]. Details - ImportResultOutputID=9b6864197f0cc25a908a18ac0f1ebccc DependenciesID=c5aa61167963d80161578485bcb3997e StaticDependenciesID=3aae86b8db90960eaa9671bced0acd40 
Importing 'GUID: 372077f83f47a47c69335b07dc2c8e03 - Path: Assets/_Game/Resources/Definitions/Documents/DOC_doc_archive_code.asset' with importer (NativeFormatImporter)
Imported 'GUID: 372077f83f47a47c69335b07dc2c8e03' -> (Import Result ID: 'b9b3a17dbed2fb82e7f9419d4d3e4569') in 0.000 seconds [static dependencies only]. Details - ImportResultOutputID=aba2808bd9447dd3b3ad900a0e36395c DependenciesID=f0bbd560aef1ba0ab1bc3ac2946facc4 StaticDependenciesID=f4b1b732c09e1ec7d5f42720ee09fa50 
Importing 'GUID: 37ed11c66d0d746bcb8ea06c8178a6bd - Path: Assets/_Game/Resources/Definitions/Evidence/EVD_guest_log_001.asset' with importer (NativeFormatImporter)
Imported 'GUID: 37ed11c66d0d746bcb8ea06c8178a6bd' -> (Import Result ID: '15b7c4930357d66e196e8e4b8f49de04') in 0.000 seconds [static dependencies only]. Details - ImportResultOutputID=3088ce481f08debb7f818b03c7598c20 DependenciesID=c334a7ca797aa3abea0bdecbd99f2e0e StaticDependenciesID=75dff0bc5e7b098d1fc170acf8dc8d84 
Importing 'GUID: 57e0afdb6814e4d2fbb32393b0207968 - Path: Assets/_Game/Resources/Definitions/Terminals/TRM_bunker_terminal.asset' with importer (NativeFormatImporter)
Imported 'GUID: 57e0afdb6814e4d2fbb32393b0207968' -> (Import Result ID: '7b052dab35e74184bf2958d18d5a9080') in 0.000 seconds [static dependencies only]. Details - ImportResultOutputID=a67077b21bd51f3db5ba7ca8e969deff DependenciesID=6b8108f8fd35f6fcd748a833daee0954 StaticDependenciesID=d408e203db99e892ebdf6401639494cd 
Importing 'GUID: 673affab08d6c4c028815a33352aba03 - Path: Assets/_Game/Resources/Definitions/Terminals/TRM_security_hub_terminal.asset' with importer (NativeFormatImporter)
Imported 'GUID: 673affab08d6c4c028815a33352aba03' -> (Import Result ID: '479184fa80e9caa18157919bea2765f5') in 0.000 seconds [static dependencies only]. Details - ImportResultOutputID=e782ea709eb1fbbe0641a578557186a0 DependenciesID=a6c4dee3de9030e47c932efce868ea53 StaticDependenciesID=e4313428f8ba45078fedeb1db9444c3d 
Importing 'GUID: 973df065766564e20a82e936160ce1af - Path: Assets/_Game/Resources/Definitions/Insights/INS_server_archive_authentic.asset' with importer (NativeFormatImporter)
Imported 'GUID: 973df065766564e20a82e936160ce1af' -> (Import Result ID: 'b242de7775a2ef7c703594eb021dd3f5') in 0.000 seconds [static dependencies only]. Details - ImportResultOutputID=38f3437300f39dd9c8c62679f03ab5a1 DependenciesID=08f9e984b3e21c92fa7153bba015a4c2 StaticDependenciesID=da74b25b6a37a6c502137d51df8b739c 
Importing 'GUID: f7ca816fb17364e89a4c9cd6637abd9e - Path: Assets/_Game/Resources/Definitions/Insights/INS_private_security_coverup.asset' with importer (NativeFormatImporter)
Imported 'GUID: f7ca816fb17364e89a4c9cd6637abd9e' -> (Import Result ID: '41bea628beb4cf77dbb9c4811eaf4204') in 0.001 seconds [static dependencies only]. Details - ImportResultOutputID=cae11e85fa4a3332b3f9948cec167392 DependenciesID=3c22a9b17c0776aca77a712c4a7cd46c StaticDependenciesID=3194797bd13fa26310872feceb9c58cb 
Importing 'GUID: 08a50360db94d42a2b581ea404db3364 - Path: Assets/_Game/Resources/Definitions/Endings/END_ending_bad.asset' with importer (NativeFormatImporter)
Imported 'GUID: 08a50360db94d42a2b581ea404db3364' -> (Import Result ID: 'c0135599c9b6370c32be784c5aeba25f') in 0.000 seconds [static dependencies only]. Details - ImportResultOutputID=3b0af1b7d1f94c4771f5126ef5ee2885 DependenciesID=cc36042bb87712c01713ac1a8bd5dc9e StaticDependenciesID=a056483739290ac51c9da3a477a7d428 
Importing 'GUID: d8703ff2fbf99427197966286a8297c1 - Path: Assets/_Game/Resources/Definitions/Objectives/OBJ_infiltrate_service.asset' with importer (NativeFormatImporter)
Imported 'GUID: d8703ff2fbf99427197966286a8297c1' -> (Import Result ID: '688fd7560a2b35c8888b619b2086ae29') in 0.001 seconds [static dependencies only]. Details - ImportResultOutputID=3fb5d2556c5140f104b512323808401a DependenciesID=408251bd8426435b878616502323e9ed StaticDependenciesID=1bdcbef488b8b75ce21677f646ef8291 
Importing 'GUID: d8bf95ac0cf474914840cf6ca5057180 - Path: Assets/_Game/Resources/Definitions/Documents/DOC_doc_broadcast_script.asset' with importer (NativeFormatImporter)
Imported 'GUID: d8bf95ac0cf474914840cf6ca5057180' -> (Import Result ID: 'b33c96db019a37453b4173b2624803ae') in 0.000 seconds [static dependencies only]. Details - ImportResultOutputID=5ad25e0b43d37e2723045bf4fd1de54b DependenciesID=6144e1c08e74ab24cfddab3e87ce68f7 StaticDependenciesID=6e46a6ea053e77d9ce4cf3458ea49764 
Importing 'GUID: 4931001818bb245eeae37449befa228b - Path: Assets/_Game/Resources/Definitions/Endings/END_ending_secret.asset' with importer (NativeFormatImporter)
Imported 'GUID: 4931001818bb245eeae37449befa228b' -> (Import Result ID: '24efdd106a79cd2361141ca58e4906af') in 0.000 seconds [static dependencies only]. Details - ImportResultOutputID=a4ee70884d0a7172f980d69d8ff2d391 DependenciesID=c75a420e0f12b38b462d74a3b03efd36 StaticDependenciesID=82ddbcfa15f0ba360ec55b6072950c6a 
Importing 'GUID: 4adbb924f53a04b80ad0b6c70c47bcbb - Path: Assets/_Game/Resources/Definitions/Evidence/EVD_incident_report_001.asset' with importer (NativeFormatImporter)
Imported 'GUID: 4adbb924f53a04b80ad0b6c70c47bcbb' -> (Import Result ID: 'bac833d02da1c2879217ae47e1ea4140') in 0.000 seconds [static dependencies only]. Details - ImportResultOutputID=52b987f30e9a693268a2056294e2481e DependenciesID=d2f64235208f91f75bbeb5caf389c74f StaticDependenciesID=eb66d2af1c9336aff663da249fe62ee7 
Importing 'GUID: 5a58b605fbc1348c5a9d5aa7c5cef619 - Path: Assets/_Game/Resources/Definitions/Objectives/OBJ_broadcast_truth.asset' with importer (NativeFormatImporter)
Imported 'GUID: 5a58b605fbc1348c5a9d5aa7c5cef619' -> (Import Result ID: 'd2fe11105943cdb1f393c92f2e181943') in 0.000 seconds [static dependencies only]. Details - ImportResultOutputID=f024f85ddcc8803cfa197b312935a8c6 DependenciesID=0f8886c45628240ee4fa6c20401a4e24 StaticDependenciesID=82a66a0b9e31ec8ce8100e8597b5953b 
Importing 'GUID: aa5ab58af682c49df831fd120184f7dd - Path: Assets/_Game/Resources/Definitions/Terminals/TRM_service_terminal.asset' with importer (NativeFormatImporter)
Imported 'GUID: aa5ab58af682c49df831fd120184f7dd' -> (Import Result ID: '52da18b3336dd91991f12cc75dfb83af') in 0.001 seconds [static dependencies only]. Details - ImportResultOutputID=31e163428eead6fcad3c528287e57b63 DependenciesID=2cf91c693fe630fc0369abf0b0c4a34e StaticDependenciesID=a70c37dcec930c45638b3718a4d417af 
Importing 'GUID: 0c7a628f6751941e3985e3e755297c02 - Path: Assets/_Game/Resources/Definitions/Endings/END_ending_best.asset' with importer (NativeFormatImporter)
Imported 'GUID: 0c7a628f6751941e3985e3e755297c02' -> (Import Result ID: '3786b263289d143401348470a2ebb846') in 0.001 seconds [static dependencies only]. Details - ImportResultOutputID=2c6116e2a328abdabc1eb0237ca4d510 DependenciesID=3ccb1b9df76bdd63c5d5cb70daeffbab StaticDependenciesID=20ddbe9920630d7aa6c5ce2834d1905d 
Importing 'GUID: 8c84d4e34de8b4578aa731241eed28b3 - Path: Assets/_Game/Resources/Definitions/Objectives/OBJ_find_ledger.asset' with importer (NativeFormatImporter)
Imported 'GUID: 8c84d4e34de8b4578aa731241eed28b3' -> (Import Result ID: '8932c20199f5f0ea5fc6ef23dd12adc8') in 0.000 seconds [static dependencies only]. Details - ImportResultOutputID=77bfe27988fb6239c019e11c9465b704 DependenciesID=f3ddd4675749c00c02dd1e8f32d06fe2 StaticDependenciesID=54f3aa6979dcfed54d8fda5b2b3c66ac 
Importing 'GUID: 1d774d62bd9724c3eb2d25e56d5e5f89 - Path: Assets/_Game/Resources/Definitions/Insights/INS_travel_pattern_confirmed.asset' with importer (NativeFormatImporter)
Imported 'GUID: 1d774d62bd9724c3eb2d25e56d5e5f89' -> (Import Result ID: '771cd7202937c02dddd09baa8ac12c19') in 0.000 seconds [static dependencies only]. Details - ImportResultOutputID=44a461e5a3e5ab75c84fc9353e930c83 DependenciesID=a85e5ba9361b4420a6f04925d72c68bc StaticDependenciesID=b1a5055a9706a26670fced72f717c7a7 
Importing 'GUID: 1dcbfe79bc9ee442d82ba894ed20317a - Path: Assets/_Game/Resources/Definitions/Evidence/EVD_public_statement_001.asset' with importer (NativeFormatImporter)
Imported 'GUID: 1dcbfe79bc9ee442d82ba894ed20317a' -> (Import Result ID: 'e5e42f958d8a55da53d00dee6a7c69fa') in 0.000 seconds [static dependencies only]. Details - ImportResultOutputID=c151a311d230f8605ca42cf516148d6e DependenciesID=59ea1e9c77d4022dfb6d8c41f4c99bb4 StaticDependenciesID=239aaacb64abdd24f4fa8ae35633aa53 
Importing 'GUID: 4df07a5faf0cb4544bb9ea31bc4024ef - Path: Assets/_Game/Resources/Definitions/Evidence/EVD_vault_keylog_001.asset' with importer (NativeFormatImporter)
Imported 'GUID: 4df07a5faf0cb4544bb9ea31bc4024ef' -> (Import Result ID: '62dd0d901772173973fe0d9f85c7c138') in 0.000 seconds [static dependencies only]. Details - ImportResultOutputID=8f32404e7854f7c2265b76ccc2c9759f DependenciesID=3db9fb2ae81b6e27b57fbc1e271a9561 StaticDependenciesID=06d936e1e2f22f3979b4d4ecef379fc5 
Importing 'GUID: 8de25ec28a1364454850d8e65fa18bb4 - Path: Assets/_Game/Resources/Definitions/Terminals/TRM_office_terminal.asset' with importer (NativeFormatImporter)
Imported 'GUID: 8de25ec28a1364454850d8e65fa18bb4' -> (Import Result ID: 'f5485c20989c6086198b346d99cc1127') in 0.001 seconds [static dependencies only]. Details - ImportResultOutputID=207cfc5779881264c9ab82459da78e57 DependenciesID=5f006f22e96e446373e3b82583f5ea62 StaticDependenciesID=1b1b2e0314b91b98c934256cbea9dba2 
Importing 'GUID: 9fb54bb189bc54afba710a6382912cca - Path: Assets/_Game/Resources/Definitions/Objectives/OBJ_reach_tower.asset' with importer (NativeFormatImporter)
Imported 'GUID: 9fb54bb189bc54afba710a6382912cca' -> (Import Result ID: '4ec8be6109d9ef0fae37cfa1caded4ea') in 0.000 seconds [static dependencies only]. Details - ImportResultOutputID=2b8bd691334bb0bf92e63157068e3ef9 DependenciesID=7331b91d26d1434f5d1a05dac271d0cd StaticDependenciesID=100762e08b6dc476d44c465a5bf0a4a9 
Importing 'GUID: 9fadfeb4b46a54468b120b479bd8f0df - Path: Assets/_Game/Resources/Definitions/Objectives/OBJ_route_broadcast.asset' with importer (NativeFormatImporter)
Imported 'GUID: 9fadfeb4b46a54468b120b479bd8f0df' -> (Import Result ID: 'aa511b86d0cade7765321a0521fe3471') in 0.001 seconds [static dependencies only]. Details - ImportResultOutputID=98ebf1f04289039eb43b5aeb21b8db41 DependenciesID=4a2f2d47e547717484ab78daf1cf60c6 StaticDependenciesID=fb811ed2d94701d97dd210a3d198e6b7 
Importing 'GUID: bf665eb2379804043bac12ef5f67bb0c - Path: Assets/_Game/Resources/Definitions/Documents/DOC_doc_manifest.asset' with importer (NativeFormatImporter)
Imported 'GUID: bf665eb2379804043bac12ef5f67bb0c' -> (Import Result ID: '612217f6a558ea5e94b300260a102464') in 0.001 seconds [static dependencies only]. Details - ImportResultOutputID=6079b774eb4baba619dee14b346a80be DependenciesID=bd48455b164fbdcdfdcb297bc163cda0 StaticDependenciesID=e7661e3ea2d78e2f841ae382d68068fd 

Asset Pipeline Refresh (id=842c05b0df7af426b8a4700afda27906): Total: 0.346 seconds - Initiated by StopAssetImportingV2(NoUpdateAssetOptions)
	(Values over 0.05ms)
	Summary:
		Imports: total=47 (actual=47, local cache=0, cache server=0)
		Asset DB Process Time: managed=2 ms, native=100 ms
		Asset DB Callback time: managed=240 ms, native=1 ms
		Scripting: domain reloads=0, domain reload time=0 ms, compile time=0 ms, other=0 ms
		Project Asset Count: scripts=1515, non-scripts=3034
		Asset File Changes: new=0, changed=0, moved=0, deleted=0
		Scan Filter Count: 57
	ApplyChangesToAssetFolders: 0.070ms
	Scan: 5.681ms
	Collect global state as custom dependencies: 0.334ms
	CategorizeScriptCompilationAssets: 0.059ms
	ProcessAssetsWithTransientArtifactChanges: 0.139ms
	CategorizeAssets: 36.232ms
	ImportOutOfDateAssets: 51.056ms (0.161ms without children)
		ImportManagerImport: 49.349ms (2.027ms without children)
			UpdateCategorizedAssets: 0.372ms
		ReloadNativeAssets: 0.091ms
		UnloadImportedAssets: 0.092ms
		EnsureUptoDateAssetsAreRegisteredWithGuidPM: 0.463ms
		ImportSchedulerStart: 0.896ms
	PostProcessAllAssets: 242.053ms
		XRBuildSystem.XRAssetImported 0.166ms
		PostProcessCallbackCreateDeferredMaterials 0.061ms
		MonoPostProcessAllAssets: 240.935ms
			AssetPostprocessor.OnPostprocessAllAssets 61.640ms
			AssetReferenceReimportMonitor.OnPostprocessAllAssets 16.708ms
			StyleCatalogPostProcessor.OnPostprocessAllAssets 12.972ms
			BuilderAssetPostprocessor.OnPostprocessAllAssets 6.507ms
			SpriteSlicePostprocessor.OnPostprocessAllAssets 3.937ms
			ShaderGraphAssetPostProcessor.OnPostprocessAllAssets 2.491ms
			AssetChangedListener.OnPostprocessAllAssets 1.849ms
			RetainedModeAssetPostprocessor.OnPostprocessAllAssets 1.297ms
			TMPro_TexturePostProcessor.OnPostprocessAllAssets 1.133ms
			PostProcessor.OnPostprocessAllAssets 1.123ms
			SyncVS.PostprocessSyncProject 1.070ms
			MaterialPostprocessor.OnPostprocessAllAssets 1.031ms
			SpriteEditorTexturePostprocessor.OnPostprocessAllAssets 0.731ms
			TextAssetPostProcessor.OnPostprocessAllAssets 0.663ms
			InputActionJsonNameModifierAssetProcessor.OnPostprocessAllAssets 0.605ms
			ArtifactBrowserPostProcessor.OnPostprocessAllAssets 0.544ms
			InputActionAssetPostprocessor.OnPostprocessAllAssets 0.491ms
			AudioMixerPostprocessor.OnPostprocessAllAssets 0.389ms
			SkillsProjectAssetPostprocessor.OnPostprocessAllAssets 0.348ms
			ThemePostprocessor.OnPostprocessAllAssets 0.269ms
			TrackSelectedAssetsProcessor.OnPostprocessAllAssets 0.236ms
			AssetEvents.OnPostprocessAllAssets 0.219ms
			SpeedTreePostProcessor.OnPostprocessAllAssets 0.166ms
			ConfigAssetsTracker.OnPostprocessAllAssets 0.149ms
			RenderPipelineGlobalSettingsPostprocessor.OnPostprocessAllAssets 0.140ms
			UniversalRenderPipelineGlobalSettingsPostprocessor.OnPostprocessAllAssets 0.119ms
			ScenarioDriftAssetsTracker.OnPostprocessAllAssets 0.118ms
			GraphRefreshPostprocessor.OnPostprocessAllAssets 0.050ms
	PostAssetChangesProfiler: 0.782ms
	GatherAllCurrentPrimaryImportResultRevisions: 0.334ms
	PersistCurrentRevisions: 0.114ms
	Untracked: 8.990ms

[WebDataImporter] Imported 12 evidence, 12 objectives, 5 insights, 9 documents, 4 endings, 4 terminals.
UnityEngine.Debug:ExtractStackTraceNoAlloc (byte*,int,string)
UnityEngine.StackTraceUtility:ExtractStackTrace () (at /Users/bokken/build/output/unity/unity/Runtime/Export/Scripting/StackTrace.cs:23)
UnityEngine.DebugLogHandler:Internal_Log (UnityEngine.LogType,UnityEngine.LogOption,string,UnityEngine.Object)
UnityEngine.DebugLogHandler:LogFormat (UnityEngine.LogType,UnityEngine.Object,string,object[])
UnityEngine.Logger:Log (UnityEngine.LogType,object)
UnityEngine.Debug:Log (object)
Escape.EditorTools.WebDataImporter:ImportAll () (at Assets/_Game/Editor/WebDataImporter.cs:48)
Escape.EditorTools.BuildAll:Run () (at Assets/_Game/Editor/BuildAll.cs:32)
Escape.EditorTools.CiChecks:VerifyDeterministicGeneration () (at Assets/_Game/Editor/CiChecks.cs:38)

(Filename: Assets/_Game/Editor/WebDataImporter.cs Line: 48)

Asset Pipeline Refresh (id=18d604ef8589746bd95010e3d601e13e): Total: 0.138 seconds - Initiated by RefreshV2(NoUpdateAssetOptions)
Importing 'GUID: 36a891ef6fb084d4b908511042105894 - Path: Assets/_Game/Resources/ClipLibrary.asset' with importer (NativeFormatImporter)
Imported 'GUID: 36a891ef6fb084d4b908511042105894' -> (Import Result ID: '30c8cd2835b2109fd866883211192c5a') in 0.013 seconds [static dependencies only]. Details - ImportResultOutputID=b85104a8f9df2bc03f93e10927e5e565 DependenciesID=dda7a3b85f3fb9ff8cf2fd7ab3cfa4f8 StaticDependenciesID=ddc7bc86c5bf36fd49c2e5d2cd56ac08 
Asset Pipeline Refresh (id=03c818ea5eb904420bdf32b03860316f): Total: 0.137 seconds - Initiated by StopAssetImportingV2(NoUpdateAssetOptions)
[AudioLibrary] Built Assets/_Game/Resources/ClipLibrary.asset — steps:5/5/5/5 impacts:5/5
UnityEngine.Debug:ExtractStackTraceNoAlloc (byte*,int,string)
UnityEngine.StackTraceUtility:ExtractStackTrace () (at /Users/bokken/build/output/unity/unity/Runtime/Export/Scripting/StackTrace.cs:23)
UnityEngine.DebugLogHandler:Internal_Log (UnityEngine.LogType,UnityEngine.LogOption,string,UnityEngine.Object)
UnityEngine.DebugLogHandler:LogFormat (UnityEngine.LogType,UnityEngine.Object,string,object[])
UnityEngine.Logger:Log (UnityEngine.LogType,object)
UnityEngine.Debug:Log (object)
Escape.EditorTools.AudioLibraryBuilder:Build () (at Assets/_Game/Editor/AudioLibraryBuilder.cs:58)
Escape.EditorTools.BuildAll:Run () (at Assets/_Game/Editor/BuildAll.cs:33)
Escape.EditorTools.CiChecks:VerifyDeterministicGeneration () (at Assets/_Game/Editor/CiChecks.cs:38)

(Filename: Assets/_Game/Editor/AudioLibraryBuilder.cs Line: 58)

Asset Pipeline Refresh (id=60c40a91da419466bbcccc9223d95ef1): Total: 0.008 seconds - Initiated by StopAssetImportingV2(NoUpdateAssetOptions)
Asset Pipeline Refresh (id=2b7d9ea07040e4839bd02404bb8910f9): Total: 0.005 seconds - Initiated by StopAssetImportingV2(NoUpdateAssetOptions)
Asset Pipeline Refresh (id=cb07d46ebf678468c9f9b2f2a18d1908): Total: 0.008 seconds - Initiated by StopAssetImportingV2(NoUpdateAssetOptions)
Asset Pipeline Refresh (id=dbae4ff25f0d94eb4aef30a9f43d8959): Total: 0.006 seconds - Initiated by StopAssetImportingV2(NoUpdateAssetOptions)
Asset Pipeline Refresh (id=ad3efc7f969174e0b8a7a86578d4514a): Total: 0.005 seconds - Initiated by StopAssetImportingV2(NoUpdateAssetOptions)
Asset Pipeline Refresh (id=25aac0c90611848afbd05ea9e6124aa8): Total: 0.005 seconds - Initiated by StopAssetImportingV2(NoUpdateAssetOptions)
Asset Pipeline Refresh (id=1654c609d65d84de99fab07b55b716ab): Total: 0.004 seconds - Initiated by StopAssetImportingV2(NoUpdateAssetOptions)
Asset Pipeline Refresh (id=ac36bc924641c495897ff2c70a60cde6): Total: 0.004 seconds - Initiated by StopAssetImportingV2(NoUpdateAssetOptions)
Asset Pipeline Refresh (id=a8bfc2b42e1d8426d9d392024d441132): Total: 0.004 seconds - Initiated by StopAssetImportingV2(NoUpdateAssetOptions)
Asset Pipeline Refresh (id=01afe76ca9d1740d8b749e1a180e3c5e): Total: 0.005 seconds - Initiated by StopAssetImportingV2(NoUpdateAssetOptions)
Asset Pipeline Refresh (id=23b898378ab9449d9a49a11809b3af93): Total: 0.004 seconds - Initiated by StopAssetImportingV2(NoUpdateAssetOptions)
Asset Pipeline Refresh (id=78be5ddb846af46c9845b1599ea8e3ec): Total: 0.005 seconds - Initiated by StopAssetImportingV2(NoUpdateAssetOptions)
Asset Pipeline Refresh (id=6f71dd25a2f87485095f46f8e3860bfa): Total: 0.005 seconds - Initiated by StopAssetImportingV2(NoUpdateAssetOptions)
[PrefabFactory] All prefabs built.
UnityEngine.Debug:ExtractStackTraceNoAlloc (byte*,int,string)
UnityEngine.StackTraceUtility:ExtractStackTrace () (at /Users/bokken/build/output/unity/unity/Runtime/Export/Scripting/StackTrace.cs:23)
UnityEngine.DebugLogHandler:Internal_Log (UnityEngine.LogType,UnityEngine.LogOption,string,UnityEngine.Object)
UnityEngine.DebugLogHandler:LogFormat (UnityEngine.LogType,UnityEngine.Object,string,object[])
UnityEngine.Logger:Log (UnityEngine.LogType,object)
UnityEngine.Debug:Log (object)
Escape.EditorTools.PrefabFactory:BuildAll () (at Assets/_Game/Editor/PrefabFactory.cs:40)
Escape.EditorTools.BuildAll:Run () (at Assets/_Game/Editor/BuildAll.cs:34)
Escape.EditorTools.CiChecks:VerifyDeterministicGeneration () (at Assets/_Game/Editor/CiChecks.cs:38)

(Filename: Assets/_Game/Editor/PrefabFactory.cs Line: 40)

Unloading 0 Unused Serialized files (Serialized files now loaded: 0)
Unloading 280 unused Assets / (173.5 KB). Loaded Objects now: 7001.
Memory consumption went from 254.9 MB to 254.7 MB.
Total: 43.652125 ms (FindLiveObjects: 0.425833 ms CreateObjectMapping: 0.106458 ms MarkObjects: 41.880667 ms  DeleteObjects: 0.943541 ms)

Importing 'GUID: a54308e4fa1694af09b3c17c800d31e1 - Path: Assets/_Game/Scenes/Bootstrap.unity' with importer (DefaultImporter)
Imported 'GUID: a54308e4fa1694af09b3c17c800d31e1' -> (Import Result ID: 'f7e9925fcffe66626d4530c016a9a387') in 0.001 seconds [static dependencies only]. Details - ImportResultOutputID=684322a776807ccd2b8305cabbc135b3 DependenciesID=89aae0639e63bdb0b0c39508ec3d3f40 StaticDependenciesID=927e06aded6473a2bd310fce21b10454 
Asset Pipeline Refresh (id=c2b109689ce1a4cff8b3ac8b36a1fe7f): Total: 0.066 seconds - Initiated by StopAssetImportingV2(NoUpdateAssetOptions)
Unloading 24 Unused Serialized files (Serialized files now loaded: 0)
Unloading 147 unused Assets / (116.1 KB). Loaded Objects now: 7010.
Memory consumption went from 269.4 MB to 269.3 MB.
Total: 18.815416 ms (FindLiveObjects: 0.308708 ms CreateObjectMapping: 0.100834 ms MarkObjects: 18.132791 ms  DeleteObjects: 0.145292 ms)

Importing 'GUID: 117ceb11c7789451186f63d5ea943f4a - Path: Assets/_Game/Scenes/MainMenu.unity' with importer (DefaultImporter)
Imported 'GUID: 117ceb11c7789451186f63d5ea943f4a' -> (Import Result ID: 'd2dfc915b155121e5543944728d85f4a') in 0.001 seconds [static dependencies only]. Details - ImportResultOutputID=358693babff72ff01e54697a744901d2 DependenciesID=d0697a02909cfb241bbd83c27de8cc84 StaticDependenciesID=2212c9953aded63250ec4f001e770270 
Asset Pipeline Refresh (id=b0c3732e562f44180a84648eb80a6f9e): Total: 0.031 seconds - Initiated by StopAssetImportingV2(NoUpdateAssetOptions)
Unloading 22 Unused Serialized files (Serialized files now loaded: 0)
Unloading 147 unused Assets / (115.0 KB). Loaded Objects now: 7010.
Memory consumption went from 278.5 MB to 278.4 MB.
Total: 16.767750 ms (FindLiveObjects: 0.319792 ms CreateObjectMapping: 0.111750 ms MarkObjects: 16.042416 ms  DeleteObjects: 0.142042 ms)

Importing 'GUID: 254b3fd31bde14bb0bbd874fad554871 - Path: Assets/_Game/Scenes/Dock.unity' with importer (DefaultImporter)
Imported 'GUID: 254b3fd31bde14bb0bbd874fad554871' -> (Import Result ID: '5ea342f2ba90e4113166c70624ce4616') in 0.001 seconds [static dependencies only]. Details - ImportResultOutputID=1f3813a67013333479d2f591f5531a5c DependenciesID=1f96a69d294655c12e5513f2e80472b2 StaticDependenciesID=d626439d7484c02fcf6ea34b5421fe65 
Asset Pipeline Refresh (id=b6642a81b6ad3450085e8466b498b652): Total: 0.033 seconds - Initiated by StopAssetImportingV2(NoUpdateAssetOptions)
Unloading 22 Unused Serialized files (Serialized files now loaded: 0)
Unloading 263 unused Assets / (195.8 KB). Loaded Objects now: 7010.
Memory consumption went from 288.1 MB to 287.9 MB.
Total: 17.309083 ms (FindLiveObjects: 0.321875 ms CreateObjectMapping: 0.125417 ms MarkObjects: 16.468917 ms  DeleteObjects: 0.242333 ms)

Asset Pipeline Refresh (id=e56f19faa2c514aa18a3e9104a131894): Total: 0.013 seconds - Initiated by StopAssetImportingV2(NoUpdateAssetOptions)
Importing 'GUID: c68e3dbe385224f799c76854c4d23059 - Path: Assets/_Game/Scenes/ServiceEntrance.unity' with importer (DefaultImporter)
Imported 'GUID: c68e3dbe385224f799c76854c4d23059' -> (Import Result ID: '10aadbff8dd2b70bcec1bb8e02b04a5a') in 0.001 seconds [static dependencies only]. Details - ImportResultOutputID=b071f587af2276ae4db4551232b70947 DependenciesID=13186105b533b66105eaf4f7fd000d6d StaticDependenciesID=ae8877e929ccc67fbf17a117f6f64404 
Asset Pipeline Refresh (id=fa022aa5f3c2048ad8da994e6137d4e6): Total: 0.030 seconds - Initiated by StopAssetImportingV2(NoUpdateAssetOptions)
Unloading 22 Unused Serialized files (Serialized files now loaded: 0)
Unloading 340 unused Assets / (375.1 KB). Loaded Objects now: 7010.
Memory consumption went from 297.7 MB to 297.3 MB.
Total: 18.110959 ms (FindLiveObjects: 0.302416 ms CreateObjectMapping: 0.106792 ms MarkObjects: 17.225083 ms  DeleteObjects: 0.306792 ms)

Asset Pipeline Refresh (id=85fae49444b29470baa2e94d9b2fb5d8): Total: 0.016 seconds - Initiated by StopAssetImportingV2(NoUpdateAssetOptions)
Importing 'GUID: 5caa83427398c4876910e66b1542a444 - Path: Assets/_Game/Scenes/MansionOffice.unity' with importer (DefaultImporter)
Imported 'GUID: 5caa83427398c4876910e66b1542a444' -> (Import Result ID: '02d54bf1d5503021d8efd51879e2a1d1') in 0.001 seconds [static dependencies only]. Details - ImportResultOutputID=3cb3c4a97d50238ea1e64eb31d60bdb0 DependenciesID=e4844bf7084da233e9b92b36536d287f StaticDependenciesID=449d25fe6e1cca2f62126ca81be1bae6 
Asset Pipeline Refresh (id=64c37a88aea504559b9a5fd6ac6c730f): Total: 0.035 seconds - Initiated by StopAssetImportingV2(NoUpdateAssetOptions)
Unloading 22 Unused Serialized files (Serialized files now loaded: 0)
Unloading 302 unused Assets / (1.3 MB). Loaded Objects now: 7010.
Memory consumption went from 306.7 MB to 305.5 MB.
Total: 36.085000 ms (FindLiveObjects: 0.448042 ms CreateObjectMapping: 0.107292 ms MarkObjects: 34.656250 ms  DeleteObjects: 0.737875 ms)

Asset Pipeline Refresh (id=d628e4ebd098e453f8773f67a43e41de): Total: 0.020 seconds - Initiated by StopAssetImportingV2(NoUpdateAssetOptions)
Importing 'GUID: 619ddade2b2d144f585b38c556c25638 - Path: Assets/_Game/Scenes/SecurityWing.unity' with importer (DefaultImporter)
Imported 'GUID: 619ddade2b2d144f585b38c556c25638' -> (Import Result ID: '11899ea2e53d5144fd6047e3a43f86e2') in 0.005 seconds [static dependencies only]. Details - ImportResultOutputID=de4c33c397e07980dca326abad360fc6 DependenciesID=799a7f67ccf8cb2dcb329c490bca0a57 StaticDependenciesID=037b889809f7caaf7cb745c206df4682 
Asset Pipeline Refresh (id=30c3246e3ff6c4fbeac67749e0ef6e60): Total: 0.049 seconds - Initiated by StopAssetImportingV2(NoUpdateAssetOptions)
Unloading 22 Unused Serialized files (Serialized files now loaded: 0)
Unloading 325 unused Assets / (228.0 KB). Loaded Objects now: 7010.
Memory consumption went from 315.9 MB to 315.7 MB.
Total: 29.736416 ms (FindLiveObjects: 0.690458 ms CreateObjectMapping: 0.687625 ms MarkObjects: 27.161500 ms  DeleteObjects: 1.063459 ms)

Asset Pipeline Refresh (id=e1ee2b2c32683437dadd6f60add3e1e0): Total: 0.027 seconds - Initiated by StopAssetImportingV2(NoUpdateAssetOptions)
Importing 'GUID: f6a7a9fbf10a2418db162a29b710c06f - Path: Assets/_Game/Scenes/BunkerServerRoom.unity' with importer (DefaultImporter)
Imported 'GUID: f6a7a9fbf10a2418db162a29b710c06f' -> (Import Result ID: 'd9a1eec9eac17e2a1aea9ad982646abc') in 0.001 seconds [static dependencies only]. Details - ImportResultOutputID=6da6595523b5a4e2937b571bf44215e3 DependenciesID=b59757a2041dcc406b34f847011a4049 StaticDependenciesID=293aae4537d604e0e6f03ba5a2246e11 
Asset Pipeline Refresh (id=371ed60d3924a49958b4dab3ac66b7d1): Total: 0.041 seconds - Initiated by StopAssetImportingV2(NoUpdateAssetOptions)
Unloading 22 Unused Serialized files (Serialized files now loaded: 0)
Unloading 282 unused Assets / (341.2 KB). Loaded Objects now: 7010.
Memory consumption went from 325.2 MB to 324.9 MB.
Total: 19.115792 ms (FindLiveObjects: 0.326000 ms CreateObjectMapping: 0.107792 ms MarkObjects: 18.265500 ms  DeleteObjects: 0.265584 ms)

Asset Pipeline Refresh (id=6109a1fedf00f46fe8f81c14e02a8c51): Total: 0.019 seconds - Initiated by StopAssetImportingV2(NoUpdateAssetOptions)
Importing 'GUID: d3817ca79cd334de0b49d1d88303cdaf - Path: Assets/_Game/Scenes/BroadcastTower.unity' with importer (DefaultImporter)
Imported 'GUID: d3817ca79cd334de0b49d1d88303cdaf' -> (Import Result ID: '9426f0698f542cf4d60b37c038f06999') in 0.001 seconds [static dependencies only]. Details - ImportResultOutputID=c724f60437e4d3d6c21cfd1265cdcfca DependenciesID=618aa6e38c75c1f83eee46f84347d501 StaticDependenciesID=4fdb66600dfb8ee3fe7c1f63775d2998 
Asset Pipeline Refresh (id=68e9058511aeb47938db3d1a51bf141c): Total: 0.034 seconds - Initiated by StopAssetImportingV2(NoUpdateAssetOptions)
[SceneYamlNormalizer] Normalized Bootstrap.unity (8 objects)
UnityEngine.Debug:ExtractStackTraceNoAlloc (byte*,int,string)
UnityEngine.StackTraceUtility:ExtractStackTrace () (at /Users/bokken/build/output/unity/unity/Runtime/Export/Scripting/StackTrace.cs:23)
UnityEngine.DebugLogHandler:Internal_Log (UnityEngine.LogType,UnityEngine.LogOption,string,UnityEngine.Object)
UnityEngine.DebugLogHandler:LogFormat (UnityEngine.LogType,UnityEngine.Object,string,object[])
UnityEngine.Logger:Log (UnityEngine.LogType,object)
UnityEngine.Debug:Log (object)
Escape.EditorTools.SceneYamlNormalizer:NormalizeFile (string) (at Assets/_Game/Editor/SceneYamlNormalizer.cs:159)
Escape.EditorTools.SceneYamlNormalizer:NormalizeDirectory (string,string) (at Assets/_Game/Editor/SceneYamlNormalizer.cs:54)
Escape.EditorTools.SceneFactory:BuildAll () (at Assets/_Game/Editor/SceneFactory.cs:86)
Escape.EditorTools.BuildAll:Run () (at Assets/_Game/Editor/BuildAll.cs:35)
Escape.EditorTools.CiChecks:VerifyDeterministicGeneration () (at Assets/_Game/Editor/CiChecks.cs:38)

(Filename: Assets/_Game/Editor/SceneYamlNormalizer.cs Line: 159)

[SceneYamlNormalizer] Normalized BroadcastTower.unity (281 objects)
UnityEngine.Debug:ExtractStackTraceNoAlloc (byte*,int,string)
UnityEngine.StackTraceUtility:ExtractStackTrace () (at /Users/bokken/build/output/unity/unity/Runtime/Export/Scripting/StackTrace.cs:23)
UnityEngine.DebugLogHandler:Internal_Log (UnityEngine.LogType,UnityEngine.LogOption,string,UnityEngine.Object)
UnityEngine.DebugLogHandler:LogFormat (UnityEngine.LogType,UnityEngine.Object,string,object[])
UnityEngine.Logger:Log (UnityEngine.LogType,object)
UnityEngine.Debug:Log (object)
Escape.EditorTools.SceneYamlNormalizer:NormalizeFile (string) (at Assets/_Game/Editor/SceneYamlNormalizer.cs:159)
Escape.EditorTools.SceneYamlNormalizer:NormalizeDirectory (string,string) (at Assets/_Game/Editor/SceneYamlNormalizer.cs:54)
Escape.EditorTools.SceneFactory:BuildAll () (at Assets/_Game/Editor/SceneFactory.cs:86)
Escape.EditorTools.BuildAll:Run () (at Assets/_Game/Editor/BuildAll.cs:35)
Escape.EditorTools.CiChecks:VerifyDeterministicGeneration () (at Assets/_Game/Editor/CiChecks.cs:38)

(Filename: Assets/_Game/Editor/SceneYamlNormalizer.cs Line: 159)

[SceneYamlNormalizer] Normalized BunkerServerRoom.unity (272 objects)
UnityEngine.Debug:ExtractStackTraceNoAlloc (byte*,int,string)
UnityEngine.StackTraceUtility:ExtractStackTrace () (at /Users/bokken/build/output/unity/unity/Runtime/Export/Scripting/StackTrace.cs:23)
UnityEngine.DebugLogHandler:Internal_Log (UnityEngine.LogType,UnityEngine.LogOption,string,UnityEngine.Object)
UnityEngine.DebugLogHandler:LogFormat (UnityEngine.LogType,UnityEngine.Object,string,object[])
UnityEngine.Logger:Log (UnityEngine.LogType,object)
UnityEngine.Debug:Log (object)
Escape.EditorTools.SceneYamlNormalizer:NormalizeFile (string) (at Assets/_Game/Editor/SceneYamlNormalizer.cs:159)
Escape.EditorTools.SceneYamlNormalizer:NormalizeDirectory (string,string) (at Assets/_Game/Editor/SceneYamlNormalizer.cs:54)
Escape.EditorTools.SceneFactory:BuildAll () (at Assets/_Game/Editor/SceneFactory.cs:86)
Escape.EditorTools.BuildAll:Run () (at Assets/_Game/Editor/BuildAll.cs:35)
Escape.EditorTools.CiChecks:VerifyDeterministicGeneration () (at Assets/_Game/Editor/CiChecks.cs:38)

(Filename: Assets/_Game/Editor/SceneYamlNormalizer.cs Line: 159)

[SceneYamlNormalizer] Normalized Dock.unity (247 objects)
UnityEngine.Debug:ExtractStackTraceNoAlloc (byte*,int,string)
UnityEngine.StackTraceUtility:ExtractStackTrace () (at /Users/bokken/build/output/unity/unity/Runtime/Export/Scripting/StackTrace.cs:23)
UnityEngine.DebugLogHandler:Internal_Log (UnityEngine.LogType,UnityEngine.LogOption,string,UnityEngine.Object)
UnityEngine.DebugLogHandler:LogFormat (UnityEngine.LogType,UnityEngine.Object,string,object[])
UnityEngine.Logger:Log (UnityEngine.LogType,object)
UnityEngine.Debug:Log (object)
Escape.EditorTools.SceneYamlNormalizer:NormalizeFile (string) (at Assets/_Game/Editor/SceneYamlNormalizer.cs:159)
Escape.EditorTools.SceneYamlNormalizer:NormalizeDirectory (string,string) (at Assets/_Game/Editor/SceneYamlNormalizer.cs:54)
Escape.EditorTools.SceneFactory:BuildAll () (at Assets/_Game/Editor/SceneFactory.cs:86)
Escape.EditorTools.BuildAll:Run () (at Assets/_Game/Editor/BuildAll.cs:35)
Escape.EditorTools.CiChecks:VerifyDeterministicGeneration () (at Assets/_Game/Editor/CiChecks.cs:38)

(Filename: Assets/_Game/Editor/SceneYamlNormalizer.cs Line: 159)

[SceneYamlNormalizer] Normalized MainMenu.unity (15 objects)
UnityEngine.Debug:ExtractStackTraceNoAlloc (byte*,int,string)
UnityEngine.StackTraceUtility:ExtractStackTrace () (at /Users/bokken/build/output/unity/unity/Runtime/Export/Scripting/StackTrace.cs:23)
UnityEngine.DebugLogHandler:Internal_Log (UnityEngine.LogType,UnityEngine.LogOption,string,UnityEngine.Object)
UnityEngine.DebugLogHandler:LogFormat (UnityEngine.LogType,UnityEngine.Object,string,object[])
UnityEngine.Logger:Log (UnityEngine.LogType,object)
UnityEngine.Debug:Log (object)
Escape.EditorTools.SceneYamlNormalizer:NormalizeFile (string) (at Assets/_Game/Editor/SceneYamlNormalizer.cs:159)
Escape.EditorTools.SceneYamlNormalizer:NormalizeDirectory (string,string) (at Assets/_Game/Editor/SceneYamlNormalizer.cs:54)
Escape.EditorTools.SceneFactory:BuildAll () (at Assets/_Game/Editor/SceneFactory.cs:86)
Escape.EditorTools.BuildAll:Run () (at Assets/_Game/Editor/BuildAll.cs:35)
Escape.EditorTools.CiChecks:VerifyDeterministicGeneration () (at Assets/_Game/Editor/CiChecks.cs:38)

(Filename: Assets/_Game/Editor/SceneYamlNormalizer.cs Line: 159)

[SceneYamlNormalizer] Normalized MansionOffice.unity (304 objects)
UnityEngine.Debug:ExtractStackTraceNoAlloc (byte*,int,string)
UnityEngine.StackTraceUtility:ExtractStackTrace () (at /Users/bokken/build/output/unity/unity/Runtime/Export/Scripting/StackTrace.cs:23)
UnityEngine.DebugLogHandler:Internal_Log (UnityEngine.LogType,UnityEngine.LogOption,string,UnityEngine.Object)
UnityEngine.DebugLogHandler:LogFormat (UnityEngine.LogType,UnityEngine.Object,string,object[])
UnityEngine.Logger:Log (UnityEngine.LogType,object)
UnityEngine.Debug:Log (object)
Escape.EditorTools.SceneYamlNormalizer:NormalizeFile (string) (at Assets/_Game/Editor/SceneYamlNormalizer.cs:159)
Escape.EditorTools.SceneYamlNormalizer:NormalizeDirectory (string,string) (at Assets/_Game/Editor/SceneYamlNormalizer.cs:54)
Escape.EditorTools.SceneFactory:BuildAll () (at Assets/_Game/Editor/SceneFactory.cs:86)
Escape.EditorTools.BuildAll:Run () (at Assets/_Game/Editor/BuildAll.cs:35)
Escape.EditorTools.CiChecks:VerifyDeterministicGeneration () (at Assets/_Game/Editor/CiChecks.cs:38)

(Filename: Assets/_Game/Editor/SceneYamlNormalizer.cs Line: 159)

[SceneYamlNormalizer] Normalized SecurityWing.unity (360 objects)
UnityEngine.Debug:ExtractStackTraceNoAlloc (byte*,int,string)
UnityEngine.StackTraceUtility:ExtractStackTrace () (at /Users/bokken/build/output/unity/unity/Runtime/Export/Scripting/StackTrace.cs:23)
UnityEngine.DebugLogHandler:Internal_Log (UnityEngine.LogType,UnityEngine.LogOption,string,UnityEngine.Object)
UnityEngine.DebugLogHandler:LogFormat (UnityEngine.LogType,UnityEngine.Object,string,object[])
UnityEngine.Logger:Log (UnityEngine.LogType,object)
UnityEngine.Debug:Log (object)
Escape.EditorTools.SceneYamlNormalizer:NormalizeFile (string) (at Assets/_Game/Editor/SceneYamlNormalizer.cs:159)
Escape.EditorTools.SceneYamlNormalizer:NormalizeDirectory (string,string) (at Assets/_Game/Editor/SceneYamlNormalizer.cs:54)
Escape.EditorTools.SceneFactory:BuildAll () (at Assets/_Game/Editor/SceneFactory.cs:86)
Escape.EditorTools.BuildAll:Run () (at Assets/_Game/Editor/BuildAll.cs:35)
Escape.EditorTools.CiChecks:VerifyDeterministicGeneration () (at Assets/_Game/Editor/CiChecks.cs:38)

(Filename: Assets/_Game/Editor/SceneYamlNormalizer.cs Line: 159)

[SceneYamlNormalizer] Normalized ServiceEntrance.unity (319 objects)
UnityEngine.Debug:ExtractStackTraceNoAlloc (byte*,int,string)
UnityEngine.StackTraceUtility:ExtractStackTrace () (at /Users/bokken/build/output/unity/unity/Runtime/Export/Scripting/StackTrace.cs:23)
UnityEngine.DebugLogHandler:Internal_Log (UnityEngine.LogType,UnityEngine.LogOption,string,UnityEngine.Object)
UnityEngine.DebugLogHandler:LogFormat (UnityEngine.LogType,UnityEngine.Object,string,object[])
UnityEngine.Logger:Log (UnityEngine.LogType,object)
UnityEngine.Debug:Log (object)
Escape.EditorTools.SceneYamlNormalizer:NormalizeFile (string) (at Assets/_Game/Editor/SceneYamlNormalizer.cs:159)
Escape.EditorTools.SceneYamlNormalizer:NormalizeDirectory (string,string) (at Assets/_Game/Editor/SceneYamlNormalizer.cs:54)
Escape.EditorTools.SceneFactory:BuildAll () (at Assets/_Game/Editor/SceneFactory.cs:86)
Escape.EditorTools.BuildAll:Run () (at Assets/_Game/Editor/BuildAll.cs:35)
Escape.EditorTools.CiChecks:VerifyDeterministicGeneration () (at Assets/_Game/Editor/CiChecks.cs:38)

(Filename: Assets/_Game/Editor/SceneYamlNormalizer.cs Line: 159)

[SceneFactory] Scenes built.
UnityEngine.Debug:ExtractStackTraceNoAlloc (byte*,int,string)
UnityEngine.StackTraceUtility:ExtractStackTrace () (at /Users/bokken/build/output/unity/unity/Runtime/Export/Scripting/StackTrace.cs:23)
UnityEngine.DebugLogHandler:Internal_Log (UnityEngine.LogType,UnityEngine.LogOption,string,UnityEngine.Object)
UnityEngine.DebugLogHandler:LogFormat (UnityEngine.LogType,UnityEngine.Object,string,object[])
UnityEngine.Logger:Log (UnityEngine.LogType,object)
UnityEngine.Debug:Log (object)
Escape.EditorTools.SceneFactory:BuildAll () (at Assets/_Game/Editor/SceneFactory.cs:87)
Escape.EditorTools.BuildAll:Run () (at Assets/_Game/Editor/BuildAll.cs:35)
Escape.EditorTools.CiChecks:VerifyDeterministicGeneration () (at Assets/_Game/Editor/CiChecks.cs:38)

(Filename: Assets/_Game/Editor/SceneFactory.cs Line: 87)

Importing 'GUID: 1af0bb51547d44d03b169e2d691217b6 - Path: Assets/_Game/Resources/Definitions/WorldManifest.asset' with importer (NativeFormatImporter)
Imported 'GUID: 1af0bb51547d44d03b169e2d691217b6' -> (Import Result ID: '5690e0d776d78ba9e224da7810175879') in 0.002 seconds [static dependencies only]. Details - ImportResultOutputID=56aa01e87d457d02109f4037e0e05ca5 DependenciesID=b179959fe5aa793c581b9b4ebd4a4787 StaticDependenciesID=33833934e79995810048d601a9107b5d 
Asset Pipeline Refresh (id=8e4ffe125045b450e8329103f546acbe): Total: 0.028 seconds - Initiated by StopAssetImportingV2(NoUpdateAssetOptions)
[WorldManifestBuilder] 33 ids (2 doors, 6 cameras, 9 lures, 16 terminal commands).
UnityEngine.Debug:ExtractStackTraceNoAlloc (byte*,int,string)
UnityEngine.StackTraceUtility:ExtractStackTrace () (at /Users/bokken/build/output/unity/unity/Runtime/Export/Scripting/StackTrace.cs:23)
UnityEngine.DebugLogHandler:Internal_Log (UnityEngine.LogType,UnityEngine.LogOption,string,UnityEngine.Object)
UnityEngine.DebugLogHandler:LogFormat (UnityEngine.LogType,UnityEngine.Object,string,object[])
UnityEngine.Logger:Log (UnityEngine.LogType,object)
UnityEngine.Debug:Log (object)
Escape.EditorTools.WorldManifestBuilder:Build () (at Assets/_Game/Editor/WorldManifestBuilder.cs:50)
Escape.EditorTools.BuildAll:Run () (at Assets/_Game/Editor/BuildAll.cs:36)
Escape.EditorTools.CiChecks:VerifyDeterministicGeneration () (at Assets/_Game/Editor/CiChecks.cs:38)

(Filename: Assets/_Game/Editor/WorldManifestBuilder.cs Line: 50)

Importing 'GUID: 60dadeb235d184796aed51252dcec4f6 - Path: Assets/_Game/Art/Materials/MAT_Wood_Planks.mat' with importer (NativeFormatImporter)
Imported 'GUID: 60dadeb235d184796aed51252dcec4f6' -> (Import Result ID: 'cab151ddd6c401856b91bd1bf3a64808') in 0.001 seconds [static dependencies only]. Details - ImportResultOutputID=106eea8ba02f02e1d9a05a24b7ca7402 DependenciesID=3677565c822c700e6a886fcba2295a21 StaticDependenciesID=0c1de1dbd5658a37072a1f1a728bfbbc 
Importing 'GUID: d1c9b237c41424317bbd0dbc690ed26c - Path: Assets/_Game/Art/Materials/MAT_Rust.mat' with importer (NativeFormatImporter)
Imported 'GUID: d1c9b237c41424317bbd0dbc690ed26c' -> (Import Result ID: 'd0d2b30bdb4f709699de888825afe3b0') in 0.001 seconds [static dependencies only]. Details - ImportResultOutputID=8630ae8e9e7b02f74ced4ca1e9892b4c DependenciesID=74e5c378bd10c59120d02e1e664c66a7 StaticDependenciesID=f033f1006af6ffdb28268fbe7e7853a1 
Importing 'GUID: b326e9f35960f4918a290b7ecae65d13 - Path: Assets/_Game/Art/Materials/MAT_Fence.mat' with importer (NativeFormatImporter)
Imported 'GUID: b326e9f35960f4918a290b7ecae65d13' -> (Import Result ID: '9ae6d167522e3c73ad50b4e543161f46') in 0.001 seconds [static dependencies only]. Details - ImportResultOutputID=956fb78b8b337537d96217eff908a9cc DependenciesID=95716c2edb099b6538e539f75830aaf8 StaticDependenciesID=5845c21af74d503ba2f3e4551eee19ed 
Importing 'GUID: 040f67dd93d6d40ad874c26b27b1e910 - Path: Assets/_Game/Art/Materials/MAT_Metal_Pipe.mat' with importer (NativeFormatImporter)
Imported 'GUID: 040f67dd93d6d40ad874c26b27b1e910' -> (Import Result ID: '0c40739e5941c23655c41eefc2877064') in 0.000 seconds [static dependencies only]. Details - ImportResultOutputID=d17c134f18cfcf174db19f199cb31c1c DependenciesID=c0eec0b124ba9143e37c93cb1a318dcb StaticDependenciesID=6d60e80ab11c8b590b64dc228dfbd7c9 
Importing 'GUID: e4e58a70eb624466189830381b7abd90 - Path: Assets/_Game/Art/Materials/MAT_Wood.mat' with importer (NativeFormatImporter)
Imported 'GUID: e4e58a70eb624466189830381b7abd90' -> (Import Result ID: '2e34e7eef1a1c23da784ec3a06a6c515') in 0.001 seconds [static dependencies only]. Details - ImportResultOutputID=3db2538c5f71caac675f25e8dca412bb DependenciesID=dce73fafc411f77f81919ac310f3a888 StaticDependenciesID=4e46cc9cd40cdf7cbb98fe6184b019d8 
Importing 'GUID: b54b8d7153289466aa3dcdd3ec8b6cfb - Path: Assets/_Game/Art/Materials/MAT_Locker.mat' with importer (NativeFormatImporter)
Imported 'GUID: b54b8d7153289466aa3dcdd3ec8b6cfb' -> (Import Result ID: '62a3369f2e8576f7979a7f7fb10ebf85') in 0.001 seconds [static dependencies only]. Details - ImportResultOutputID=7e61bb489808a652a328ca625cc591e1 DependenciesID=92398dfc1e8ba93b22fcb94acf80e577 StaticDependenciesID=bc831641c6618939f7c2c69fdf372534 
Importing 'GUID: 779fe50f4acf74e6cb88ec672a688e19 - Path: Assets/_Game/Art/Materials/MAT_DeskTop.mat' with importer (NativeFormatImporter)
Imported 'GUID: 779fe50f4acf74e6cb88ec672a688e19' -> (Import Result ID: 'cfa060e08433d92e2c4c799e0b2ea557') in 0.000 seconds [static dependencies only]. Details - ImportResultOutputID=57737abc33483fe362795c763be1ee2d DependenciesID=cbeba06d88eb642f39646c1fa1dd9268 StaticDependenciesID=2edf6adb1d8268900ab2e82852dd1de2 
Importing 'GUID: 5812d8b21836e43ceaa3b794536d8e58 - Path: Assets/_Game/Art/Materials/MAT_Concrete.mat' with importer (NativeFormatImporter)
Imported 'GUID: 5812d8b21836e43ceaa3b794536d8e58' -> (Import Result ID: '2c1757c60bb145c36a155b610869bf61') in 0.001 seconds [static dependencies only]. Details - ImportResultOutputID=3b820bd416fb71859dda877be56e3452 DependenciesID=94b33ff365688856a41119b754841cca StaticDependenciesID=d8b26c5f43d27e1c1f9724bfdb8ed084 
Importing 'GUID: b80f76996ce1b4fe0940cc6f8114b2b3 - Path: Assets/_Game/Art/Materials/MAT_Metal_Dark.mat' with importer (NativeFormatImporter)
Imported 'GUID: b80f76996ce1b4fe0940cc6f8114b2b3' -> (Import Result ID: 'f64346f133f886e6cfb893730daaf025') in 0.000 seconds [static dependencies only]. Details - ImportResultOutputID=47ed71f22848bf2c56528eb07b27823b DependenciesID=1ae6a5dce9c1899fe43d2e77f73b45a7 StaticDependenciesID=fd4d1b69b327bc854e836b2355a6c20b 
Importing 'GUID: 6a5647bf2b51040ccb02399a783f697d - Path: Assets/_Game/Art/Materials/MAT_Crate.mat' with importer (NativeFormatImporter)
Imported 'GUID: 6a5647bf2b51040ccb02399a783f697d' -> (Import Result ID: '2c024051ef9845b502dccde8c72e37c4') in 0.000 seconds [static dependencies only]. Details - ImportResultOutputID=7ec050da2e634cbf76944436134b65c6 DependenciesID=1a5d5ff66f1324fedd5b42ecf8ea0e23 StaticDependenciesID=ab0e1e160ea53a00b6917fa6db104df3 
Importing 'GUID: 5b260d69381a64e408aa7827fed96730 - Path: Assets/_Game/Art/Materials/MAT_Paving.mat' with importer (NativeFormatImporter)
Imported 'GUID: 5b260d69381a64e408aa7827fed96730' -> (Import Result ID: 'b7868cffd7304ab4af9745cbd19dded9') in 0.000 seconds [static dependencies only]. Details - ImportResultOutputID=5b9029e70eba666161cc356c1b3dc2b9 DependenciesID=5e14be42e0dcf73f99f4eca9d5f95b0e StaticDependenciesID=3c7c5a0508b48286caf895579fe2c6cb 
Importing 'GUID: 8bb466e4f1d3d4f1a9d2f060cc6797b9 - Path: Assets/_Game/Art/Materials/MAT_Carpet_Rug.mat' with importer (NativeFormatImporter)
Imported 'GUID: 8bb466e4f1d3d4f1a9d2f060cc6797b9' -> (Import Result ID: '0f258dd6ecd176671f3729d063a990b1') in 0.000 seconds [static dependencies only]. Details - ImportResultOutputID=fd7d0541c237448d6506bfdaace42bea DependenciesID=7924a9b10789c7ab52c869079548341c StaticDependenciesID=012e2a85a06d2777376e1f0d459e5f1c 
Importing 'GUID: 5c593f1fb418849a7b9f66632327d7dd - Path: Assets/_Game/Art/Materials/MAT_Concrete_Dark.mat' with importer (NativeFormatImporter)
Imported 'GUID: 5c593f1fb418849a7b9f66632327d7dd' -> (Import Result ID: '80a61eb8983aa1c81260b9ffc4ce9da6') in 0.000 seconds [static dependencies only]. Details - ImportResultOutputID=455d09343151e012796606b09b41a422 DependenciesID=b302ede0219b611b58ad6d68c8168d8a StaticDependenciesID=d48ced60f65884b6ef0dd647ad28e827 
Importing 'GUID: fd41285f05b7549fd953ba793d496d44 - Path: Assets/_Game/Art/Materials/MAT_Metal_Grate.mat' with importer (NativeFormatImporter)
Imported 'GUID: fd41285f05b7549fd953ba793d496d44' -> (Import Result ID: '5147c7092807381f58072d3b715ebed7') in 0.000 seconds [static dependencies only]. Details - ImportResultOutputID=ece6f0490170d5b990af0cda02ef7fc2 DependenciesID=99ed192337e63d2808d780c693aa3327 StaticDependenciesID=e0feacfec7f681661c951939737af636 
Importing 'GUID: 4e4462488667a4e68859e886660b575a - Path: Assets/_Game/Art/Materials/MAT_Carpet.mat' with importer (NativeFormatImporter)
Imported 'GUID: 4e4462488667a4e68859e886660b575a' -> (Import Result ID: '608be15488f49fecd61cac594d2a4361') in 0.000 seconds [static dependencies only]. Details - ImportResultOutputID=135b618ab5c174ecf2d42bd858652748 DependenciesID=ad6a8e3a8e32e3d55aeabd8c4691461c StaticDependenciesID=e88d19e2439d2ddb151eaf162bd44034 
Asset Pipeline Refresh (id=0916990c27ad34713b6d209884b811a6): Total: 0.028 seconds - Initiated by StopAssetImportingV2(NoUpdateAssetOptions)
[MaterialLibrary] PBR textures applied.
UnityEngine.Debug:ExtractStackTraceNoAlloc (byte*,int,string)
UnityEngine.StackTraceUtility:ExtractStackTrace () (at /Users/bokken/build/output/unity/unity/Runtime/Export/Scripting/StackTrace.cs:23)
UnityEngine.DebugLogHandler:Internal_Log (UnityEngine.LogType,UnityEngine.LogOption,string,UnityEngine.Object)
UnityEngine.DebugLogHandler:LogFormat (UnityEngine.LogType,UnityEngine.Object,string,object[])
UnityEngine.Logger:Log (UnityEngine.LogType,object)
UnityEngine.Debug:Log (object)
Escape.EditorTools.MaterialLibrary:ApplyAll () (at Assets/_Game/Editor/MaterialLibrary.cs:42)
Escape.EditorTools.BuildAll:Run () (at Assets/_Game/Editor/BuildAll.cs:37)
Escape.EditorTools.CiChecks:VerifyDeterministicGeneration () (at Assets/_Game/Editor/CiChecks.cs:38)

(Filename: Assets/_Game/Editor/MaterialLibrary.cs Line: 42)

Importing 'GUID: 10fc4df2da32a41aaa32d77bc913491c - Path: Assets/Settings/SampleSceneProfile.asset' with importer (NativeFormatImporter)
Imported 'GUID: 10fc4df2da32a41aaa32d77bc913491c' -> (Import Result ID: 'a2a85b6c98b57f6233db9b68dc948fb3') in 0.001 seconds [static dependencies only]. Details - ImportResultOutputID=babd9079f4b8a847527f29c21aa16da7 DependenciesID=371dc0294e7b319e65da16b694a32ac7 StaticDependenciesID=0eb1e20198f558eae5699ca5318f96ef 
Importing 'GUID: ab09877e2e707104187f6f83e2f62510 - Path: Assets/Settings/DefaultVolumeProfile.asset' with importer (NativeFormatImporter)
Imported 'GUID: ab09877e2e707104187f6f83e2f62510' -> (Import Result ID: '5051db06a5bfbc34e81f8df05331d4e4') in 0.001 seconds [static dependencies only]. Details - ImportResultOutputID=95ddd45e397c958331e78c27f61bae0a DependenciesID=6c7065108b67ebb235aa265777d4c289 StaticDependenciesID=50718ec01bf9d660c0ea781b1005216d 
Asset Pipeline Refresh (id=3915c2f615fee44d59bb7875f64af192): Total: 0.013 seconds - Initiated by StopAssetImportingV2(NoUpdateAssetOptions)
Importing 'GUID: 10fc4df2da32a41aaa32d77bc913491c - Path: Assets/Settings/SampleSceneProfile.asset' with importer (NativeFormatImporter)
Imported 'GUID: 10fc4df2da32a41aaa32d77bc913491c' -> (Import Result ID: 'a2a85b6c98b57f6233db9b68dc948fb3') in 0.001 seconds [static dependencies only]. Details - ImportResultOutputID=babd9079f4b8a847527f29c21aa16da7 DependenciesID=371dc0294e7b319e65da16b694a32ac7 StaticDependenciesID=0eb1e20198f558eae5699ca5318f96ef 
Asset Pipeline Refresh (id=5918bbe16d4b04315ba4907b17d292b9): Total: 0.011 seconds - Initiated by StopAssetImportingV2(NoUpdateAssetOptions)
[VolumeProfileBuilder] Volume profile authored.
UnityEngine.Debug:ExtractStackTraceNoAlloc (byte*,int,string)
UnityEngine.StackTraceUtility:ExtractStackTrace () (at /Users/bokken/build/output/unity/unity/Runtime/Export/Scripting/StackTrace.cs:23)
UnityEngine.DebugLogHandler:Internal_Log (UnityEngine.LogType,UnityEngine.LogOption,string,UnityEngine.Object)
UnityEngine.DebugLogHandler:LogFormat (UnityEngine.LogType,UnityEngine.Object,string,object[])
UnityEngine.Logger:Log (UnityEngine.LogType,object)
UnityEngine.Debug:Log (object)
Escape.EditorTools.VolumeProfileBuilder:Author () (at Assets/_Game/Editor/VolumeProfileBuilder.cs:103)
Escape.EditorTools.BuildAll:Run () (at Assets/_Game/Editor/BuildAll.cs:38)
Escape.EditorTools.CiChecks:VerifyDeterministicGeneration () (at Assets/_Game/Editor/CiChecks.cs:38)

(Filename: Assets/_Game/Editor/VolumeProfileBuilder.cs Line: 103)

[BuildAll] Done. Open Bootstrap and press Play.
UnityEngine.Debug:ExtractStackTraceNoAlloc (byte*,int,string)
UnityEngine.StackTraceUtility:ExtractStackTrace () (at /Users/bokken/build/output/unity/unity/Runtime/Export/Scripting/StackTrace.cs:23)
UnityEngine.DebugLogHandler:Internal_Log (UnityEngine.LogType,UnityEngine.LogOption,string,UnityEngine.Object)
UnityEngine.DebugLogHandler:LogFormat (UnityEngine.LogType,UnityEngine.Object,string,object[])
UnityEngine.Logger:Log (UnityEngine.LogType,object)
UnityEngine.Debug:Log (object)
Escape.EditorTools.BuildAll:Run () (at Assets/_Game/Editor/BuildAll.cs:39)
Escape.EditorTools.CiChecks:VerifyDeterministicGeneration () (at Assets/_Game/Editor/CiChecks.cs:38)

(Filename: Assets/_Game/Editor/BuildAll.cs Line: 39)

[ProjectSetup] Layers ensured.
UnityEngine.Debug:ExtractStackTraceNoAlloc (byte*,int,string)
UnityEngine.StackTraceUtility:ExtractStackTrace () (at /Users/bokken/build/output/unity/unity/Runtime/Export/Scripting/StackTrace.cs:23)
UnityEngine.DebugLogHandler:Internal_Log (UnityEngine.LogType,UnityEngine.LogOption,string,UnityEngine.Object)
UnityEngine.DebugLogHandler:LogFormat (UnityEngine.LogType,UnityEngine.Object,string,object[])
UnityEngine.Logger:Log (UnityEngine.LogType,object)
UnityEngine.Debug:Log (object)
Escape.EditorTools.ProjectSetup:EnsureLayers () (at Assets/_Game/Editor/ProjectSetup.cs:48)
Escape.EditorTools.BuildAll:Run () (at Assets/_Game/Editor/BuildAll.cs:31)
Escape.EditorTools.CiChecks:VerifyDeterministicGeneration () (at Assets/_Game/Editor/CiChecks.cs:40)

(Filename: Assets/_Game/Editor/ProjectSetup.cs Line: 48)

Importing 'GUID: 30b10669d1d1d4840aeed568c38da77d - Path: Assets/_Game/Resources/Definitions/Evidence/EVD_broadcast_script_001.asset' with importer (NativeFormatImporter)
Imported 'GUID: 30b10669d1d1d4840aeed568c38da77d' -> (Import Result ID: '4ca72f91979998d81f2ad15f0340efb5') in 0.001 seconds [static dependencies only]. Details - ImportResultOutputID=19049b44bb99ee0ea8bda65040871b6d DependenciesID=3c4e4baddef903d867fdaacdb83f8d9a StaticDependenciesID=125a4f75830d6b2855143b22ff607227 
Importing 'GUID: d0e496c3404a14e81bbf5c5dc21fd3f8 - Path: Assets/_Game/Resources/Definitions/Evidence/EVD_broadcast_key_001.asset' with importer (NativeFormatImporter)
Imported 'GUID: d0e496c3404a14e81bbf5c5dc21fd3f8' -> (Import Result ID: '9f0370942fe7d0fa8f523a2beb71336c') in 0.000 seconds [static dependencies only]. Details - ImportResultOutputID=09606f46bfaf207ae79fe9eb020cf17c DependenciesID=a58bf8207c24eb63e9e668ef85b27749 StaticDependenciesID=3ef469d5d64ad2398b555c7c3e990c94 
Importing 'GUID: 01537de7764354553a5217d0b491ac42 - Path: Assets/_Game/Resources/Definitions/Objectives/OBJ_reach_compound.asset' with importer (NativeFormatImporter)
Imported 'GUID: 01537de7764354553a5217d0b491ac42' -> (Import Result ID: 'bfb01dedadc25cdb5f61f15d37a8c4bc') in 0.000 seconds [static dependencies only]. Details - ImportResultOutputID=c3a9546a0e2d5631671682a1308bfebb DependenciesID=af64c7a68a0c5647df7adae934949ca7 StaticDependenciesID=9c8707e80d6bd43d3e23bfd807e10472 
Importing 'GUID: 119f3d5a0fd2d4fa0b0e6e8b8a16851a - Path: Assets/_Game/Resources/Definitions/Documents/DOC_doc_security_memo.asset' with importer (NativeFormatImporter)
Imported 'GUID: 119f3d5a0fd2d4fa0b0e6e8b8a16851a' -> (Import Result ID: 'd0d6e6900eebc4c4dee135077a71f0f5') in 0.000 seconds [static dependencies only]. Details - ImportResultOutputID=fdb55c6a4790c9e8dbc65867f21f9a05 DependenciesID=d2545033909ff18132ba65519b2f5d2b StaticDependenciesID=b4fd6268438af242a4a604bcc4f31c31 
Importing 'GUID: 31da7e1e5fe79474b9220c6bab78b3fe - Path: Assets/_Game/Resources/Definitions/Documents/DOC_doc_ledger.asset' with importer (NativeFormatImporter)
Imported 'GUID: 31da7e1e5fe79474b9220c6bab78b3fe' -> (Import Result ID: 'cf84cb1bc1807c93c3c6ad2d3786b4a5') in 0.000 seconds [static dependencies only]. Details - ImportResultOutputID=d30b4e697ba4a13282345540ed3fedcb DependenciesID=8a1b7a0dd24649da23179445bbaa5265 StaticDependenciesID=7f5af7c946eda004b071a31b1299d330 
Importing 'GUID: d188b83180b6c44e595aac6f69c33fc7 - Path: Assets/_Game/Resources/Definitions/Endings/END_ending_partial.asset' with importer (NativeFormatImporter)
Imported 'GUID: d188b83180b6c44e595aac6f69c33fc7' -> (Import Result ID: '74d4194c8a78796532b7d05270015cd7') in 0.000 seconds [static dependencies only]. Details - ImportResultOutputID=7b78cedd9ba3ff3ef8570872b9ec1672 DependenciesID=f86f8aebd4c32442dc95c6f0cd86b6dd StaticDependenciesID=d7879ec093c8090f2f5151deb886b2bf 
Importing 'GUID: 02ee1e16d4ece471b8f541b098214305 - Path: Assets/_Game/Resources/Definitions/Objectives/OBJ_download_archive.asset' with importer (NativeFormatImporter)
Imported 'GUID: 02ee1e16d4ece471b8f541b098214305' -> (Import Result ID: '8793157430d603da2bb3d33b6d495a6e') in 0.000 seconds [static dependencies only]. Details - ImportResultOutputID=da3b14e5c66eea633433a72b9d447b7f DependenciesID=7cf4243ebe6f76d52294e8a64acdabea StaticDependenciesID=ba0792c2a79349da565daa235ed21b3e 
Importing 'GUID: 322b78381ec71458e888d87cd3e8f342 - Path: Assets/_Game/Resources/Definitions/Documents/DOC_doc_incident_report.asset' with importer (NativeFormatImporter)
Imported 'GUID: 322b78381ec71458e888d87cd3e8f342' -> (Import Result ID: 'd6c1637ad545cadc4b6288f09fd1b575') in 0.000 seconds [static dependencies only]. Details - ImportResultOutputID=1fb06ef8e87f3b40cc14ab0cbda7bd4c DependenciesID=dcc2a62f9afd202e8455f93915885a62 StaticDependenciesID=8ad4a6d5772371478c13806f26cc4160 
Importing 'GUID: 53541f284608448bea0ee38fc2579b79 - Path: Assets/_Game/Resources/Definitions/Evidence/EVD_ledger_page_001.asset' with importer (NativeFormatImporter)
Imported 'GUID: 53541f284608448bea0ee38fc2579b79' -> (Import Result ID: '95bfb7c975dc2fc88035fb8f75839c8c') in 0.000 seconds [static dependencies only]. Details - ImportResultOutputID=e7236b8e73e38e3746d0eb1a37eb5df4 DependenciesID=8cb76a72b5d843a6c7cea6e8af1609c7 StaticDependenciesID=74f5f017b767206c6f89d74f2c1413da 
Importing 'GUID: 93b4a46223af54100a4d49d2c90c41fb - Path: Assets/_Game/Resources/Definitions/Insights/INS_vault_logs_scrubbed.asset' with importer (NativeFormatImporter)
Imported 'GUID: 93b4a46223af54100a4d49d2c90c41fb' -> (Import Result ID: 'abbad1ff732609a8593567b5fc384d68') in 0.000 seconds [static dependencies only]. Details - ImportResultOutputID=ca9942d90d5ad107951c26b79fd6d46c DependenciesID=41fbfabd2ace7e2d66dedced83fb10af StaticDependenciesID=e10894a60cb1a034be12113334894ced 
Importing 'GUID: d3f3d8456caba4d628cf0ff7d5625537 - Path: Assets/_Game/Resources/Definitions/Evidence/EVD_transport_manifest_001.asset' with importer (NativeFormatImporter)
Imported 'GUID: d3f3d8456caba4d628cf0ff7d5625537' -> (Import Result ID: 'a6087ebbed14a2064e12b94be3daae2e') in 0.000 seconds [static dependencies only]. Details - ImportResultOutputID=1a37df7179254813984cf108ec950b02 DependenciesID=94feadb2de6cc9adac3ce38c46c45340 StaticDependenciesID=063fc040c4a981353c531ef1b5615fa9 
Importing 'GUID: 043a3fd453e50455782e87c3a80faecb - Path: Assets/_Game/Resources/Definitions/Objectives/OBJ_reach_bunker.asset' with importer (NativeFormatImporter)
Imported 'GUID: 043a3fd453e50455782e87c3a80faecb' -> (Import Result ID: '792dc7d0da21234c4b158014825f680f') in 0.000 seconds [static dependencies only]. Details - ImportResultOutputID=06b367fdfbe3ae1cf548734a5cf36c21 DependenciesID=abdb474f57482738ccb7a649642a7863 StaticDependenciesID=e9ec655a963b6eff10ea85c22f4c50e9 
Importing 'GUID: 7415b32002c1249968fee100e1f2fde5 - Path: Assets/_Game/Resources/Definitions/Objectives/OBJ_corroborate_story.asset' with importer (NativeFormatImporter)
Imported 'GUID: 7415b32002c1249968fee100e1f2fde5' -> (Import Result ID: '38c3fc6dba9927dd4e4fdb17a1d53acf') in 0.000 seconds [static dependencies only]. Details - ImportResultOutputID=0677e8119c3a40f5d26d27ffe2086e3c DependenciesID=b4dae2ddac7bef7141bbcf334047fc50 StaticDependenciesID=d85da1683a5bf6f3e026057640ac1504 
Importing 'GUID: a4335bd71b7d54159ad3f7405fab0e89 - Path: Assets/_Game/Resources/Definitions/Documents/DOC_doc_public_statement.asset' with importer (NativeFormatImporter)
Imported 'GUID: a4335bd71b7d54159ad3f7405fab0e89' -> (Import Result ID: '23246fbfaa483bbf7731bfd1d31141e3') in 0.000 seconds [static dependencies only]. Details - ImportResultOutputID=5aca3198784d693cbb78ab6b53b68e3d DependenciesID=85eb702df6b2876658a7a92565b3ec5a StaticDependenciesID=d1a233ff3e598bd78c6c838149f4bd0d 
Importing 'GUID: e43ecb7047135489a987db8e0b897201 - Path: Assets/_Game/Resources/Definitions/Objectives/OBJ_search_office.asset' with importer (NativeFormatImporter)
Imported 'GUID: e43ecb7047135489a987db8e0b897201' -> (Import Result ID: '8bdc76f8ee0746a929a02eeed0c34f5f') in 0.000 seconds [static dependencies only]. Details - ImportResultOutputID=553d8e8417628095ab43dc6d0481f719 DependenciesID=080f8b58b60c6d1812fc3c1e977f09d1 StaticDependenciesID=095d6fc4b11b319f0550edabaa15d5fb 
Importing 'GUID: 052f7169beda74546bfb2b0d41c16005 - Path: Assets/_Game/Resources/Definitions/Insights/INS_wing_buried_incident.asset' with importer (NativeFormatImporter)
Imported 'GUID: 052f7169beda74546bfb2b0d41c16005' -> (Import Result ID: '9df5907555066a1272df09ddb909e84b') in 0.000 seconds [static dependencies only]. Details - ImportResultOutputID=227036cd70da3fcca11c02171f1056ed DependenciesID=7a350243f778887240a232e820b07064 StaticDependenciesID=1581b62f635fb1970107d89cee3253c3 
Importing 'GUID: 55f426f16d57e47328fc1a8ed99958b5 - Path: Assets/_Game/Resources/Definitions/Evidence/EVD_server_archive_001.asset' with importer (NativeFormatImporter)
Imported 'GUID: 55f426f16d57e47328fc1a8ed99958b5' -> (Import Result ID: '8e27370f63c0a71f57cae25cda0b294c') in 0.000 seconds [static dependencies only]. Details - ImportResultOutputID=f5c0bcb006a93593f026fa51f083134a DependenciesID=2fa424b4920f0d2a8bbb7ea82339a9b2 StaticDependenciesID=24de7eeba6c2e3291f6f5d29b48bc5b4 
Importing 'GUID: d5cca15f54f964c14ba9f6032c983828 - Path: Assets/_Game/Resources/Definitions/Objectives/OBJ_unlock_service_door.asset' with importer (NativeFormatImporter)
Imported 'GUID: d5cca15f54f964c14ba9f6032c983828' -> (Import Result ID: '3d9573af27ddb799867b7bfd273447bd') in 0.000 seconds [static dependencies only]. Details - ImportResultOutputID=951573ec015fa9a7e925006f782e2e48 DependenciesID=f1e9270861fdbd584cd91c63bc800b0c StaticDependenciesID=daf6bdaf25ae33e2d5b227764ce7cc9c 
Importing 'GUID: f5356ab937a5747e5abdeb323c793826 - Path: Assets/_Game/Resources/Definitions/Evidence/EVD_security_memo_001.asset' with importer (NativeFormatImporter)
Imported 'GUID: f5356ab937a5747e5abdeb323c793826' -> (Import Result ID: '4766ff065ecbde2d05581c5fef2bb2a3') in 0.000 seconds [static dependencies only]. Details - ImportResultOutputID=160aaf87c60a2fd621cc9a7c2df5ee4d DependenciesID=7cd5ba75db79fbfcfa7e1df263e11599 StaticDependenciesID=a952bdca9af497c285fa9018d3153108 
Importing 'GUID: f5354de3c2aac4801a2059cb39f0143f - Path: Assets/_Game/Resources/Definitions/Documents/DOC_doc_access_log.asset' with importer (NativeFormatImporter)
Imported 'GUID: f5354de3c2aac4801a2059cb39f0143f' -> (Import Result ID: 'a0c3cf3251533cc99274a1d83480117a') in 0.000 seconds [static dependencies only]. Details - ImportResultOutputID=34fb56daedc1f4c31b9bbc07ad87bb40 DependenciesID=d29856c0833755b31cbdf33447a5474e StaticDependenciesID=f39209e6dfd2ae5eda8896627b8a63f1 
Importing 'GUID: 068716e0592384813b62fb22f885d72e - Path: Assets/_Game/Resources/Definitions/Evidence/EVD_access_log_001.asset' with importer (NativeFormatImporter)
Imported 'GUID: 068716e0592384813b62fb22f885d72e' -> (Import Result ID: '75578f8421168b751f627e6773a9a303') in 0.000 seconds [static dependencies only]. Details - ImportResultOutputID=b24ab8e6bb4c4dbbe1abcb57e718ca20 DependenciesID=5a58d82cf052c22e9bff80ba0c2bf1a5 StaticDependenciesID=91ec4dd6971d1cccfb4c64041fb33f76 
Importing 'GUID: 560398d4b1e2d4c9a97eb50cf09679c3 - Path: Assets/_Game/Resources/Definitions/Documents/DOC_doc_guest_log.asset' with importer (NativeFormatImporter)
Imported 'GUID: 560398d4b1e2d4c9a97eb50cf09679c3' -> (Import Result ID: 'f613dad8d625f964ee82e052c5074dcc') in 0.001 seconds [static dependencies only]. Details - ImportResultOutputID=a3ec6b3151265c2ae2fd6df3001ef5f2 DependenciesID=3d54cfbf9b7f56752772236a1689163d StaticDependenciesID=f45950571d963c5ea0293e0c9843ddb9 
Importing 'GUID: b68c2fc7c184c4ecf95ed3c88b211970 - Path: Assets/_Game/Resources/Definitions/Objectives/OBJ_find_keycard.asset' with importer (NativeFormatImporter)
Imported 'GUID: b68c2fc7c184c4ecf95ed3c88b211970' -> (Import Result ID: '48803fae9a615996a055540f931ed609') in 0.000 seconds [static dependencies only]. Details - ImportResultOutputID=f76b87d73896a6e7cb0a8dd66310cc4b DependenciesID=4f92ce3069f4f52b26cf7432fed68e56 StaticDependenciesID=5cfd516849e7aa956eb493850a138862 
Importing 'GUID: d6342055ec0204073920d6e3434a18ee - Path: Assets/_Game/Resources/Definitions/Evidence/EVD_keycard_staff.asset' with importer (NativeFormatImporter)
Imported 'GUID: d6342055ec0204073920d6e3434a18ee' -> (Import Result ID: 'f66068c03a13089816a303f73d01cd4b') in 0.001 seconds [static dependencies only]. Details - ImportResultOutputID=9b6864197f0cc25a908a18ac0f1ebccc DependenciesID=c5aa61167963d80161578485bcb3997e StaticDependenciesID=3aae86b8db90960eaa9671bced0acd40 
Importing 'GUID: 372077f83f47a47c69335b07dc2c8e03 - Path: Assets/_Game/Resources/Definitions/Documents/DOC_doc_archive_code.asset' with importer (NativeFormatImporter)
Imported 'GUID: 372077f83f47a47c69335b07dc2c8e03' -> (Import Result ID: 'b9b3a17dbed2fb82e7f9419d4d3e4569') in 0.000 seconds [static dependencies only]. Details - ImportResultOutputID=aba2808bd9447dd3b3ad900a0e36395c DependenciesID=f0bbd560aef1ba0ab1bc3ac2946facc4 StaticDependenciesID=f4b1b732c09e1ec7d5f42720ee09fa50 
Importing 'GUID: 37ed11c66d0d746bcb8ea06c8178a6bd - Path: Assets/_Game/Resources/Definitions/Evidence/EVD_guest_log_001.asset' with importer (NativeFormatImporter)
Imported 'GUID: 37ed11c66d0d746bcb8ea06c8178a6bd' -> (Import Result ID: '15b7c4930357d66e196e8e4b8f49de04') in 0.000 seconds [static dependencies only]. Details - ImportResultOutputID=3088ce481f08debb7f818b03c7598c20 DependenciesID=c334a7ca797aa3abea0bdecbd99f2e0e StaticDependenciesID=75dff0bc5e7b098d1fc170acf8dc8d84 
Importing 'GUID: 57e0afdb6814e4d2fbb32393b0207968 - Path: Assets/_Game/Resources/Definitions/Terminals/TRM_bunker_terminal.asset' with importer (NativeFormatImporter)
Imported 'GUID: 57e0afdb6814e4d2fbb32393b0207968' -> (Import Result ID: '7b052dab35e74184bf2958d18d5a9080') in 0.000 seconds [static dependencies only]. Details - ImportResultOutputID=a67077b21bd51f3db5ba7ca8e969deff DependenciesID=6b8108f8fd35f6fcd748a833daee0954 StaticDependenciesID=d408e203db99e892ebdf6401639494cd 
Importing 'GUID: 673affab08d6c4c028815a33352aba03 - Path: Assets/_Game/Resources/Definitions/Terminals/TRM_security_hub_terminal.asset' with importer (NativeFormatImporter)
Imported 'GUID: 673affab08d6c4c028815a33352aba03' -> (Import Result ID: '479184fa80e9caa18157919bea2765f5') in 0.000 seconds [static dependencies only]. Details - ImportResultOutputID=e782ea709eb1fbbe0641a578557186a0 DependenciesID=a6c4dee3de9030e47c932efce868ea53 StaticDependenciesID=e4313428f8ba45078fedeb1db9444c3d 
Importing 'GUID: 973df065766564e20a82e936160ce1af - Path: Assets/_Game/Resources/Definitions/Insights/INS_server_archive_authentic.asset' with importer (NativeFormatImporter)
Imported 'GUID: 973df065766564e20a82e936160ce1af' -> (Import Result ID: 'b242de7775a2ef7c703594eb021dd3f5') in 0.000 seconds [static dependencies only]. Details - ImportResultOutputID=38f3437300f39dd9c8c62679f03ab5a1 DependenciesID=08f9e984b3e21c92fa7153bba015a4c2 StaticDependenciesID=da74b25b6a37a6c502137d51df8b739c 
Importing 'GUID: f7ca816fb17364e89a4c9cd6637abd9e - Path: Assets/_Game/Resources/Definitions/Insights/INS_private_security_coverup.asset' with importer (NativeFormatImporter)
Imported 'GUID: f7ca816fb17364e89a4c9cd6637abd9e' -> (Import Result ID: '41bea628beb4cf77dbb9c4811eaf4204') in 0.000 seconds [static dependencies only]. Details - ImportResultOutputID=cae11e85fa4a3332b3f9948cec167392 DependenciesID=3c22a9b17c0776aca77a712c4a7cd46c StaticDependenciesID=3194797bd13fa26310872feceb9c58cb 
Importing 'GUID: 08a50360db94d42a2b581ea404db3364 - Path: Assets/_Game/Resources/Definitions/Endings/END_ending_bad.asset' with importer (NativeFormatImporter)
Imported 'GUID: 08a50360db94d42a2b581ea404db3364' -> (Import Result ID: 'c0135599c9b6370c32be784c5aeba25f') in 0.000 seconds [static dependencies only]. Details - ImportResultOutputID=3b0af1b7d1f94c4771f5126ef5ee2885 DependenciesID=cc36042bb87712c01713ac1a8bd5dc9e StaticDependenciesID=a056483739290ac51c9da3a477a7d428 
Importing 'GUID: d8703ff2fbf99427197966286a8297c1 - Path: Assets/_Game/Resources/Definitions/Objectives/OBJ_infiltrate_service.asset' with importer (NativeFormatImporter)
Imported 'GUID: d8703ff2fbf99427197966286a8297c1' -> (Import Result ID: '688fd7560a2b35c8888b619b2086ae29') in 0.000 seconds [static dependencies only]. Details - ImportResultOutputID=3fb5d2556c5140f104b512323808401a DependenciesID=408251bd8426435b878616502323e9ed StaticDependenciesID=1bdcbef488b8b75ce21677f646ef8291 
Importing 'GUID: d8bf95ac0cf474914840cf6ca5057180 - Path: Assets/_Game/Resources/Definitions/Documents/DOC_doc_broadcast_script.asset' with importer (NativeFormatImporter)
Imported 'GUID: d8bf95ac0cf474914840cf6ca5057180' -> (Import Result ID: 'b33c96db019a37453b4173b2624803ae') in 0.000 seconds [static dependencies only]. Details - ImportResultOutputID=5ad25e0b43d37e2723045bf4fd1de54b DependenciesID=6144e1c08e74ab24cfddab3e87ce68f7 StaticDependenciesID=6e46a6ea053e77d9ce4cf3458ea49764 
Importing 'GUID: 4931001818bb245eeae37449befa228b - Path: Assets/_Game/Resources/Definitions/Endings/END_ending_secret.asset' with importer (NativeFormatImporter)
Imported 'GUID: 4931001818bb245eeae37449befa228b' -> (Import Result ID: '24efdd106a79cd2361141ca58e4906af') in 0.000 seconds [static dependencies only]. Details - ImportResultOutputID=a4ee70884d0a7172f980d69d8ff2d391 DependenciesID=c75a420e0f12b38b462d74a3b03efd36 StaticDependenciesID=82ddbcfa15f0ba360ec55b6072950c6a 
Importing 'GUID: 4adbb924f53a04b80ad0b6c70c47bcbb - Path: Assets/_Game/Resources/Definitions/Evidence/EVD_incident_report_001.asset' with importer (NativeFormatImporter)
Imported 'GUID: 4adbb924f53a04b80ad0b6c70c47bcbb' -> (Import Result ID: 'bac833d02da1c2879217ae47e1ea4140') in 0.001 seconds [static dependencies only]. Details - ImportResultOutputID=52b987f30e9a693268a2056294e2481e DependenciesID=d2f64235208f91f75bbeb5caf389c74f StaticDependenciesID=eb66d2af1c9336aff663da249fe62ee7 
Importing 'GUID: 5a58b605fbc1348c5a9d5aa7c5cef619 - Path: Assets/_Game/Resources/Definitions/Objectives/OBJ_broadcast_truth.asset' with importer (NativeFormatImporter)
Imported 'GUID: 5a58b605fbc1348c5a9d5aa7c5cef619' -> (Import Result ID: 'd2fe11105943cdb1f393c92f2e181943') in 0.000 seconds [static dependencies only]. Details - ImportResultOutputID=f024f85ddcc8803cfa197b312935a8c6 DependenciesID=0f8886c45628240ee4fa6c20401a4e24 StaticDependenciesID=82a66a0b9e31ec8ce8100e8597b5953b 
Importing 'GUID: aa5ab58af682c49df831fd120184f7dd - Path: Assets/_Game/Resources/Definitions/Terminals/TRM_service_terminal.asset' with importer (NativeFormatImporter)
Imported 'GUID: aa5ab58af682c49df831fd120184f7dd' -> (Import Result ID: '52da18b3336dd91991f12cc75dfb83af') in 0.001 seconds [static dependencies only]. Details - ImportResultOutputID=31e163428eead6fcad3c528287e57b63 DependenciesID=2cf91c693fe630fc0369abf0b0c4a34e StaticDependenciesID=a70c37dcec930c45638b3718a4d417af 
Importing 'GUID: 0c7a628f6751941e3985e3e755297c02 - Path: Assets/_Game/Resources/Definitions/Endings/END_ending_best.asset' with importer (NativeFormatImporter)
Imported 'GUID: 0c7a628f6751941e3985e3e755297c02' -> (Import Result ID: '3786b263289d143401348470a2ebb846') in 0.000 seconds [static dependencies only]. Details - ImportResultOutputID=2c6116e2a328abdabc1eb0237ca4d510 DependenciesID=3ccb1b9df76bdd63c5d5cb70daeffbab StaticDependenciesID=20ddbe9920630d7aa6c5ce2834d1905d 
Importing 'GUID: 8c84d4e34de8b4578aa731241eed28b3 - Path: Assets/_Game/Resources/Definitions/Objectives/OBJ_find_ledger.asset' with importer (NativeFormatImporter)
Imported 'GUID: 8c84d4e34de8b4578aa731241eed28b3' -> (Import Result ID: '8932c20199f5f0ea5fc6ef23dd12adc8') in 0.000 seconds [static dependencies only]. Details - ImportResultOutputID=77bfe27988fb6239c019e11c9465b704 DependenciesID=f3ddd4675749c00c02dd1e8f32d06fe2 StaticDependenciesID=54f3aa6979dcfed54d8fda5b2b3c66ac 
Importing 'GUID: 1d774d62bd9724c3eb2d25e56d5e5f89 - Path: Assets/_Game/Resources/Definitions/Insights/INS_travel_pattern_confirmed.asset' with importer (NativeFormatImporter)
Imported 'GUID: 1d774d62bd9724c3eb2d25e56d5e5f89' -> (Import Result ID: '771cd7202937c02dddd09baa8ac12c19') in 0.000 seconds [static dependencies only]. Details - ImportResultOutputID=44a461e5a3e5ab75c84fc9353e930c83 DependenciesID=a85e5ba9361b4420a6f04925d72c68bc StaticDependenciesID=b1a5055a9706a26670fced72f717c7a7 
Importing 'GUID: 1dcbfe79bc9ee442d82ba894ed20317a - Path: Assets/_Game/Resources/Definitions/Evidence/EVD_public_statement_001.asset' with importer (NativeFormatImporter)
Imported 'GUID: 1dcbfe79bc9ee442d82ba894ed20317a' -> (Import Result ID: 'e5e42f958d8a55da53d00dee6a7c69fa') in 0.000 seconds [static dependencies only]. Details - ImportResultOutputID=c151a311d230f8605ca42cf516148d6e DependenciesID=59ea1e9c77d4022dfb6d8c41f4c99bb4 StaticDependenciesID=239aaacb64abdd24f4fa8ae35633aa53 
Importing 'GUID: 4df07a5faf0cb4544bb9ea31bc4024ef - Path: Assets/_Game/Resources/Definitions/Evidence/EVD_vault_keylog_001.asset' with importer (NativeFormatImporter)
Imported 'GUID: 4df07a5faf0cb4544bb9ea31bc4024ef' -> (Import Result ID: '62dd0d901772173973fe0d9f85c7c138') in 0.000 seconds [static dependencies only]. Details - ImportResultOutputID=8f32404e7854f7c2265b76ccc2c9759f DependenciesID=3db9fb2ae81b6e27b57fbc1e271a9561 StaticDependenciesID=06d936e1e2f22f3979b4d4ecef379fc5 
Importing 'GUID: 8de25ec28a1364454850d8e65fa18bb4 - Path: Assets/_Game/Resources/Definitions/Terminals/TRM_office_terminal.asset' with importer (NativeFormatImporter)
Imported 'GUID: 8de25ec28a1364454850d8e65fa18bb4' -> (Import Result ID: 'f5485c20989c6086198b346d99cc1127') in 0.001 seconds [static dependencies only]. Details - ImportResultOutputID=207cfc5779881264c9ab82459da78e57 DependenciesID=5f006f22e96e446373e3b82583f5ea62 StaticDependenciesID=1b1b2e0314b91b98c934256cbea9dba2 
Importing 'GUID: 9fb54bb189bc54afba710a6382912cca - Path: Assets/_Game/Resources/Definitions/Objectives/OBJ_reach_tower.asset' with importer (NativeFormatImporter)
Imported 'GUID: 9fb54bb189bc54afba710a6382912cca' -> (Import Result ID: '4ec8be6109d9ef0fae37cfa1caded4ea') in 0.000 seconds [static dependencies only]. Details - ImportResultOutputID=2b8bd691334bb0bf92e63157068e3ef9 DependenciesID=7331b91d26d1434f5d1a05dac271d0cd StaticDependenciesID=100762e08b6dc476d44c465a5bf0a4a9 
Importing 'GUID: 9fadfeb4b46a54468b120b479bd8f0df - Path: Assets/_Game/Resources/Definitions/Objectives/OBJ_route_broadcast.asset' with importer (NativeFormatImporter)
Imported 'GUID: 9fadfeb4b46a54468b120b479bd8f0df' -> (Import Result ID: 'aa511b86d0cade7765321a0521fe3471') in 0.000 seconds [static dependencies only]. Details - ImportResultOutputID=98ebf1f04289039eb43b5aeb21b8db41 DependenciesID=4a2f2d47e547717484ab78daf1cf60c6 StaticDependenciesID=fb811ed2d94701d97dd210a3d198e6b7 
Importing 'GUID: bf665eb2379804043bac12ef5f67bb0c - Path: Assets/_Game/Resources/Definitions/Documents/DOC_doc_manifest.asset' with importer (NativeFormatImporter)
Imported 'GUID: bf665eb2379804043bac12ef5f67bb0c' -> (Import Result ID: '612217f6a558ea5e94b300260a102464') in 0.000 seconds [static dependencies only]. Details - ImportResultOutputID=6079b774eb4baba619dee14b346a80be DependenciesID=bd48455b164fbdcdfdcb297bc163cda0 StaticDependenciesID=e7661e3ea2d78e2f841ae382d68068fd 
Asset Pipeline Refresh (id=8f7a9af9bc4f944e890d9c6a145106e2): Total: 0.063 seconds - Initiated by StopAssetImportingV2(NoUpdateAssetOptions)
[WebDataImporter] Imported 12 evidence, 12 objectives, 5 insights, 9 documents, 4 endings, 4 terminals.
UnityEngine.Debug:ExtractStackTraceNoAlloc (byte*,int,string)
UnityEngine.StackTraceUtility:ExtractStackTrace () (at /Users/bokken/build/output/unity/unity/Runtime/Export/Scripting/StackTrace.cs:23)
UnityEngine.DebugLogHandler:Internal_Log (UnityEngine.LogType,UnityEngine.LogOption,string,UnityEngine.Object)
UnityEngine.DebugLogHandler:LogFormat (UnityEngine.LogType,UnityEngine.Object,string,object[])
UnityEngine.Logger:Log (UnityEngine.LogType,object)
UnityEngine.Debug:Log (object)
Escape.EditorTools.WebDataImporter:ImportAll () (at Assets/_Game/Editor/WebDataImporter.cs:48)
Escape.EditorTools.BuildAll:Run () (at Assets/_Game/Editor/BuildAll.cs:32)
Escape.EditorTools.CiChecks:VerifyDeterministicGeneration () (at Assets/_Game/Editor/CiChecks.cs:40)

(Filename: Assets/_Game/Editor/WebDataImporter.cs Line: 48)

Asset Pipeline Refresh (id=51a2a8933265f46a9a8e0b768aa8b8cf): Total: 0.147 seconds - Initiated by RefreshV2(NoUpdateAssetOptions)
Importing 'GUID: 36a891ef6fb084d4b908511042105894 - Path: Assets/_Game/Resources/ClipLibrary.asset' with importer (NativeFormatImporter)
Imported 'GUID: 36a891ef6fb084d4b908511042105894' -> (Import Result ID: '30c8cd2835b2109fd866883211192c5a') in 0.002 seconds [static dependencies only]. Details - ImportResultOutputID=b85104a8f9df2bc03f93e10927e5e565 DependenciesID=dda7a3b85f3fb9ff8cf2fd7ab3cfa4f8 StaticDependenciesID=ddc7bc86c5bf36fd49c2e5d2cd56ac08 
Asset Pipeline Refresh (id=98895968a49884cc1b9341b8e54f285f): Total: 0.017 seconds - Initiated by StopAssetImportingV2(NoUpdateAssetOptions)
[AudioLibrary] Built Assets/_Game/Resources/ClipLibrary.asset — steps:5/5/5/5 impacts:5/5
UnityEngine.Debug:ExtractStackTraceNoAlloc (byte*,int,string)
UnityEngine.StackTraceUtility:ExtractStackTrace () (at /Users/bokken/build/output/unity/unity/Runtime/Export/Scripting/StackTrace.cs:23)
UnityEngine.DebugLogHandler:Internal_Log (UnityEngine.LogType,UnityEngine.LogOption,string,UnityEngine.Object)
UnityEngine.DebugLogHandler:LogFormat (UnityEngine.LogType,UnityEngine.Object,string,object[])
UnityEngine.Logger:Log (UnityEngine.LogType,object)
UnityEngine.Debug:Log (object)
Escape.EditorTools.AudioLibraryBuilder:Build () (at Assets/_Game/Editor/AudioLibraryBuilder.cs:58)
Escape.EditorTools.BuildAll:Run () (at Assets/_Game/Editor/BuildAll.cs:33)
Escape.EditorTools.CiChecks:VerifyDeterministicGeneration () (at Assets/_Game/Editor/CiChecks.cs:40)

(Filename: Assets/_Game/Editor/AudioLibraryBuilder.cs Line: 58)

Asset Pipeline Refresh (id=0fb65e526fe3c4595856698906ce140f): Total: 0.005 seconds - Initiated by StopAssetImportingV2(NoUpdateAssetOptions)
Asset Pipeline Refresh (id=593034df593f848299bbba0c2f5c598f): Total: 0.008 seconds - Initiated by StopAssetImportingV2(NoUpdateAssetOptions)
Asset Pipeline Refresh (id=7f299db7bc89b48baa3cd08336bfad2e): Total: 0.006 seconds - Initiated by StopAssetImportingV2(NoUpdateAssetOptions)
Asset Pipeline Refresh (id=f7d1be03abb3c41e3819145203c21c07): Total: 0.005 seconds - Initiated by StopAssetImportingV2(NoUpdateAssetOptions)
Asset Pipeline Refresh (id=124d5599dd30b48b88fb96e9bf95f812): Total: 0.005 seconds - Initiated by StopAssetImportingV2(NoUpdateAssetOptions)
Asset Pipeline Refresh (id=3d5dfd0b21ee845329faf10e3a10d3ba): Total: 0.006 seconds - Initiated by StopAssetImportingV2(NoUpdateAssetOptions)
Asset Pipeline Refresh (id=d69680712df254e21b6fbe9a86c354f4): Total: 0.005 seconds - Initiated by StopAssetImportingV2(NoUpdateAssetOptions)
Asset Pipeline Refresh (id=69a89769e49674b5f9d9e97f0dfa30c4): Total: 0.004 seconds - Initiated by StopAssetImportingV2(NoUpdateAssetOptions)
Asset Pipeline Refresh (id=b47730f4e475648be8c5432a99bd97ee): Total: 0.004 seconds - Initiated by StopAssetImportingV2(NoUpdateAssetOptions)
Asset Pipeline Refresh (id=58f68b063376b4c879041ba6c48a54cf): Total: 0.005 seconds - Initiated by StopAssetImportingV2(NoUpdateAssetOptions)
Asset Pipeline Refresh (id=c6262c25f3885434cae99453c2b020f0): Total: 0.005 seconds - Initiated by StopAssetImportingV2(NoUpdateAssetOptions)
Asset Pipeline Refresh (id=21244c9dbf45d45b8b59d4dec0679344): Total: 0.009 seconds - Initiated by StopAssetImportingV2(NoUpdateAssetOptions)
Asset Pipeline Refresh (id=6c5c4578b63b24f019e035c375402a08): Total: 0.005 seconds - Initiated by StopAssetImportingV2(NoUpdateAssetOptions)
[PrefabFactory] All prefabs built.
UnityEngine.Debug:ExtractStackTraceNoAlloc (byte*,int,string)
UnityEngine.StackTraceUtility:ExtractStackTrace () (at /Users/bokken/build/output/unity/unity/Runtime/Export/Scripting/StackTrace.cs:23)
UnityEngine.DebugLogHandler:Internal_Log (UnityEngine.LogType,UnityEngine.LogOption,string,UnityEngine.Object)
UnityEngine.DebugLogHandler:LogFormat (UnityEngine.LogType,UnityEngine.Object,string,object[])
UnityEngine.Logger:Log (UnityEngine.LogType,object)
UnityEngine.Debug:Log (object)
Escape.EditorTools.PrefabFactory:BuildAll () (at Assets/_Game/Editor/PrefabFactory.cs:40)
Escape.EditorTools.BuildAll:Run () (at Assets/_Game/Editor/BuildAll.cs:34)
Escape.EditorTools.CiChecks:VerifyDeterministicGeneration () (at Assets/_Game/Editor/CiChecks.cs:40)

(Filename: Assets/_Game/Editor/PrefabFactory.cs Line: 40)

Unloading 0 Unused Serialized files (Serialized files now loaded: 0)
Unloading 501 unused Assets / (0.5 MB). Loaded Objects now: 7010.
Memory consumption went from 273.5 MB to 273.0 MB.
Total: 47.200625 ms (FindLiveObjects: 0.355708 ms CreateObjectMapping: 0.114083 ms MarkObjects: 44.348459 ms  DeleteObjects: 1.995375 ms)

Importing 'GUID: a54308e4fa1694af09b3c17c800d31e1 - Path: Assets/_Game/Scenes/Bootstrap.unity' with importer (DefaultImporter)
Imported 'GUID: a54308e4fa1694af09b3c17c800d31e1' -> (Import Result ID: '840052f37a91b1353d4fbccb4918f5f7') in 0.002 seconds [static dependencies only]. Details - ImportResultOutputID=684322a776807ccd2b8305cabbc135b3 DependenciesID=b4747b63e5823802497c2ec2745a320b StaticDependenciesID=7c2178dba9af48bc1952d1079bd37b4c 
Asset Pipeline Refresh (id=56677a3375ba247be86125702f67095c): Total: 0.036 seconds - Initiated by StopAssetImportingV2(NoUpdateAssetOptions)
Unloading 22 Unused Serialized files (Serialized files now loaded: 0)
Unloading 147 unused Assets / (114.2 KB). Loaded Objects now: 7010.
Memory consumption went from 270.6 MB to 270.5 MB.
Total: 19.606541 ms (FindLiveObjects: 0.340334 ms CreateObjectMapping: 0.151459 ms MarkObjects: 18.811458 ms  DeleteObjects: 0.142083 ms)

Importing 'GUID: 117ceb11c7789451186f63d5ea943f4a - Path: Assets/_Game/Scenes/MainMenu.unity' with importer (DefaultImporter)
Imported 'GUID: 117ceb11c7789451186f63d5ea943f4a' -> (Import Result ID: '115a0b9294b31fac77c178e056b2e7a7') in 0.001 seconds [static dependencies only]. Details - ImportResultOutputID=358693babff72ff01e54697a744901d2 DependenciesID=42028b4ba465819a5e8fb740af041028 StaticDependenciesID=f0748eafb8dee440b784a415a9bd61c0 
Asset Pipeline Refresh (id=3d9dc02f5dbee485e8d0db0d015eaf67): Total: 0.032 seconds - Initiated by StopAssetImportingV2(NoUpdateAssetOptions)
Unloading 22 Unused Serialized files (Serialized files now loaded: 0)
Unloading 147 unused Assets / (1.1 MB). Loaded Objects now: 7010.
Memory consumption went from 279.6 MB to 278.5 MB.
Total: 16.624375 ms (FindLiveObjects: 0.335083 ms CreateObjectMapping: 0.110125 ms MarkObjects: 15.890625 ms  DeleteObjects: 0.150125 ms)

Importing 'GUID: 254b3fd31bde14bb0bbd874fad554871 - Path: Assets/_Game/Scenes/Dock.unity' with importer (DefaultImporter)
Imported 'GUID: 254b3fd31bde14bb0bbd874fad554871' -> (Import Result ID: '3e34431f0210ea206804197a943583e2') in 0.001 seconds [static dependencies only]. Details - ImportResultOutputID=1f3813a67013333479d2f591f5531a5c DependenciesID=a31671d2bad23dc131ff22d7ea8854d6 StaticDependenciesID=5e43085a4a8669a0dd64d8fab69d0537 
Asset Pipeline Refresh (id=4882ff5816f0443eba8ddbcf1d192fb4): Total: 0.030 seconds - Initiated by StopAssetImportingV2(NoUpdateAssetOptions)
Unloading 22 Unused Serialized files (Serialized files now loaded: 0)
Unloading 263 unused Assets / (196.3 KB). Loaded Objects now: 7010.
Memory consumption went from 270.8 MB to 270.6 MB.
Total: 17.073292 ms (FindLiveObjects: 0.345834 ms CreateObjectMapping: 0.146292 ms MarkObjects: 16.045083 ms  DeleteObjects: 0.397834 ms)

Asset Pipeline Refresh (id=5d4f8332a8d4c4321afc51e95da8d4b9): Total: 0.015 seconds - Initiated by StopAssetImportingV2(NoUpdateAssetOptions)
Importing 'GUID: c68e3dbe385224f799c76854c4d23059 - Path: Assets/_Game/Scenes/ServiceEntrance.unity' with importer (DefaultImporter)
Imported 'GUID: c68e3dbe385224f799c76854c4d23059' -> (Import Result ID: '17479b50cb27d4f49003bf36640e0ce9') in 0.001 seconds [static dependencies only]. Details - ImportResultOutputID=b071f587af2276ae4db4551232b70947 DependenciesID=7a79c68ade46d97feec779e2c2166fce StaticDependenciesID=75c722834dec0d05925f3c59143c34d5 
Asset Pipeline Refresh (id=ade693756c9564613bf5f4d62418d0bb): Total: 0.031 seconds - Initiated by StopAssetImportingV2(NoUpdateAssetOptions)
Unloading 22 Unused Serialized files (Serialized files now loaded: 0)
Unloading 340 unused Assets / (237.5 KB). Loaded Objects now: 7010.
Memory consumption went from 279.8 MB to 279.6 MB.
Total: 16.625042 ms (FindLiveObjects: 0.321291 ms CreateObjectMapping: 0.116667 ms MarkObjects: 15.762083 ms  DeleteObjects: 0.271459 ms)

Asset Pipeline Refresh (id=105a168422e15454c90c5db0e6b83493): Total: 0.012 seconds - Initiated by StopAssetImportingV2(NoUpdateAssetOptions)
Importing 'GUID: 5caa83427398c4876910e66b1542a444 - Path: Assets/_Game/Scenes/MansionOffice.unity' with importer (DefaultImporter)
Imported 'GUID: 5caa83427398c4876910e66b1542a444' -> (Import Result ID: '9d4e189d0c1a57d0cc5f695e215e563c') in 0.001 seconds [static dependencies only]. Details - ImportResultOutputID=3cb3c4a97d50238ea1e64eb31d60bdb0 DependenciesID=cb588a0d3fc2b506926e8ea35d42a463 StaticDependenciesID=7d0a6c50be18573abb6f1b11a6025fae 
Asset Pipeline Refresh (id=3e1dcd056caa74dd2843f9bad690d29d): Total: 0.030 seconds - Initiated by StopAssetImportingV2(NoUpdateAssetOptions)
Unloading 22 Unused Serialized files (Serialized files now loaded: 0)
Unloading 302 unused Assets / (1.3 MB). Loaded Objects now: 7010.
Memory consumption went from 288.9 MB to 287.6 MB.
Total: 17.313208 ms (FindLiveObjects: 0.340208 ms CreateObjectMapping: 0.124333 ms MarkObjects: 16.338833 ms  DeleteObjects: 0.364958 ms)

Asset Pipeline Refresh (id=64b7b48aba83545a0856cf848210cb7d): Total: 0.013 seconds - Initiated by StopAssetImportingV2(NoUpdateAssetOptions)
Importing 'GUID: 619ddade2b2d144f585b38c556c25638 - Path: Assets/_Game/Scenes/SecurityWing.unity' with importer (DefaultImporter)
Imported 'GUID: 619ddade2b2d144f585b38c556c25638' -> (Import Result ID: '41110f35e51611bb74a7cf2a4e31e2bc') in 0.001 seconds [static dependencies only]. Details - ImportResultOutputID=de4c33c397e07980dca326abad360fc6 DependenciesID=4125c78128e90dabf64337cea3b6af7e StaticDependenciesID=000a60249580183313718a4deb8e6454 
Asset Pipeline Refresh (id=49822319123b946e6bcd657b0286d710): Total: 0.033 seconds - Initiated by StopAssetImportingV2(NoUpdateAssetOptions)
Unloading 22 Unused Serialized files (Serialized files now loaded: 0)
Unloading 325 unused Assets / (215.4 KB). Loaded Objects now: 7010.
Memory consumption went from 300.3 MB to 300.1 MB.
Total: 20.257750 ms (FindLiveObjects: 0.331375 ms CreateObjectMapping: 0.109375 ms MarkObjects: 19.389292 ms  DeleteObjects: 0.282375 ms)

Asset Pipeline Refresh (id=983c077d1638a483d98a9b157f5d06a8): Total: 0.015 seconds - Initiated by StopAssetImportingV2(NoUpdateAssetOptions)
Importing 'GUID: f6a7a9fbf10a2418db162a29b710c06f - Path: Assets/_Game/Scenes/BunkerServerRoom.unity' with importer (DefaultImporter)
Imported 'GUID: f6a7a9fbf10a2418db162a29b710c06f' -> (Import Result ID: 'b05472dbe9df22c96d6a18dd2ae8daea') in 0.001 seconds [static dependencies only]. Details - ImportResultOutputID=6da6595523b5a4e2937b571bf44215e3 DependenciesID=d610772690005edd2ba000640939fe76 StaticDependenciesID=619cdb622fac02ac9184d942721204eb 
Asset Pipeline Refresh (id=6213c95804b8946b6b3dd2511c1c368e): Total: 0.033 seconds - Initiated by StopAssetImportingV2(NoUpdateAssetOptions)
Unloading 22 Unused Serialized files (Serialized files now loaded: 0)
Unloading 282 unused Assets / (184.8 KB). Loaded Objects now: 7010.
Memory consumption went from 307.1 MB to 306.9 MB.
Total: 17.762875 ms (FindLiveObjects: 0.322250 ms CreateObjectMapping: 0.112459 ms MarkObjects: 16.876375 ms  DeleteObjects: 0.286500 ms)

Asset Pipeline Refresh (id=ca044962f3e194ec7a545183479aa5ea): Total: 0.018 seconds - Initiated by StopAssetImportingV2(NoUpdateAssetOptions)
Importing 'GUID: d3817ca79cd334de0b49d1d88303cdaf - Path: Assets/_Game/Scenes/BroadcastTower.unity' with importer (DefaultImporter)
Imported 'GUID: d3817ca79cd334de0b49d1d88303cdaf' -> (Import Result ID: 'ace8fd6e8cde547c9008449c51c61149') in 0.001 seconds [static dependencies only]. Details - ImportResultOutputID=c724f60437e4d3d6c21cfd1265cdcfca DependenciesID=3f0ba433194f86eb887f9b658f1c1d03 StaticDependenciesID=f7ca8a8e89946c4d271ee173a14a8d9b 
Asset Pipeline Refresh (id=d8fda088947304439a809848ed63ebcb): Total: 0.030 seconds - Initiated by StopAssetImportingV2(NoUpdateAssetOptions)
[SceneYamlNormalizer] Normalized Bootstrap.unity (8 objects)
UnityEngine.Debug:ExtractStackTraceNoAlloc (byte*,int,string)
UnityEngine.StackTraceUtility:ExtractStackTrace () (at /Users/bokken/build/output/unity/unity/Runtime/Export/Scripting/StackTrace.cs:23)
UnityEngine.DebugLogHandler:Internal_Log (UnityEngine.LogType,UnityEngine.LogOption,string,UnityEngine.Object)
UnityEngine.DebugLogHandler:LogFormat (UnityEngine.LogType,UnityEngine.Object,string,object[])
UnityEngine.Logger:Log (UnityEngine.LogType,object)
UnityEngine.Debug:Log (object)
Escape.EditorTools.SceneYamlNormalizer:NormalizeFile (string) (at Assets/_Game/Editor/SceneYamlNormalizer.cs:159)
Escape.EditorTools.SceneYamlNormalizer:NormalizeDirectory (string,string) (at Assets/_Game/Editor/SceneYamlNormalizer.cs:54)
Escape.EditorTools.SceneFactory:BuildAll () (at Assets/_Game/Editor/SceneFactory.cs:86)
Escape.EditorTools.BuildAll:Run () (at Assets/_Game/Editor/BuildAll.cs:35)
Escape.EditorTools.CiChecks:VerifyDeterministicGeneration () (at Assets/_Game/Editor/CiChecks.cs:40)

(Filename: Assets/_Game/Editor/SceneYamlNormalizer.cs Line: 159)

[SceneYamlNormalizer] Normalized BroadcastTower.unity (281 objects)
UnityEngine.Debug:ExtractStackTraceNoAlloc (byte*,int,string)
UnityEngine.StackTraceUtility:ExtractStackTrace () (at /Users/bokken/build/output/unity/unity/Runtime/Export/Scripting/StackTrace.cs:23)
UnityEngine.DebugLogHandler:Internal_Log (UnityEngine.LogType,UnityEngine.LogOption,string,UnityEngine.Object)
UnityEngine.DebugLogHandler:LogFormat (UnityEngine.LogType,UnityEngine.Object,string,object[])
UnityEngine.Logger:Log (UnityEngine.LogType,object)
UnityEngine.Debug:Log (object)
Escape.EditorTools.SceneYamlNormalizer:NormalizeFile (string) (at Assets/_Game/Editor/SceneYamlNormalizer.cs:159)
Escape.EditorTools.SceneYamlNormalizer:NormalizeDirectory (string,string) (at Assets/_Game/Editor/SceneYamlNormalizer.cs:54)
Escape.EditorTools.SceneFactory:BuildAll () (at Assets/_Game/Editor/SceneFactory.cs:86)
Escape.EditorTools.BuildAll:Run () (at Assets/_Game/Editor/BuildAll.cs:35)
Escape.EditorTools.CiChecks:VerifyDeterministicGeneration () (at Assets/_Game/Editor/CiChecks.cs:40)

(Filename: Assets/_Game/Editor/SceneYamlNormalizer.cs Line: 159)

[SceneYamlNormalizer] Normalized BunkerServerRoom.unity (272 objects)
UnityEngine.Debug:ExtractStackTraceNoAlloc (byte*,int,string)
UnityEngine.StackTraceUtility:ExtractStackTrace () (at /Users/bokken/build/output/unity/unity/Runtime/Export/Scripting/StackTrace.cs:23)
UnityEngine.DebugLogHandler:Internal_Log (UnityEngine.LogType,UnityEngine.LogOption,string,UnityEngine.Object)
UnityEngine.DebugLogHandler:LogFormat (UnityEngine.LogType,UnityEngine.Object,string,object[])
UnityEngine.Logger:Log (UnityEngine.LogType,object)
UnityEngine.Debug:Log (object)
Escape.EditorTools.SceneYamlNormalizer:NormalizeFile (string) (at Assets/_Game/Editor/SceneYamlNormalizer.cs:159)
Escape.EditorTools.SceneYamlNormalizer:NormalizeDirectory (string,string) (at Assets/_Game/Editor/SceneYamlNormalizer.cs:54)
Escape.EditorTools.SceneFactory:BuildAll () (at Assets/_Game/Editor/SceneFactory.cs:86)
Escape.EditorTools.BuildAll:Run () (at Assets/_Game/Editor/BuildAll.cs:35)
Escape.EditorTools.CiChecks:VerifyDeterministicGeneration () (at Assets/_Game/Editor/CiChecks.cs:40)

(Filename: Assets/_Game/Editor/SceneYamlNormalizer.cs Line: 159)

[SceneYamlNormalizer] Normalized Dock.unity (247 objects)
UnityEngine.Debug:ExtractStackTraceNoAlloc (byte*,int,string)
UnityEngine.StackTraceUtility:ExtractStackTrace () (at /Users/bokken/build/output/unity/unity/Runtime/Export/Scripting/StackTrace.cs:23)
UnityEngine.DebugLogHandler:Internal_Log (UnityEngine.LogType,UnityEngine.LogOption,string,UnityEngine.Object)
UnityEngine.DebugLogHandler:LogFormat (UnityEngine.LogType,UnityEngine.Object,string,object[])
UnityEngine.Logger:Log (UnityEngine.LogType,object)
UnityEngine.Debug:Log (object)
Escape.EditorTools.SceneYamlNormalizer:NormalizeFile (string) (at Assets/_Game/Editor/SceneYamlNormalizer.cs:159)
Escape.EditorTools.SceneYamlNormalizer:NormalizeDirectory (string,string) (at Assets/_Game/Editor/SceneYamlNormalizer.cs:54)
Escape.EditorTools.SceneFactory:BuildAll () (at Assets/_Game/Editor/SceneFactory.cs:86)
Escape.EditorTools.BuildAll:Run () (at Assets/_Game/Editor/BuildAll.cs:35)
Escape.EditorTools.CiChecks:VerifyDeterministicGeneration () (at Assets/_Game/Editor/CiChecks.cs:40)

(Filename: Assets/_Game/Editor/SceneYamlNormalizer.cs Line: 159)

[SceneYamlNormalizer] Normalized MainMenu.unity (15 objects)
UnityEngine.Debug:ExtractStackTraceNoAlloc (byte*,int,string)
UnityEngine.StackTraceUtility:ExtractStackTrace () (at /Users/bokken/build/output/unity/unity/Runtime/Export/Scripting/StackTrace.cs:23)
UnityEngine.DebugLogHandler:Internal_Log (UnityEngine.LogType,UnityEngine.LogOption,string,UnityEngine.Object)
UnityEngine.DebugLogHandler:LogFormat (UnityEngine.LogType,UnityEngine.Object,string,object[])
UnityEngine.Logger:Log (UnityEngine.LogType,object)
UnityEngine.Debug:Log (object)
Escape.EditorTools.SceneYamlNormalizer:NormalizeFile (string) (at Assets/_Game/Editor/SceneYamlNormalizer.cs:159)
Escape.EditorTools.SceneYamlNormalizer:NormalizeDirectory (string,string) (at Assets/_Game/Editor/SceneYamlNormalizer.cs:54)
Escape.EditorTools.SceneFactory:BuildAll () (at Assets/_Game/Editor/SceneFactory.cs:86)
Escape.EditorTools.BuildAll:Run () (at Assets/_Game/Editor/BuildAll.cs:35)
Escape.EditorTools.CiChecks:VerifyDeterministicGeneration () (at Assets/_Game/Editor/CiChecks.cs:40)

(Filename: Assets/_Game/Editor/SceneYamlNormalizer.cs Line: 159)

[SceneYamlNormalizer] Normalized MansionOffice.unity (304 objects)
UnityEngine.Debug:ExtractStackTraceNoAlloc (byte*,int,string)
UnityEngine.StackTraceUtility:ExtractStackTrace () (at /Users/bokken/build/output/unity/unity/Runtime/Export/Scripting/StackTrace.cs:23)
UnityEngine.DebugLogHandler:Internal_Log (UnityEngine.LogType,UnityEngine.LogOption,string,UnityEngine.Object)
UnityEngine.DebugLogHandler:LogFormat (UnityEngine.LogType,UnityEngine.Object,string,object[])
UnityEngine.Logger:Log (UnityEngine.LogType,object)
UnityEngine.Debug:Log (object)
Escape.EditorTools.SceneYamlNormalizer:NormalizeFile (string) (at Assets/_Game/Editor/SceneYamlNormalizer.cs:159)
Escape.EditorTools.SceneYamlNormalizer:NormalizeDirectory (string,string) (at Assets/_Game/Editor/SceneYamlNormalizer.cs:54)
Escape.EditorTools.SceneFactory:BuildAll () (at Assets/_Game/Editor/SceneFactory.cs:86)
Escape.EditorTools.BuildAll:Run () (at Assets/_Game/Editor/BuildAll.cs:35)
Escape.EditorTools.CiChecks:VerifyDeterministicGeneration () (at Assets/_Game/Editor/CiChecks.cs:40)

(Filename: Assets/_Game/Editor/SceneYamlNormalizer.cs Line: 159)

[SceneYamlNormalizer] Normalized SecurityWing.unity (360 objects)
UnityEngine.Debug:ExtractStackTraceNoAlloc (byte*,int,string)
UnityEngine.StackTraceUtility:ExtractStackTrace () (at /Users/bokken/build/output/unity/unity/Runtime/Export/Scripting/StackTrace.cs:23)
UnityEngine.DebugLogHandler:Internal_Log (UnityEngine.LogType,UnityEngine.LogOption,string,UnityEngine.Object)
UnityEngine.DebugLogHandler:LogFormat (UnityEngine.LogType,UnityEngine.Object,string,object[])
UnityEngine.Logger:Log (UnityEngine.LogType,object)
UnityEngine.Debug:Log (object)
Escape.EditorTools.SceneYamlNormalizer:NormalizeFile (string) (at Assets/_Game/Editor/SceneYamlNormalizer.cs:159)
Escape.EditorTools.SceneYamlNormalizer:NormalizeDirectory (string,string) (at Assets/_Game/Editor/SceneYamlNormalizer.cs:54)
Escape.EditorTools.SceneFactory:BuildAll () (at Assets/_Game/Editor/SceneFactory.cs:86)
Escape.EditorTools.BuildAll:Run () (at Assets/_Game/Editor/BuildAll.cs:35)
Escape.EditorTools.CiChecks:VerifyDeterministicGeneration () (at Assets/_Game/Editor/CiChecks.cs:40)

(Filename: Assets/_Game/Editor/SceneYamlNormalizer.cs Line: 159)

[SceneYamlNormalizer] Normalized ServiceEntrance.unity (319 objects)
UnityEngine.Debug:ExtractStackTraceNoAlloc (byte*,int,string)
UnityEngine.StackTraceUtility:ExtractStackTrace () (at /Users/bokken/build/output/unity/unity/Runtime/Export/Scripting/StackTrace.cs:23)
UnityEngine.DebugLogHandler:Internal_Log (UnityEngine.LogType,UnityEngine.LogOption,string,UnityEngine.Object)
UnityEngine.DebugLogHandler:LogFormat (UnityEngine.LogType,UnityEngine.Object,string,object[])
UnityEngine.Logger:Log (UnityEngine.LogType,object)
UnityEngine.Debug:Log (object)
Escape.EditorTools.SceneYamlNormalizer:NormalizeFile (string) (at Assets/_Game/Editor/SceneYamlNormalizer.cs:159)
Escape.EditorTools.SceneYamlNormalizer:NormalizeDirectory (string,string) (at Assets/_Game/Editor/SceneYamlNormalizer.cs:54)
Escape.EditorTools.SceneFactory:BuildAll () (at Assets/_Game/Editor/SceneFactory.cs:86)
Escape.EditorTools.BuildAll:Run () (at Assets/_Game/Editor/BuildAll.cs:35)
Escape.EditorTools.CiChecks:VerifyDeterministicGeneration () (at Assets/_Game/Editor/CiChecks.cs:40)

(Filename: Assets/_Game/Editor/SceneYamlNormalizer.cs Line: 159)

[SceneFactory] Scenes built.
UnityEngine.Debug:ExtractStackTraceNoAlloc (byte*,int,string)
UnityEngine.StackTraceUtility:ExtractStackTrace () (at /Users/bokken/build/output/unity/unity/Runtime/Export/Scripting/StackTrace.cs:23)
UnityEngine.DebugLogHandler:Internal_Log (UnityEngine.LogType,UnityEngine.LogOption,string,UnityEngine.Object)
UnityEngine.DebugLogHandler:LogFormat (UnityEngine.LogType,UnityEngine.Object,string,object[])
UnityEngine.Logger:Log (UnityEngine.LogType,object)
UnityEngine.Debug:Log (object)
Escape.EditorTools.SceneFactory:BuildAll () (at Assets/_Game/Editor/SceneFactory.cs:87)
Escape.EditorTools.BuildAll:Run () (at Assets/_Game/Editor/BuildAll.cs:35)
Escape.EditorTools.CiChecks:VerifyDeterministicGeneration () (at Assets/_Game/Editor/CiChecks.cs:40)

(Filename: Assets/_Game/Editor/SceneFactory.cs Line: 87)

Importing 'GUID: 1af0bb51547d44d03b169e2d691217b6 - Path: Assets/_Game/Resources/Definitions/WorldManifest.asset' with importer (NativeFormatImporter)
Imported 'GUID: 1af0bb51547d44d03b169e2d691217b6' -> (Import Result ID: '5690e0d776d78ba9e224da7810175879') in 0.001 seconds [static dependencies only]. Details - ImportResultOutputID=56aa01e87d457d02109f4037e0e05ca5 DependenciesID=b179959fe5aa793c581b9b4ebd4a4787 StaticDependenciesID=33833934e79995810048d601a9107b5d 
Asset Pipeline Refresh (id=a8aee6d16b231477d9278247b5bad89d): Total: 0.013 seconds - Initiated by StopAssetImportingV2(NoUpdateAssetOptions)
[WorldManifestBuilder] 33 ids (2 doors, 6 cameras, 9 lures, 16 terminal commands).
UnityEngine.Debug:ExtractStackTraceNoAlloc (byte*,int,string)
UnityEngine.StackTraceUtility:ExtractStackTrace () (at /Users/bokken/build/output/unity/unity/Runtime/Export/Scripting/StackTrace.cs:23)
UnityEngine.DebugLogHandler:Internal_Log (UnityEngine.LogType,UnityEngine.LogOption,string,UnityEngine.Object)
UnityEngine.DebugLogHandler:LogFormat (UnityEngine.LogType,UnityEngine.Object,string,object[])
UnityEngine.Logger:Log (UnityEngine.LogType,object)
UnityEngine.Debug:Log (object)
Escape.EditorTools.WorldManifestBuilder:Build () (at Assets/_Game/Editor/WorldManifestBuilder.cs:50)
Escape.EditorTools.BuildAll:Run () (at Assets/_Game/Editor/BuildAll.cs:36)
Escape.EditorTools.CiChecks:VerifyDeterministicGeneration () (at Assets/_Game/Editor/CiChecks.cs:40)

(Filename: Assets/_Game/Editor/WorldManifestBuilder.cs Line: 50)

Importing 'GUID: 60dadeb235d184796aed51252dcec4f6 - Path: Assets/_Game/Art/Materials/MAT_Wood_Planks.mat' with importer (NativeFormatImporter)
Imported 'GUID: 60dadeb235d184796aed51252dcec4f6' -> (Import Result ID: 'cab151ddd6c401856b91bd1bf3a64808') in 0.001 seconds [static dependencies only]. Details - ImportResultOutputID=106eea8ba02f02e1d9a05a24b7ca7402 DependenciesID=3677565c822c700e6a886fcba2295a21 StaticDependenciesID=0c1de1dbd5658a37072a1f1a728bfbbc 
Importing 'GUID: d1c9b237c41424317bbd0dbc690ed26c - Path: Assets/_Game/Art/Materials/MAT_Rust.mat' with importer (NativeFormatImporter)
Imported 'GUID: d1c9b237c41424317bbd0dbc690ed26c' -> (Import Result ID: 'd0d2b30bdb4f709699de888825afe3b0') in 0.000 seconds [static dependencies only]. Details - ImportResultOutputID=8630ae8e9e7b02f74ced4ca1e9892b4c DependenciesID=74e5c378bd10c59120d02e1e664c66a7 StaticDependenciesID=f033f1006af6ffdb28268fbe7e7853a1 
Importing 'GUID: b326e9f35960f4918a290b7ecae65d13 - Path: Assets/_Game/Art/Materials/MAT_Fence.mat' with importer (NativeFormatImporter)
Imported 'GUID: b326e9f35960f4918a290b7ecae65d13' -> (Import Result ID: '9ae6d167522e3c73ad50b4e543161f46') in 0.000 seconds [static dependencies only]. Details - ImportResultOutputID=956fb78b8b337537d96217eff908a9cc DependenciesID=95716c2edb099b6538e539f75830aaf8 StaticDependenciesID=5845c21af74d503ba2f3e4551eee19ed 
Importing 'GUID: 040f67dd93d6d40ad874c26b27b1e910 - Path: Assets/_Game/Art/Materials/MAT_Metal_Pipe.mat' with importer (NativeFormatImporter)
Imported 'GUID: 040f67dd93d6d40ad874c26b27b1e910' -> (Import Result ID: '0c40739e5941c23655c41eefc2877064') in 0.000 seconds [static dependencies only]. Details - ImportResultOutputID=d17c134f18cfcf174db19f199cb31c1c DependenciesID=c0eec0b124ba9143e37c93cb1a318dcb StaticDependenciesID=6d60e80ab11c8b590b64dc228dfbd7c9 
Importing 'GUID: e4e58a70eb624466189830381b7abd90 - Path: Assets/_Game/Art/Materials/MAT_Wood.mat' with importer (NativeFormatImporter)
Imported 'GUID: e4e58a70eb624466189830381b7abd90' -> (Import Result ID: '2e34e7eef1a1c23da784ec3a06a6c515') in 0.000 seconds [static dependencies only]. Details - ImportResultOutputID=3db2538c5f71caac675f25e8dca412bb DependenciesID=dce73fafc411f77f81919ac310f3a888 StaticDependenciesID=4e46cc9cd40cdf7cbb98fe6184b019d8 
Importing 'GUID: b54b8d7153289466aa3dcdd3ec8b6cfb - Path: Assets/_Game/Art/Materials/MAT_Locker.mat' with importer (NativeFormatImporter)
Imported 'GUID: b54b8d7153289466aa3dcdd3ec8b6cfb' -> (Import Result ID: '62a3369f2e8576f7979a7f7fb10ebf85') in 0.000 seconds [static dependencies only]. Details - ImportResultOutputID=7e61bb489808a652a328ca625cc591e1 DependenciesID=92398dfc1e8ba93b22fcb94acf80e577 StaticDependenciesID=bc831641c6618939f7c2c69fdf372534 
Importing 'GUID: 779fe50f4acf74e6cb88ec672a688e19 - Path: Assets/_Game/Art/Materials/MAT_DeskTop.mat' with importer (NativeFormatImporter)
Imported 'GUID: 779fe50f4acf74e6cb88ec672a688e19' -> (Import Result ID: 'cfa060e08433d92e2c4c799e0b2ea557') in 0.000 seconds [static dependencies only]. Details - ImportResultOutputID=57737abc33483fe362795c763be1ee2d DependenciesID=cbeba06d88eb642f39646c1fa1dd9268 StaticDependenciesID=2edf6adb1d8268900ab2e82852dd1de2 
Importing 'GUID: 5812d8b21836e43ceaa3b794536d8e58 - Path: Assets/_Game/Art/Materials/MAT_Concrete.mat' with importer (NativeFormatImporter)
Imported 'GUID: 5812d8b21836e43ceaa3b794536d8e58' -> (Import Result ID: '2c1757c60bb145c36a155b610869bf61') in 0.000 seconds [static dependencies only]. Details - ImportResultOutputID=3b820bd416fb71859dda877be56e3452 DependenciesID=94b33ff365688856a41119b754841cca StaticDependenciesID=d8b26c5f43d27e1c1f9724bfdb8ed084 
Importing 'GUID: b80f76996ce1b4fe0940cc6f8114b2b3 - Path: Assets/_Game/Art/Materials/MAT_Metal_Dark.mat' with importer (NativeFormatImporter)
Imported 'GUID: b80f76996ce1b4fe0940cc6f8114b2b3' -> (Import Result ID: 'f64346f133f886e6cfb893730daaf025') in 0.000 seconds [static dependencies only]. Details - ImportResultOutputID=47ed71f22848bf2c56528eb07b27823b DependenciesID=1ae6a5dce9c1899fe43d2e77f73b45a7 StaticDependenciesID=fd4d1b69b327bc854e836b2355a6c20b 
Importing 'GUID: 6a5647bf2b51040ccb02399a783f697d - Path: Assets/_Game/Art/Materials/MAT_Crate.mat' with importer (NativeFormatImporter)
Imported 'GUID: 6a5647bf2b51040ccb02399a783f697d' -> (Import Result ID: '2c024051ef9845b502dccde8c72e37c4') in 0.001 seconds [static dependencies only]. Details - ImportResultOutputID=7ec050da2e634cbf76944436134b65c6 DependenciesID=1a5d5ff66f1324fedd5b42ecf8ea0e23 StaticDependenciesID=ab0e1e160ea53a00b6917fa6db104df3 
Importing 'GUID: 5b260d69381a64e408aa7827fed96730 - Path: Assets/_Game/Art/Materials/MAT_Paving.mat' with importer (NativeFormatImporter)
Imported 'GUID: 5b260d69381a64e408aa7827fed96730' -> (Import Result ID: 'b7868cffd7304ab4af9745cbd19dded9') in 0.000 seconds [static dependencies only]. Details - ImportResultOutputID=5b9029e70eba666161cc356c1b3dc2b9 DependenciesID=5e14be42e0dcf73f99f4eca9d5f95b0e StaticDependenciesID=3c7c5a0508b48286caf895579fe2c6cb 
Importing 'GUID: 8bb466e4f1d3d4f1a9d2f060cc6797b9 - Path: Assets/_Game/Art/Materials/MAT_Carpet_Rug.mat' with importer (NativeFormatImporter)
Imported 'GUID: 8bb466e4f1d3d4f1a9d2f060cc6797b9' -> (Import Result ID: '0f258dd6ecd176671f3729d063a990b1') in 0.001 seconds [static dependencies only]. Details - ImportResultOutputID=fd7d0541c237448d6506bfdaace42bea DependenciesID=7924a9b10789c7ab52c869079548341c StaticDependenciesID=012e2a85a06d2777376e1f0d459e5f1c 
Importing 'GUID: 5c593f1fb418849a7b9f66632327d7dd - Path: Assets/_Game/Art/Materials/MAT_Concrete_Dark.mat' with importer (NativeFormatImporter)
Imported 'GUID: 5c593f1fb418849a7b9f66632327d7dd' -> (Import Result ID: '80a61eb8983aa1c81260b9ffc4ce9da6') in 0.000 seconds [static dependencies only]. Details - ImportResultOutputID=455d09343151e012796606b09b41a422 DependenciesID=b302ede0219b611b58ad6d68c8168d8a StaticDependenciesID=d48ced60f65884b6ef0dd647ad28e827 
Importing 'GUID: fd41285f05b7549fd953ba793d496d44 - Path: Assets/_Game/Art/Materials/MAT_Metal_Grate.mat' with importer (NativeFormatImporter)
Imported 'GUID: fd41285f05b7549fd953ba793d496d44' -> (Import Result ID: '5147c7092807381f58072d3b715ebed7') in 0.000 seconds [static dependencies only]. Details - ImportResultOutputID=ece6f0490170d5b990af0cda02ef7fc2 DependenciesID=99ed192337e63d2808d780c693aa3327 StaticDependenciesID=e0feacfec7f681661c951939737af636 
Importing 'GUID: 4e4462488667a4e68859e886660b575a - Path: Assets/_Game/Art/Materials/MAT_Carpet.mat' with importer (NativeFormatImporter)
Imported 'GUID: 4e4462488667a4e68859e886660b575a' -> (Import Result ID: '608be15488f49fecd61cac594d2a4361') in 0.000 seconds [static dependencies only]. Details - ImportResultOutputID=135b618ab5c174ecf2d42bd858652748 DependenciesID=ad6a8e3a8e32e3d55aeabd8c4691461c StaticDependenciesID=e88d19e2439d2ddb151eaf162bd44034 
Asset Pipeline Refresh (id=ba58052ae24074c9489089d787fd80ab): Total: 0.022 seconds - Initiated by StopAssetImportingV2(NoUpdateAssetOptions)
[MaterialLibrary] PBR textures applied.
UnityEngine.Debug:ExtractStackTraceNoAlloc (byte*,int,string)
UnityEngine.StackTraceUtility:ExtractStackTrace () (at /Users/bokken/build/output/unity/unity/Runtime/Export/Scripting/StackTrace.cs:23)
UnityEngine.DebugLogHandler:Internal_Log (UnityEngine.LogType,UnityEngine.LogOption,string,UnityEngine.Object)
UnityEngine.DebugLogHandler:LogFormat (UnityEngine.LogType,UnityEngine.Object,string,object[])
UnityEngine.Logger:Log (UnityEngine.LogType,object)
UnityEngine.Debug:Log (object)
Escape.EditorTools.MaterialLibrary:ApplyAll () (at Assets/_Game/Editor/MaterialLibrary.cs:42)
Escape.EditorTools.BuildAll:Run () (at Assets/_Game/Editor/BuildAll.cs:37)
Escape.EditorTools.CiChecks:VerifyDeterministicGeneration () (at Assets/_Game/Editor/CiChecks.cs:40)

(Filename: Assets/_Game/Editor/MaterialLibrary.cs Line: 42)

Importing 'GUID: 10fc4df2da32a41aaa32d77bc913491c - Path: Assets/Settings/SampleSceneProfile.asset' with importer (NativeFormatImporter)
Imported 'GUID: 10fc4df2da32a41aaa32d77bc913491c' -> (Import Result ID: 'a2a85b6c98b57f6233db9b68dc948fb3') in 0.001 seconds [static dependencies only]. Details - ImportResultOutputID=babd9079f4b8a847527f29c21aa16da7 DependenciesID=371dc0294e7b319e65da16b694a32ac7 StaticDependenciesID=0eb1e20198f558eae5699ca5318f96ef 
Importing 'GUID: ab09877e2e707104187f6f83e2f62510 - Path: Assets/Settings/DefaultVolumeProfile.asset' with importer (NativeFormatImporter)
Imported 'GUID: ab09877e2e707104187f6f83e2f62510' -> (Import Result ID: '5051db06a5bfbc34e81f8df05331d4e4') in 0.001 seconds [static dependencies only]. Details - ImportResultOutputID=95ddd45e397c958331e78c27f61bae0a DependenciesID=6c7065108b67ebb235aa265777d4c289 StaticDependenciesID=50718ec01bf9d660c0ea781b1005216d 
Asset Pipeline Refresh (id=fa0eefd75c4534cb6a6323d8e1329e68): Total: 0.012 seconds - Initiated by StopAssetImportingV2(NoUpdateAssetOptions)
Importing 'GUID: 10fc4df2da32a41aaa32d77bc913491c - Path: Assets/Settings/SampleSceneProfile.asset' with importer (NativeFormatImporter)
Imported 'GUID: 10fc4df2da32a41aaa32d77bc913491c' -> (Import Result ID: 'a2a85b6c98b57f6233db9b68dc948fb3') in 0.001 seconds [static dependencies only]. Details - ImportResultOutputID=babd9079f4b8a847527f29c21aa16da7 DependenciesID=371dc0294e7b319e65da16b694a32ac7 StaticDependenciesID=0eb1e20198f558eae5699ca5318f96ef 
Asset Pipeline Refresh (id=391f2d2128e2b48618854667dbdd1545): Total: 0.011 seconds - Initiated by StopAssetImportingV2(NoUpdateAssetOptions)
[VolumeProfileBuilder] Volume profile authored.
UnityEngine.Debug:ExtractStackTraceNoAlloc (byte*,int,string)
UnityEngine.StackTraceUtility:ExtractStackTrace () (at /Users/bokken/build/output/unity/unity/Runtime/Export/Scripting/StackTrace.cs:23)
UnityEngine.DebugLogHandler:Internal_Log (UnityEngine.LogType,UnityEngine.LogOption,string,UnityEngine.Object)
UnityEngine.DebugLogHandler:LogFormat (UnityEngine.LogType,UnityEngine.Object,string,object[])
UnityEngine.Logger:Log (UnityEngine.LogType,object)
UnityEngine.Debug:Log (object)
Escape.EditorTools.VolumeProfileBuilder:Author () (at Assets/_Game/Editor/VolumeProfileBuilder.cs:103)
Escape.EditorTools.BuildAll:Run () (at Assets/_Game/Editor/BuildAll.cs:38)
Escape.EditorTools.CiChecks:VerifyDeterministicGeneration () (at Assets/_Game/Editor/CiChecks.cs:40)

(Filename: Assets/_Game/Editor/VolumeProfileBuilder.cs Line: 103)

[BuildAll] Done. Open Bootstrap and press Play.
UnityEngine.Debug:ExtractStackTraceNoAlloc (byte*,int,string)
UnityEngine.StackTraceUtility:ExtractStackTrace () (at /Users/bokken/build/output/unity/unity/Runtime/Export/Scripting/StackTrace.cs:23)
UnityEngine.DebugLogHandler:Internal_Log (UnityEngine.LogType,UnityEngine.LogOption,string,UnityEngine.Object)
UnityEngine.DebugLogHandler:LogFormat (UnityEngine.LogType,UnityEngine.Object,string,object[])
UnityEngine.Logger:Log (UnityEngine.LogType,object)
UnityEngine.Debug:Log (object)
Escape.EditorTools.BuildAll:Run () (at Assets/_Game/Editor/BuildAll.cs:39)
Escape.EditorTools.CiChecks:VerifyDeterministicGeneration () (at Assets/_Game/Editor/CiChecks.cs:40)

(Filename: Assets/_Game/Editor/BuildAll.cs Line: 39)

[CiChecks] Deterministic generation verified (26 files).
UnityEngine.Debug:ExtractStackTraceNoAlloc (byte*,int,string)
UnityEngine.StackTraceUtility:ExtractStackTrace () (at /Users/bokken/build/output/unity/unity/Runtime/Export/Scripting/StackTrace.cs:23)
UnityEngine.DebugLogHandler:Internal_Log (UnityEngine.LogType,UnityEngine.LogOption,string,UnityEngine.Object)
UnityEngine.DebugLogHandler:LogFormat (UnityEngine.LogType,UnityEngine.Object,string,object[])
UnityEngine.Logger:Log (UnityEngine.LogType,object)
UnityEngine.Debug:Log (object)
Escape.EditorTools.CiChecks:VerifyDeterministicGeneration () (at Assets/_Game/Editor/CiChecks.cs:48)

(Filename: Assets/_Game/Editor/CiChecks.cs Line: 48)

Thread 0x419317000 may have been prematurely finalized
Batchmode quit successfully invoked - shutting down!
Thread 0x419447000 may have been prematurely finalized
Input System module state changed to: ShutdownInProgress.
Input Polling Thread exited.
Input System module state changed to: Shutdown.
Shutting down MSBuild server...
Shutting down VB/C# compiler server...
VB/C# compiler server shut down successfully.
MSBuild server shut down successfully.
Worker ready: AssetImportWorkerHW0 0
[Physics::Module] Cleanup current backend.
[Physics::Module] Id: 0xf2b8ea05
[Licensing::IpcConnector] LicenseClient-dawsonblock-notifications channel disconnected successfully.
[Licensing::IpcConnector] LicenseClient-dawsonblock channel disconnected successfully.
Thread 0x16dd4f000 may have been prematurely finalized
Thread 0x16d863000 may have been prematurely finalized
Thread 0x16dc37000 may have been prematurely finalized
Thread 0x16dddb000 may have been prematurely finalized
Thread 0x16da07000 may have been prematurely finalized
Thread 0x16dbab000 may have been prematurely finalized
Thread 0x16db1f000 may have been prematurely finalized
Thread 0x16dcc3000 may have been prematurely finalized
Thread 0x16d97b000 may have been prematurely finalized
Thread 0x16d8ef000 may have been prematurely finalized
Thread 0x16da93000 may have been prematurely finalized
Worker process still running after shutdown timeout - Worker ID: 0, Name: AssetImportWorkerHW0
Waited for 1 workers to exit gracefully, force killed 1 workers
WorkerManagerASIO did not receive session closed signal from shut down worker (0/1 closed)
Lingering sessions upon destruction of worker manager
Unity Data Store service was successfully shut down
UDS shutting down local client system
Shut down UDS service system complete
AcceleratorClientConnectionCallback - disconnected - :0
Cleanup mono
CodeReloadManager destroyed
debugger-agent: Unable to listen on 44
Exiting batchmode successfully now!
[ExitDontLaunchBugReporter] Exiting without the bug reporter. Application will exit with return code 0
[Package Manager] Server process was shutdown
